match_id,season,date,match_week,kick_off_time,stadium,attendance,referee,weather,temperature_c,humidity_pct,match_importance,home_team,away_team,home_manager,away_manager,home_formation,away_formation,home_strategy_embedding,away_strategy_embedding,home_player_performance,away_player_performance,home_goals_ht,away_goals_ht,home_goals_ft,away_goals_ft,home_goal_timestamps,away_goal_timestamps,home_shots_total,away_shots_total,home_shots_on_target,away_shots_on_target,home_shot_accuracy_pct,away_shot_accuracy_pct,home_xg,away_xg,home_xg_diff,away_xg_diff,home_possession_pct,away_possession_pct,home_passes,away_passes,home_pass_accuracy_pct,away_pass_accuracy_pct,home_long_balls,away_long_balls,home_corners,away_corners,home_corner_goals,away_corner_goals,home_freekicks,away_freekicks,home_freekick_goals,away_freekick_goals,home_penalties_awarded,away_penalties_awarded,home_penalty_goals,away_penalty_goals,home_fouls,away_fouls,home_yellow_cards,away_yellow_cards,home_red_cards,away_red_cards,home_offsides,away_offsides,home_saves,away_saves,home_goals_conceded,away_goals_conceded,home_tackles,away_tackles,home_interceptions,away_interceptions,home_clearances,away_clearances,home_blocks,away_blocks,home_aerial_duels_won,away_aerial_duels_won,home_crosses,away_crosses,home_cross_accuracy_pct,away_cross_accuracy_pct,home_dribbles_attempted,away_dribbles_attempted,home_dribble_success_pct,away_dribble_success_pct,home_distance_covered_km,away_distance_covered_km,home_sprints,away_sprints,ht_injury_time_min,ft_injury_time_min,var_decisions,var_decisions_overturned,betting_odds_home_win,betting_odds_draw,betting_odds_away_win,result,home_points_earned,away_points_earned
59,2019-20,2019-09-18,9,12:30,Gtech Community Stadium,16521,Michael Oliver,Overcast,13.1,41,League,Brentford,Burnley,Thomas Frank,Vincent Kompany,5-4-1,4-1-4-1,attack,,good,good,2,0,4,0,36;38;40;85,none,13,7,10,2,76.9,28.6,4.49,0.1,-0.49,-0.1,,41.5,452,277,81.8,,62,22,6,9,0,0,13,9,0,0,0,0,0,0,N/A,11,1,1,0,0,3,5,2,6,0,4,26,24,15,14,10,20,12,4,9,5,-22,5,40.1,44.4,15,9,71.8,,108.5,105.4,277,252,2,4,0,0,1.97,4.3,3.84,H,3,0
1763,2023-24,2024-01-30,11,14:05,Bramall Lane,,Anthony Taylor,Clear,14.3,41,League,Sheffield United,Nottm Forest,Chris Wilder,Nuno Espirito Santo,3-4-3,4-3-2-1,defense,defense,average,bad,1,1,2,1,17;33,17,19,14,7,8,36.8,,2.49,?,-0.49,N/A,46.3,53.7,525,455,72.8,82.8,62,73,7,6,1,1,20,14,0,?,,0,1,0,7,12,2,2,0,,6,5,7,5,1,2.0,10,10,8,15,13,14,11,6,22,22,10,14,20.7,22.7,14,9,53.8,71.0,,103.8,166,282,1,3,1,0,2.55,4.21,2.7,H,3,0
887,2021-22,2021-11-13,22,15:00,Tottenham Hotspur Stadium,52393,Michael Oliver,Rainy,8.3,,Relegation 6-pointer,Tottenham,Nottm Forest,Ange Postecoglou,Nuno Espirito Santo,4-3-2-1,3-5-2,attack,defense,average,good,0,0,4,0,4;34;79;79,none,20,7,8,1,40.0,14.3,4.99,0.2,-0.99,-0.2,51.8,48.2,696,411,82.2,75.9,,28,11,3,0,0,20,,0,0,0,0,0,0,13,19,2,2,0,0,2,2,1,4,0,4,16,23,14,,29,33,5,2,6,9,17,15,35.9,19.3,20,,73.2,,108.7,106.6,234,282,4,2,2,2,2.14,5.42,2.87,H,3,0
975,2021-22,2022-01-09,34,16:30,Bramall Lane,25697,Stuart Attwell,Foggy,26.6,48,Top 4 battle,Sheffield United,Wolves,Chris Wilder,Gary O'Neil,3-4-3,4-2-3-1,defense,defense,bad,average,1,2,2,2,72;79,70;77,19,8,5,3,26.3,37.5,1.59,1.57,0.41,0.43,32.3,67.7,nan,570,72.3,81.6,56,73,2,9,1,2,16,11,1,0,1,0,,0,20,13,0,,0,0,6,3,1,3,2,2,23,11,16,9,21,16,7,9,14,6,24,7,19.5,29.3,5,9,72.6,N/A,105.1,-,246,275,2,,2,0,3.7,nan,2.18,D,1,1
543,2020-21,2021-01-06,12,14:05,Selhurst Park,23077,Simon Hooper,Cloudy,24.1,78,League,Crystal Palace,Aston Villa,Oliver Glasner,Unai Emery,4-3-2-1,4-2-3-1,defense,attack,BAD,average,0,,1,2,23,12;65,16,12,10,3,62.5,25.0,0.78,2.41,0.22,,40.1,59.9,,525,79.3,85.9,70,56,2,2,nan,,10,19,0,0,0,1,0,,19,12,4,2,0,1,1,4,1,9,2,1,13,,18,10,18,16,3,9,15,18,13,18,28.9,18.1,5,7,40.1,58.8,103.5,102.3,203,172,0,2,3,1,2.49,5.01,2.51,A,0,3
985,2021-22,2022-01-22,23,20:00,Etihad Stadium,51221,Robert Jones,Clear,2.2,59,Title race,Manchester City,Burnley,Pep Guardiola,Vincent Kompany,3-4-3,3-4-3,BALANCED,defense,good,average,2,1,3,1,31;69;81,78+1,17,10,9,2,52.9,20.0,3.37,0.89,-0.37,0.11,66.6,33.4,582,589,94.8,75.8,40,70,8,3,1,0,21,9,0,0,1,0,1,0,19,7,2,3,0,1,5,0,1,6,1,3,17,24,6,18,31,16,6,3,5,12,10,12,43.7,31.6,5,7,,64.3,106.3,107.5,221,256,1,2,1,0,1.85,5.21,3.74,H,3,0
796,2021-22,2021-09-03,9,17:30,St. James' Park,39335,Thomas Bramall,Sunny,0.9,56,League,Newcastle,Brighton,Eddie Howe,Roberto De Zerbi,3-5-2,4-2-3-1,defense,balanced,average,good,1,0,3,1,6+5;70;86,19,10,17,5,1,N/A,5.9,2.78,1.01,0.22,-0.01,43.9,56.1,305,375,89.0,85.9,39,57,11,2,2,1,9,9,1,0,0,0,0,0,11,15,1,2,0,0,1,0,0,2,1,3,13,15,10,18,13,15,5,4,16,7,17,,-,36.0,6,17,56.3,68.6,108.0,101.4,215,290,4,2,1,0,2.8,3.16,3.06,H,3,0
1550,2023-24,2023-08-28,31,19:45,Gtech Community Stadium,15158,Thomas Bramall,,17.0,43,League,Brentford,Luton Town,Thomas Frank,Rob Edwards,4-3-2-1,4-4-2,attack,defense,bad,bad,0,0,2,0,30;64,none,13,14,10,8,,57.1,1.77,0.48,0.23,-0.48,59.6,40.4,402,466,82.8,79.5,25,65,N/A,3,1,0,22,20,1,0,1,0,1,0,12,9,1,3,0,0,0,2,8,8,0,2,27,21,8,12,31,15,6,,16,22,5,16,24.0,N/A,20,13,74.1,67.6,109.8,105.5,154,214,2,2,0,0,2.24,3.25,4.05,H,3,0
1431,2022-23,2023-02-27,38,17:30,Bramall Lane,29638,Michael Oliver,Sunny,19.4,48,League,Sheffield United,Luton Town,Chris Wilder,Rob Edwards,4_2_3_1,4-3-3,defense,defense,average,good,3,0,3,1,18;29;89,,12,8,8,3,66.7,null,3.23,0.6,-0.23,0.4,52.8,47.2,608,566,70.6,76.3,,65,4,2,2,1,8,8,0,1,1,0,0,0,17,12,1,3,0,0,3,0,2,5,1,3,11,23,20,-10,27,38,,,7,9,17,18,27.4,30.5,9,14,41.8,,106.2,103.9,,,2,3,2,0,2.32,4.76,2.79,H,3,0
387,2020-21,2020-09-17,9,15:00,London Stadium,60344,Chris Kavanagh,Overcast,6.2,86,Top 4 battle,West Ham,Everton,David Moyes,Sean Dyche,4_4_2,4-2-3-1,def,defense,bad,good,0,1,1,1,74,46,17,12,7,6,41.2,50.0,1.39,,-0.39,,54.6,45.4,340,352,,74.4,46,56,6,6,1,1,17,5,,0,0,0,0,0,16,18,2,4,0,0,6,4,5,,1,1,11,nan,12,12,12,28,6,9,12,5,5,17,23.6,17.8,,4,50.6,54.0,109.6,,205,190,3,5,2,2,2.1,6.44,2.72,D,1,1
918,2021-22,2021-12-03,31,16:30,City Ground,27643,Anthony Taylor,Sunny,16.8,57,Top 4 battle,Nottm Forest,Luton Town,Nuno Espirito Santo,Rob Edwards,4-2-3-1,3-5-2,defense,defense,average,,0,3,1,4,23,,8,12,2,4,,33.3,1.01,3.93,-0.01,0.07,62.1,?,352,395,79.8,72.3,24,74,10,9,1,0,14,7,0,0,0,0,0,,16,17,1,0,0,1,5,3,0,1,4,1,11,26,16,7,17,19,9,4,14,5,21,17,27.1,18.2,16,4,71.2,54.2,107.8,106.9,247,167,2,1,2,1,2.77,3.92,2.6,A,0,3
1702,2023-24,2023-12-16,14,15:00,Molineux Stadium,29406,Simon Hooper,Light Rain,7.3,67,Derby,Wolves,Arsenal,Gary O'Neil,Mikel Arteta,4-3-2-1,4-3-3,defense,attack,average,bad,0,1,3,2,9;31;77,,13,16,10,5,76.9,31.2,4.05,1.65,-1.05,0.35,38.7,61.3,302,647,-,87.7,75,63,5,9,2,0,20,17,0,0,1,1,1,1,11,14,0,0,0,0,N/A,5,3,7,2,3,12,16,18,16,34,20,6,2,20,5,7,5,21.6,23.8,19,11,52.7,45.7,114.0,109.1,278,281,2,,0,0,3.71,,2.24,H,3,0
1228,2022-23,2022-10-05,9,12:30,Old Trafford,,John Brooks,Windy,31.9,60,League,Manchester United,Wolves,Erik ten Hag,Gary O'Neil,4-3-2-1,4-3-3,balanced,defense,bad,,1,1,,1,16;43;54+3;76,44,19,7,10,6,52.6,85.7,5.19,1.08,?,-0.08,49.1,50.9,586,313,88.5,76.4,42,45,11,5,2,0,19,17,0,0,0,0,0,0,12,7,2,2,0,0,6,5,5,6,1,4,21,18,14,15,20,26,11,5,7,16,22,,28.7,42.0,19,10,69.1,52.0,103.5,106.6,205,280,3,2,0,0,2.74,3.86,2.66,H,,0
722,2020-21,2021-05-14,2,17:30,Tottenham Hotspur Stadium,55025,Michael Oliver,Windy,-0.0,76,League,Tottenham,Nottm Forest,,Nuno Espirito Santo,5-4-1,4-3-3,,defense,bad,bad,0,0,2,1,56;82+5,28,14,9,9,8,64.3,88.9,2.09,1.0,-0.09,0.0,57.8,42.2,614,537,82.2,76.9,66,49,3,7,2,0,20,13,0,0,1,0,0,0,11,6,2,2,0,0,4,0,7,7,,2,13,28,6,,40,12,6,10,7,15,17,12,37.2,18.2,15,13,69.0,51.9,110.1,109.4,224,,1,2,1,0,1.92,4.53,3.86,H,3,0
989,2021-22,2022-01-22,7,14:05,Goodison Park,37144,Andy Madley,Clear,7.7,63,League,Everton,Chelsea,Sean Dyche,Mauricio Pochettino,4-4-2,4-3-2-1,defense,balanced,good,average,1,2,2,2,67;72,21;87,,16,3,3,21.4,18.8,1.38,2.91,0.62,-0.91,44.0,56.0,538,324,81.7,86.8,47,49,4,7,1,2,13,18,0,0,0,0,0,0,14,20,0,0,0,0,1,2,1,1,2,2,21,26,18,,18,17,5,2,5,12,24,20,18.5,,13,18,56.9,48.7,107.9,103.2,204,271,1,4,2,0,2.73,5.75,2.17,D,1,1
50,2019-20,2019-09-13,36,14:05,Gtech Community Stadium,17038,Jarred Gillett,Windy,5.0,40,League,Brentford,Bournemouth,,Andoni Iraola,4-1-4-1,4-4-2,attack,attack,poor,good,3,3,3,3,36;46;70+3,25;47;78,18,17,4,4,22.2,23.5,3.28,3.08,-0.28,-0.08,58.7,41.3,,565,82.7,78.8,74,51,7,5,2,2,12,16,1,1,0,0,0,0,7,10,1,1,0,0,1,5,1,1,3,3,17,21,18,9,14,21,5,2,16,15,10,6,38.7,31.8,14,16,44.7,65.9,106.9,112.8,214,171,2,0,2,1,2.39,4.32,2.85,D,1,1
1510,2022-23,2023-04-27,36,16:30,Turf Moor,17338,Paul Tierney,Cloudy,22.3,83,Relegation 6-pointer,Burnley,Aston Villa,Vincent Kompany,Unai Emery,4-3-3,4-2-3-1,defense,attack,good,bad,1,2,2,,3;32,21+3;26;70,17,,5,3,29.4,50.0,-,3.4,0.65,N/A,36.0,64.0,323,,75.4,87.9,27,36,7,2,1,2,18,16,0,0,1,1,1,1,13,11,2,2,0,0,1,1,0,3,3,2,10,23,16,12,21,25,2,10,12,19,15,21,17.4,36.2,9,4,62.7,50.1,107.1,104.3,,N/A,,3,1,1,3.37,2.97,2.73,A,0,3
1616,2023-24,2023-10-15,34,15:00,Emirates Stadium,47378,Simon Hooper,Rainy,11.2,62,League,Arsenal,West Ham,Mikel Arteta,David Moyes,4-3-2-1,4-3-2-1,attack,,good,good,1,0,3,0,1;42;48,none,15,10,5,5,33.3,50.0,3.59,0.1,-0.59,-0.1,54.1,45.9,371,,86.2,83.9,26,60,3,4,0,0,8,7,2,0,1,0,N/A,0,15,17,1,0,0,0,4,5,5,2,0,3,12,26,7,8,19,15,5,8,15,20,13,21,38.8x,34.7,13,8,63.7,67.1,106.6,111.5,221,146,4,4,3,0,2.73,3.78,2.71,H,3,0
1008,2021-22,2022-02-05,25,17:30,Craven Cottage,nan,David Coote,,12.0,57,League,Fulham,Brentford,Marco Silva,Thomas Frank,4-4-2,4-3-2-1,balanced,attack,average,avg,0,1,2,1,51;56,57,13,10,10,6,76.9,60.0,2.08,0.89,-0.08,0.11,42.3,57.7,641,336,85.9,82.2,43,52,4,6,2,,,19,0,0,0,0,0,,8,11,2,1,0,0,0,4,5,8,1,nan,20,12,10,16,13,34,12,8,15,12,7,8,19.0,25.4,5,12,48.0,57.8,101.8,107.7,236,165,3,3,3,1,2.86,4.49,2.34,H,3,0
1183,2022-23,2022-08-31,23,17:30,Amex Stadium,27428,Chris Kavanagh,Foggy,11.3,42,Cup,Brighton,Arsenal,Roberto De Zerbi,Mikel Arteta,4-2-3-1,4-3-2-1,balanced,attack,,average,0,0,0,2,none,27;49,9,17,,8,100.0,47.1,0.1,1.82,-0.1,0.18,51.2,48.8,,513,79.5,83.8,76,69,5,3,0,1,6,19,0,0,0,0,0,0,14,7,0,0,0,0,4,0,6,9,2,0,23,22,,17,24,26,7,4,9,15,22,18,19.9,35.3,7,5,50.4,43.6,109.9,109.2,257,168,1,2,0,0,3.1,2.91,2.99,A,0,3
90,2019-20,2019-10-13,19,20:00,Kenilworth Road,10056x,Anthony Taylor,Rainy,12.9,70,Relegation 6-pointer,Luton Town,Liverpool,Rob Edwards,Jurgen Klopp,5-4-1,4-3-2-1,defense,attack,good,good,0,0,3,5,14;51;52,13;16;26;57+1;59,14,15,6,5,42.9,33.3,2.28,4.14,0.72,0.86,38.6,61.4,544,284,76.4,90.8,68,58,10,6,0,2,21,12,0,0,0,0,0,0,6,19,3,3,0,0,0,5,0,3,5,3,12,11,10,18,13,25,5,4,9,15,16,4,28.7,32.2,20,5,60.3,50.9,##,?,255,224,2,1,0,0,3.02,5.93,2.0,A,0,3
905,2021-22,2021-11-22,33,17:30,London Stadium,47305,David Coote,,18.1,78,League,West Ham,Luton Town,David Moyes,Rob Edwards,4-4-2,4-3-3,defense,defense,good,bad,0,1,1,1,49,42+5,14,16,6,1,42.9,6.2,,1.43,0.0,-0.43,52.1,47.9,581,550,86.4,,42,,3,3,1,1,22,,0,0,1,0,0,0,10,16,2,4,,0,0,5,0,5,1,1,22,11,9,17,,28,6,7,20,5,14,21,,30.7,13,12,51.7,40.7,,104.9,174,277,2,2,0,0,2.59,3.05,3.49,D,1,1
96,2019-20,2019-10-17,22,12:30,London Stadium,59531,John Brooks,Sunny,6.4,63x,League,West Ham,Wolves,David Moyes,Gary O'Neil,4-2-3-1,4-4-2,defense,defense,good,bad,1,,3,3,8;50+5;53,12;21;64,17,10,,3,52.9,30.0,3.2,3.46,?,-0.46,56.8,43.2,652,514,82.1,82.2,36,34,10,9,1,2,9,7,0,0,0,0,0,0,9,12,2,4,0,0,5,5,0,6,3,3,13,11,13,6,?,20,9,-3,17,19,21,8,34.1,25.3,5,,64.5,42.2,101.2,109.7,172,290,2,1,1,0,2.13,5.48,2.87,D,1,1
1245,2022-23,2022-10-18,33,14:05,Goodison Park,,Michael Oliver,Foggy,10.8,47,Cup,Everton,Manchester United,Sean Dyche,Erik ten Hag,4-1-4-1,3-4-3,defense,balanced,good,,2,0,2,1,70;73,37+3,20,15,4,1,20.0,6.7,1.53,0.78,0.47,0.22,38.7,61.3,421,413,83.8,null,45,22,10,3,0,1,9,17,1,0,0,0,0,0,8,20,1,1,1,0,1,1,0,2,1,2,21,22,16,12,15,12,3,,13,8,10,16,26.9,35.5,16,16,69.2,68.7,109.4,109.6,256,197,3,3,,1,null,3.51,2.59,H,3,
209,2019-20,2020-01-01,8,17:30,Etihad Stadium,42633,Robert Jones,Light Rain,,66,League,Manchester City,Everton,Pep Guardiola,Sean Dyche,4-4-2,3-5-2,balanced,defense,good,average,3,0,4,0,nan,none,12,14,,,75.0,7.1,5.16,0.1,-1.16,-0.1,61.4,38.6,526,637,87.6,80.5,51,37,9,9,0,0,,13,0,0,0,0,0,0,15,N/A,4,2,0,0,2,4,1,5,0,4,15,10,6,12,25,18,7,10,14,7,17,10,36.3,28.8,20,4,63.6,68.8,113.8,113.1,248,266,5,3,2,,1.83,6.14,3.45,H,,0
1923,2021-22,2021-12-15,21,19:45,City Ground,23297,Robert Jones,Rainy,nan,76,Relegation 6-pointer,Nottm Forest,Bournemouth,Nuno Espirito Santo,Andoni Iraola,5-4-1,4-3-3,defense,attack,good,good,0,1,4,3,8;50;55;64,3+2;3;25,9,16,6,7,66.7,43.8,4.37,2.47,-0.37,0.53,47.7,52.3x,643,527,82.3,76.6,66,32,11,2,1,1,18,19,0,1,1,0,1,0,9,6,3,3,0,0,,2,4,2,3,4,27,28,12,7,38,17,8,7,12,16,7,7,35.5,29.4,19,nan,49.7,67.2,112.4,108.6,177,151,3,5,2,1,2.73,3.68,2.76,H,3,0
950,2021-22,2021-12-24,33,12:30,Gtech Community Stadium,17191,Michael Oliver,Cloudy,23.5,61,League,Brentford,Nottm Forest,,Nuno Espirito Santo,,5-4-1,attack,defense,good,average,2,0,3,0,42;55;76,none,20,15,3,1,15.0,6.7,3.34,0.36,-0.34,N/A,,45.6x,474,,,81.7,50,69,3,7,0,0,7,9,0.0,0,0,0,0,0,13,19,2,1,0,0,2,1,1,0,0,3,18,12,17,7,31,8,11,3,25,7,16,16,44.9,36.0,20,17,70.8,49.9,107.0,106.3,240,207,0,3,3,0,2.34,5.26,2.62,H,3,0
1791,2023-24,2024-02-17,1,16:30,Amex Stadium,29521,John Brooks,Windy,11.1,63,Title race,Brighton,Aston Villa,Roberto De Zerbi,Unai Emery,4-2-3-1,3-4-3,balanced,attack,bad,bad,0,1,1,,86,39,10,16,4,8,40.0,50.0,1.57,0.72,,,49.3,50.7,432,454,83.2,84.9,49,56,4,5,0,0,19,19,,0,0,0,0,0,14,18,2,1,0,0,0,0,7,3,1,1,23,20,20,17,30,33,2,7,-24,22,11,21,15.2,28.3,15,4,42.5,49.8,103.6,108.3,228,283,0,2,2,1,3.04,3.32,2.7,D,1,1
1403,2022-23,2023-02-09,22,17:30,Old Trafford,68931,,Foggy,13.3,79,League,Manchester United,Crystal Palace,Erik ten Hag,Oliver Glasner,3-4-3,,balanced,defense,,bad,2,0,4,1,36;36;47;68+2,83,20,8,3,4,15.0,50.0,3.6,0.89,0.4,0.11,48.5,51.5,604,286,81.6,75.4,29,51,5,3,0,1,11,7,1,0,1,0,1,0,6,19,0,3,0,0,3,1,3,0,1,4,25,18,12,11,29,21,5,4,21,13,11,10,40.0,22.6,18,10,68.5,54.0,113.7,110.1,233,174,3,3,3,0,1.97,9.29,2.6,H,3,0
2049,2021-22,2021-12-26,22,16:30,Anfield,54551,Simon Hooper,Light Rain,5.7,,Relegation 6-pointer,Liverpool,Burnley,Jurgen Klopp,Vincent Kompany,4-3-2-1,4-4-2,attack,defense,bad,bad,1,1,3,1,64;78;89,69,12,14,2,5,16.7,35.7,3.82,0.74,-0.82,0.26,63.6,36.4,316,517,84.5,73.8,40,35,2,3,1,1,6,9,0,0,2,0,1,0,10,6,1,3,0,0,1,4,4,0,1,3,15,18,12,18,,12,11,6,15,11,N/A,,44.1,20.7x,19,11,73.4,,113.6,108.7,183,174,2,1,1,1,2.17,3.1,4.62,H,,0
231,2019-20,2020-01-17,36,12:30,Etihad Stadium,52267,Chris Kavanagh,Windy,22.8,,League,Manchester City,Chelsea,Pep Guardiola,Mauricio Pochettino,3-4-3,3-5-2,balanced,balanced,average,good,,1,2,2,56;61,9;70,,13,10,3,76.9,23.1,2.28,2.62,-0.28,-0.62,53.8%,46.2,514,254,87.4,83.1,71,57,5,6,2,0,12,16,0,0,0,0,0,0,15,19,3,0,0,0,4,4,1,8,2,2,16,11,13,15,13,10,3,7,12,22,19,13,20.9,32.7,11,13,68.2,55.2,109.8,103.2,282,230,2,5,2,0,2.4,3.86,3.09,D,,1
540,2020-21,2021-01-03,37,12:30,Bramall Lane,25025,Paul Tierney,Light Rain,22.8,71,Cup,Sheffield United,Brighton,Chris Wilder,Roberto De Zerbi,3-5-2,4-4-2,defense,bal,bad,average,0,0,2,1,1;80,20,15,7,5,3,33.3,42.9,2.33,0.85,-0.33,0.15,32.2,67.8,423,422,75.5,82.5,67,39,-3,5,0,1,18,,0,1,1,0,1,0,7,11,2,2,0,0,4,5,2,3,1,2,17,21,8,11,38,,2,6,21,17,19,7,35.3,18.3,15,14,52.6,66.2,106.3,103.0,286,267,2,0,1,0,3.3,3.03,2.73,H,3,0
1202,2022-23,2022-09-19,28,19:45,Tottenham Hotspur Stadium,54485,Anthony Taylor,Rainy,17.7,45,Title race,Tottenham,Brighton,Ange Postecoglou,Roberto De Zerbi,,4-4-2,attack,balanced,bad,average,2,0,2,1,28;81,45,11,13,,7,54.5,53.8,1.73,1.26,0.27,-0.26,51.5,48.5,663,314,87.5,,72,36,5,,1,1,12,17,1,0,0,0,0,0,19,7,2,0,0,0,3,2,6,4,1,2,27,11,9,5,40,34,2,4,25,19,19,15,36.1,18.4,10,8,73.2,49.5,-,107.7,249,256,5,6,3,1,2.68,4.09,,H,3,0
679,2020-21,2021-04-10,4,20:00,Tottenham Hotspur Stadium,56987,Robert Jones,Overcast,12.5,40,League,Tottenham,Burnley,Ange Postecoglou,Vincent Kompany,4-3-3,4-4-2,attack,defense,bad,average,0,0,2,1,23;73,81,15,16,10,,66.7,31.2,2.37,1.06,-0.37,-0.06,71.6,28.4,471,576,82.5,78.1,64,22,9,5,2,0,14,13,1,0,0,1,0,1,20,16,2,1,0,0,4,4,4,8,1,2,16,28,16,8,30,34,4,2,24,15,18,19,21.8,19.1,16,18,67.6,45.1,110.1,108.1,224,234,2,3,2,1,2.04,3.84,4.0,H,3,0
327,2019-20,2020-03-24,27,17:30,Anfield,49807,Jarred Gillett,Windy,-1.4,79,Derby,Liverpool,Fulham,Jurgen Klopp,Marco Silva,4-1-4-1,5-4-1,attack,,good,bad,1,1,2,1,62;88,6,20,6,8,1,40.0,16.7,2.16,0.82,-0.16,0.18,54.1%,45.9,539,323,93.8,79.4,54,19,6,1,2,0,15,14,0,0,0,0,0,0,8,15,1,1,0,0,1,5,0,6,1,2,,11,19,12,40,15,10,7,14,14,17,17,43.5,33.1,14,18,47.4,50.4,107.0,107.8,188,203,1,2,3,2,2.69,2.84,3.62,H,3,0
1317,2022-23,2022-12-10,24,19:45,Tottenham Hotspur Stadium,49747,Paul Tierney,Overcast,14.4,65,League,Tottenham,Newcastle,Ange Postecoglou,Eddie Howe,4-3-3,4-3-3,attack,defense,average,average,,1,0,2,none,75;79,10,14,2,6,20.0,##,0.39,1.87,-0.39,0.13,44.1,55.9,395,378,83.4,83.1,71,47,6,,0,1,11,14,0,1,0,2,0,1,6,20,1,1,1,0,4,0,4,2,2,0,19,25,7,10,26,11,5,10,22,11,18,6,27.6,42.8,15,15,40.6,69.8,N/A,109.4,288,198,1,1,0,0,2.26,4.34,3.06,A,0,3
720,2020-21,2021-05-08,2,17:30,Old Trafford,72574,Thomas Bramall,Windy,13.5,80,League,Manchester United,Bournemouth,Erik ten Hag,Andoni Iraola,4-2-3-1,5-4-1,balanced,attack,good,bad,3,nan,3,,8;22;60,47,17,12,6,4,35.3,33.3,3.74,,-0.74,0.01,54.6,45.4,503,539,84.9,74.5,20,,8,9,2,1,18,12,1,,,0,0,0,15,7,1,1,nan,0,0,0,3,3,1,3,19,17,11,13,19,36,12,2,9,12,16,17,42.9,21.3,16,15,50.6,51.6,102.3,,155,250,2,3,1,1,2.49,4.03,2.85,H,3,0
1038,2021-22,2022-02-22,24,15:00,Emirates Stadium,53351,Paul Tierney,Windy,13.3,66,Relegation 6-pointer,Arsenal,Liverpool,Mikel Arteta,Jurgen Klopp,4-3-3,4-2-3-1,attack,attack,average,poor,2,0,2,0,11;51,none,14,6,-3,3,50.0,50.0,1.74,0.11,0.26,-0.11,48.8,51.2,497,,87.5,87.2,32,29,11,6,2,0,15,12,0,0,,0,0,0,18,20,3,0,0,0,0,-2,3,5,0,2,27,27,20,11,35,?,9,3,10,12,20,17,15.2,22.9,20,18,50.5,63.5,104.8,110.2,163,142,1,6,0,0,2.36,3.78,3.21,H,3,0
1148,2022-23,2022-08-12,25,16:30,Kenilworth Road,9020,John Brooks,Overcast,19.3,86,League,Luton Town,Burnley,Rob Edwards,Vincent Kompany,4-3-2-1,4-1-4-1,def,defense,bad,AVERAGE,1,1,3,3,,27;43;63,9,9,6.0,4,66.7,44.4,,3.31,0.69,-0.31,55.2,44.8,487,632,78.9,69.9,57,54,6,7,1,1,18,9,0,0,,1,0,1,8,10,2,0,0,0,5,4,1,3,3,3,19,24,9,16,17,27,5,3,22,22,21,19,24.3,25.9,12,7,57.0,60.0,110.1,114.1,244,284,1,2,1,1,2.54,4.02,2.8,D,1,1
871,2021-22,2021-10-27,11,20:00,Bramall Lane,29778,Simon Hooper,Light Rain,13.0,50,League,Sheffield United,Everton,Chris Wilder,Sean Dyche,4-4-2,4-3-3,defense,defense,good,average,0,0,0,?,none,none,,11,5,8,62.5,72.7,0.1,0.1,-0.1,,36.1,63.9x,617,,78.2,82.4,21,41,11,7,0,0,6,15,0,0,0,0,0,0,14,14,2,2,nan,0,1,1,8,5,0,0,20,10,17,15,40,15,nan,2,22,17,9,19,21.3,29.1,8,12,63.8,58.7,103.6,107.7,287,188,1,4,1,0,2.86,4.2,2.43,D,1,1
1040,2021-22,24/02/2022,25,16:30,St. James' Park,41411,Michael Oliver,Cloudy,9.4,74,League,Newcastle,Fulham,Eddie Howe,Marco Silva,5-4-1,3-5-2,defense,balanced,average,average,0,1,3,1,2;25;64,50,8,16,6,1,75.0,6.2,3.51,1.13,-0.51,-0.13,49.8,50.2,,500,83.2,85.1,67,56,,8,0,1,17,11,0,0,0,0,0,,13,6,1,0,0,0,4,,0,3,1,3,11,14,16,18,29,18,8,2,6,5,17,7,27.9,31.0,13,9,42.3,60.4,105.3,103.1,,178,0,5,0,0,2.18,4.28,3.25x,H,3,0
759,2020-21,2021-06-08,31,17:30,Selhurst Park,25072,Chris Kavanagh,Light Rain,11.1,92,League,Crystal Palace,Arsenal,Oliver Glasner,Mikel Arteta,3-5-2,4-3-2-1,defense,attack,good,good,0,3,2,3,13;43,46+4;50;67,20,8,10,6,50.0,75.0,,3.98,-0.92,-0.98,48.6,51.4,359,427,80.0,89.7,52,19,2,8,1,2,18,12,0,0,,0,0,,19,14,3,2,1,0,4,0,3,8,3,2,18,28,20,12,14,,2,4,,12,6,5,40.1,17.8,12,12,68.3,40.4,,107.2,185,180,3,0,2,0,3.19,3.02,2.81,A,0,3
113,2019-20,2019-10-26,34,20:00,Bramall Lane,27302,Michael Oliver,,7.6,46,Cup,Sheffield United,Chelsea,Chris Wilder,Mauricio Pochettino,4-4-2,3-5-2,,balanced,Good,average,0,2,1,3,54+2,51;57;61,,12,7,8,,66.7,0.89,3.43,0.11,-0.43,39.2,60.8,438,460,73.4x,81.3,36,65,5,7,1,1,19,17,0,2,0,0,0,0,11,16,1,2,0,0,2,1,5,6,3,1,16,22,20,14,28,9,11,9,23,14,14,18,19.7,28.7,13,5,40.1,69.8,110.5,117.1,278,214,2,4,2,0,3.39,3.05,2.65,A,0,3
1830,2023-24,2024-03-18,22,19:45,Villa Park,-,John Brooks,Clear,11.0,41,League,Aston Villa,Brighton,Unai Emery,Roberto De Zerbi,4-2-3-1,3-5-2,attack,balanced,average,average,0,0,2,1,32;59,20+2,12,13,8,7,66.7,53.8,2.58,1.7,-0.58,-0.7,48.5,51.5,365,633,81.9,84.6,49,50,8,9,2,1,16,5,1,0,0,0,0,0,14,,2,4,0,0,4,5,6,6,1,2,16,23,6,14,21,10,N/A,2,13,8,22,15,,17.0,6,14,57.1,64.5,,109.5,191,236,1,4,1,,3.0,3.08,2.92,H,3,0
504,2020-21,2020-12-08,23,20:00,Old Trafford,63482,John Brooks,Rainy,25.8,69,League,Manchester United,Brighton,Erik ten Hag,Roberto De Zerbi,3-5-2,3-5-2,,BALANCED,average,AVERAGE,0,nan,2,1,1;10+4,44,11,11,nan,6,18.2,54.5,2.73,1.04,-0.73,-0.04,53.2,46.8,438,531,82.4,79.5,63,50,9,7,1,0,13,6,0,0,0,1,0,1,nan,7,1,,0,0,5,5,5,0,1,2,14,11,16,12,36,9,6,10,19,18,9,7,35.0,38.0,11,13,58.6,53.4,118.2,,230,150,5,3,0,0,2.55,5.26,2.39,H,3,0
1792,2023-24,2024-02-18,12,19:45,Selhurst Park,22768,Robert Jones,Overcast,10.1,50,League,Crystal Palace,Everton,Oliver Glasner,Sean Dyche,4-4-2,4-1-4-1,defense,defense,average,bad,2,1,2,1,,48,9,6,3,4,33.3,66.7,1.99,1.55,0.01,-0.55,47.0,53.0,370,548,77.5,79.4,58,27,6,9,2,0,15,20,0,0,0,0,0,0,16,8,4,2,0,0,3,0,3,1,1,2,24,17,20,14,22,14,6,9,22,8,25,,16.7,25.0,6,4,58.4,65.6,108.7,105.6,247,273,1,6,0,0,2.26,4.21,3.13,H,,0
1522,2023-24,2023-08-13,32,16:30,Etihad Stadium,52112,Paul Tierney,Windy,20.0,90,League,Manchester City,Manchester United,Pep Guardiola,Erik ten Hag,3-5-2,4-3-2-1,balanced,balanced,good,good,1,1,2,2,43;50,2;66+4,,9,5,1,31.2,11.1,1.55,1.49,0.45,0.51,56.4%,43.6,360,640,87.1,88.1,54,74,9,3,0,0,13,18,0,0,0,1,0,1,10,18,4,1,0,0,6,1,0,3,2,?,10,20,17,15,13,33,8,10,17,9,22,16,29.6,22.4,9,11,40.3,67.1,99.4,106.7,163,191,2,4,1,0,2.65,2.97,3.49,D,1,1
2038,2021-22,2021-12-20,13,14:05,Anfield,47377,Paul Tierney,Clear,23.1,62,Derby,Liverpool,Chelsea,Jurgen Klopp,,4-3-3,3-4-3,attack,balanced,bad,average,1,0,1,2,35,76;86,19,6,7,5,36.8,83.3,1.33,1.32,-0.33,0.68,52.1,47.9,573,338,84.7,87.6,71,-58,5,1,1,1,15,15,0,?,1,1,0,1,9,11,1,1,0,0,6,0,,6,2,1.0,18,20,14,,38,30,12,8,21,12,6,16,29.3,21.2,16,13,42.4,58.5,107.9,106.0,293,174,1,3,1,0,2.53,4.38,2.66,A,0,3
1622,2023-24,2023-10-21,19,15:00,Turf Moor,20197,Michael Oliver,Cloudy,-2.7,73,League,Burnley,Everton,Vincent Kompany,Sean Dyche,4-4-2,4-3-2-1,defense,defense,bad,bad,0,0,3,1,26;27+2;72,81,9,17,7,8,77.8,47.1,4.01,0.7,-1.01,0.3,42.8,57.2,443,434,74.2,83.5,37,62,11,4,1,0,,10,0,1,2,0,2,0,17,11,1,2,0,0,5,3,7,4,1,3,28,26,19,10,12,25,7,9,16,21,,8,21.1,37.8,18,?,71.6,63.9,104.5,100.1,152,155,5,2,1,0,3.02,3.4,2.67,H,3,0
1492,2022-23,2023-04-14,24,14:05,Tottenham Hotspur Stadium,51393,Jarred Gillett,Clear,5.4,89,League,Tottenham,Fulham,Ange Postecoglou,Marco Silva,4-3-2-1,3-5-2,attack,balanced,good,bad,0,0,1,0,9,none,16,17,5,,,35.3,1.28,0.1,-0.28,-0.1,56.2,43.8,500,293,83.9,78.3,39,63,7,3,1,0,13,15,0,0,0,0,0,0,18,17,3,2,0,0,1,0,6,4,0,1,12,24,12,10,30,18,3,3,20,17,23,20,26.6,38.2,10,14,59.6,59.5,108.5,109.9,278,178,1,4,1,0,2.27,5.43,2.67,H,3,0
1366,2022-23,2023-01-10,11,16:30,Gtech Community Stadium,13742,Thomas Bramall,Rainy,6.2,83,League,Brentford,Manchester United,Thomas Frank,Erik ten Hag,3-4-3,4-3-2-1,attack,balanced,bad,good,2,1,3,1,27+5;36;77,41,15,14,9,3,60.0,21.4,3.55,1.05,-0.55,-0.05,41.4,58.6,346,,,86.9,45,46,11,3,1,1,9,16,0,0,1,0,1,0,15,15,2,2,0,0,3,1,2,6,1,3,17,13,5,17,20,9,3,7,25,12,15,22,16.9,39.7,5,18,69.0,58.9,null,102.7,,172,1,4,1,0,3.35,2.93,,H,3,0
1974,2023-24,2023-09-29,35,15:00,Gtech Community Stadium,15383x,Michael Oliver,Rainy,10.0,41,Relegation 6-pointer,Brentford,Aston Villa,Thomas Frank,Unai Emery,3-5-2,4-4-2,attack,attack,average,good,1,1,3,3,18+1;45+2;82,6;33+4;59+3,10,10,6,5,60.0,50.0,3.17,,-0.17,-0.49,55.6,44.4,583,358,77.5,86.6,72,36,4,4,0,0,19,12,0,0,0,0,N/A,0,13,14,1,4,0,0,5,5,2,3,3,3,30,25,10,13,15,12,7,6,20,6,22,19,24.7,38.1,10,16,73.9,67.0,102.5,106.3,272,157,0,5,1,1,2.89,2.92,3.21,D,1,1
505,2020-21,2020-12-09,22,12:30,St. James' Park,51789,Stuart Attwell,Cloudy,7.9,53,League,Newcastle,Chelsea,,Mauricio Pochettino,4-1-4-1,3-5-2,defense,balanced,good,bad,0,0,0,1,none,4,15,9,,7,13.3,77.8,0.19,-,-0.19,0.14,45.8,54.2,655,309,86.2,81.7,53,25,9,8,0,0,11,,0,0,0,0,0,0,16,8,2,3,0,0,2,0,6,2,1,0,29,11,11,9,36,,5,10,9,18,17,20,16.8,20.3,18,12,60.6,62.9,109.7,107.1,291,203,2,3,0,0,2.41,3.98,3.0,A,0,3
569,2020-21,2021-01-25,12,16:30,Villa Park,41372,Michael Oliver,Windy,15.8,83,League,Aston Villa,Everton,Unai Emery,Sean Dyche,4-3-3,4-3-2-1,attack,defense,bad,bad,2,0,2,0,10;82,none,18,12,8,3,44.4,25.0,2.24,0.24,-0.24,-0.24,62.2,37.8,380,448,80.0,78.4,52,38,3,6,0,0,18,5,0,0,0,0,0,0,13,6,0,3,0,?,2,1,3,6,0,2,22,10,19,18,22,15,2,4,,19,9,9,33.7,16.8,12,5,64.8,71.0,104.8,102.6,282,149,,4,2,1,2.77,2.72,3.68,H,,0
133,2019-20,2019-11-10,1,19:45,Turf Moor,20515,Stuart Attwell,Clear,34.3,59,Cup,Burnley,Brighton,Vincent Kompany,Roberto De Zerbi,3-4-3,4-3-2-1,defense,balanced,bad,good,1,1,3,2,,18;35,9,7,2,3,22.2,42.9,3.73,1.62,-0.73,0.38,40.4,59.6,498,256,74.8,86.1,26,34,6,4,2,1,14,9,0,0,1,0,1,0,8,17,2,2,0,0,6,?,1,0,2,3,29,10,7,7,25,32,8,6,14,8,7,19,18.7,15.5,14,16,70.6,41.3,109.7,104.0,297,290,1,4,2,0,2.62,4.35,2.58,H,3,0
592,2020-21,2021-02-10,5,19:45,London Stadium,60821,Jarred Gillett,Cloudy,13.2,94,Relegation 6-pointer,West Ham,Luton Town,David Moyes,Rob Edwards,4-1-4-1,5_4_1,defense,defense,bad,bad,1,0,4,3,4;12;35;60,40;49;84,20,10,6,3,30.0,30.0x,5.02,3.65,-1.02,-0.65,52.5,47.5,650,535,80.8,72.9,26,67,7,8,1,0,17,18,0,1,1,1,1,1,19,19,2,0,0,0,0,,0,2,3,4,22,27,20,9,28,9,10,7,21,5,14,22,35.9,21.6,18,7,55.5,47.0,104.6,96.2,292,203,2,,1,1,2.37,3.77,3.2,H,3,0
2058,2019-20,2019-09-28,11,20:00,Molineux Stadium,28948,Simon Hooper,Clear,16.0,93,Cup,Wolves,Everton,Gary O'Neil,Sean Dyche,3-4-3,4-4-2,defense,defense,average,bad,1,1,1,1,46,3,12,10,,5,66.7,50.0,1.28,1.13,-0.28,-0.13,49.3,50.7,,622,76.5,,45,40,4,7,1,1,11,,0,,0,0,0,0,,15,1,4,0,0,4,1,4,7,1,1,27,26,16,16,13,24,8,3,23,14,17,17,44.9,,16,14,,69.2,114.4,104.4,202,207,2,1,1,1,2.64,3.57,2.93,D,1,1
884,2021-22,2021-11-07,33,15:00,Kenilworth Road,10320,Stuart Attwell,Foggy,14.2,82,League,Luton Town,Wolves,Rob Edwards,Gary O'Neil,4-3-3,4-1-4-1,defense,defense,average,good,0,0,1,1,25,61,9,12,7,7,77.8,58.3,1.13,1.17,-0.13,-0.17,34.5,65.5,373,533,79.7,79.7,62,32,11,5,0,1,13,13,0,1,0,0,0,0,,17,1,2,0,0,4,0,6,6,1,1,N/A,10,20,17,26,N/A,5,9,17,18,21,19,35.2,18.1,15,14,,51.9,111.8,115.5,157,214,3,3,0,0,2.31,7.07,2.35,D,1,1
911,2021-22,2021-11-30,15,19:45,Molineux Stadium,31330,Paul Tierney,Cloudy,21.1,-,Cup,Wolves,Everton,Gary O'Neil,,4-3-3,4-3-2-1,defense,defense,bad,average,1,nan,2,1,13;38,7,16,,5,8,31.2,80.0,-,1.1,-0.32,-0.1,55.3,44.7,535,637,84.7,78.5,58,27,11,9,1,1,10,13,0,0,0,0,0,0,17,8,2,0,0,0,5,4,7,3,1,2,26,15,-16,16,28,29,7,5,13,18,12,21,32.0,44.8,14,14,70.1,54.9,102.9,103.4,209,233,2,2,3,,2.11,4.72,3.19,H,3,0
933,2021-22,2021-12-16,24,12:30,St. James' Park,49360,Simon Hooper,Rainy,3.3,47,Title race,Newcastle,West Ham,Eddie Howe,David Moyes,4-3-2-1,4-4-2,defense,defense,average,bad,0,1,4,1,1;31;34;62,78,17,-1,7,3,-,23.1,4.03,1.47,-0.03,,,47.7,396,547,81.5,85.2,80,22,10,3,1,1,11,20,0,1,0,0,0,0,20,18,?,0,0,0,,5,2,3,1,4,25,13,8,18,32,17,8,7,nan,6,17,14,25.2,39.1,14.0,18,61.7,48.2,111.8,108.4,197,177,3,6,1,1,2.3,6.29,2.46,H,3,0
1561,2023-24,2023-09-06,14,19:45,London Stadium,54071,Robert Jones,Rainy,1.9,73,Title race,West Ham,Manchester United,David Moyes,Erik ten Hag,4-3-2-1,5-4-1,defense,balanced,AVERAGE,good,0,0,0,1,none,14,12,10,6,8,,80.0,0.11,1.61,-0.11,-0.61,42.8,57.2,371,251,82.8,88.4,78,43,6,,0,1,19,7,0,0,0,0,0,0,19,9,2,,0,0,6,3,7,6,1,0,22,13,11,11,30,37,12,5,23,14,10,12,32.4,35.8,5,11,61.4,71.4,107.5,108.2,276,273,5,0,0,0,2.75,3.4,2.93,A,0,3
1506,2022-23,2023-04-21,20,16:30,Kenilworth Road,7799,Jarred Gillett,Light Rain,15.2,,Relegation 6-pointer,Luton Town,West Ham,Rob Edwards,David Moyes,4-3-3,3-5-2,defense,defense,,bad,1,2,1,2,12+5,24;58,,,6,5,null,71.4,,2.01,0.05,,37.8,62.2,643,285,73.8,84.6,35,45,3,N/A,1,0,13,14,0,1,0,0,0,0,19,15,2,3,0,0,1,5,,5,2,1,21,24,13,12,39,31,11,10,14,13,24,16,34.1,35.5,16,5,N/A,47.4,113.0,110.7,285,222,3,6,,0,,3.48,2.3,A,0,3
1000,2021-22,2022-01-29,11,16:30,Emirates Stadium,51004,Michael Oliver,Light Rain,21.8,,Relegation 6-pointer,Arsenal,Newcastle,,Eddie Howe,4-1-4-1,4-3-3,attack,defense,bad,good,2,0,2,0,14+5;38,none,9,6,6,1.0,66.7,16.7,2.52,0.42,-0.52,-0.42,48.0,52.0,415,,90.0,82.4,29,28,9,6,1,0,22,12,nan,0,0,0,0,0,8,10,1,1,,0,2,-2,1,4,0,2,24,12,14,18,,34,5,2,13,18,25,20,42.6,20.0,19,9,62.3,,102.5,,220,148,0,3,1,0,2.26,3.85,3.36,H,3,0
153,2019-20,2019-11-22,27,16:30,City Ground,25015,Stuart Attwell,Cloudy,,62,Title race,Nottm Forest,Liverpool,Nuno Espirito Santo,Jurgen Klopp,4-3-2-1,,defense,attack,average,bad,0,1,2,2,2;45,7;73,15,7,2,2,13.3,28.6,1.6,2.36,0.4,-0.36,44.2,55.8,331,570,76.9,91.3,61,50,6,9,1,0,8,14,0,1,0,0,0,0,9,20,2,1,0,0,3,4,0,0,2,2,24,15,11,13,31,8,3,9,24,nan,21,12,18.9,35.5,9,12,64.3,56.2,null,110.6,292,255,4,2,1,1,,3.9,2.41,D,1,1
1173,2022-23,2022-08-28,22,20:00,St. James' Park,39999,Thomas Bramall,Windy,7.4,67,League,Newcastle,Brentford,Eddie Howe,Thomas Frank,3-5-2,4-4-2,DEFENSE,attack,good,bad,1,0,3,3,1;55;78+5,11;11;18,11,13,10,4,90.9,30.8,,2.65,-0.78,,N/A,46.1,nan,393,88.4,80.1,41,46,2,5,1,0,22,12,0,1,0,2,0,2,13,19,2,1,0,0,6,2,1,7,3,3,18,14,9,13,36,17,7,3,15,7,13,13,44.0,35.3,5,10,64.2,64.7,112.3,104.7,194,216,1,,3,0,2.13,5.15,2.97,D,1,1
1134,2021-22,2022-05-04,24,15:00,Old Trafford,73276,Michael Oliver,Overcast,-1.2,95,League,Manchester United,Tottenham,Erik ten Hag,,4-3-3,4-2-3-1,balanced,,good,good,1,2,2,2,22;82,6;84,11,8,3,8,27.3,100.0,2.46,2.56,-0.46,-0.56,51.7,48.3,492,636,89.5,84.3,41,30,3,3,0,1,16,13,0,0,0,0,?,0,,7,1,3,0,0,6,2,6,1,?,2,23,19,5,12,14,11,4,3,12,21,10,5,27.0,21.0,19,17,45.6,51.2,109.7,105.5,158,,3,3,1,1,2.23,5.03,2.84,D,1,1
472,2020-21,2020-11-12,5,17:30,Gtech Community Stadium,13970,Robert Jones,Sunny,5.1,85,League,Brentford,Arsenal,Thomas Frank,Mikel Arteta,4-2-3-1,4-3-3,attack,attk,bad,Good,0,1,0,1,none,27,19,12,10,8,52.6,66.7,0.1,,-0.1,-0.51,37.2,62.8%,315,607,85.0,91.1,53,64,2,2,0,1,11,,0,,0,0,0,0,7,10,1,0,0,0,,1,7,10,1,0,13,10,13,,12,8,6,10,23,15,6,11,33.1,15.9,15,7,56.1,57.2,112.5,112.2,166,235,3,2,3,0,2.93,2.99,3.08,A,0,3
1614,2023-24,2023-10-19,23,16:30,Anfield,46083,Stuart Attwell,Light Rain,26.3,79,League,Liverpool,Brentford,Jurgen Klopp,Thomas Frank,4-3-2-1,4-3-3,attack,attack,good,bad,1,0,2,0,22;79,none,14.0,7,9,7,64.3,100.0,2.05,0.14,-0.05,-0.14,53.9,46.1,510,478,87.3,85.9,44,24,,7,1,,15,12,0,0,0,0,0,0,7,14,2,1,0,?,5,4,7,7,0,2,29,18,6,11,24,8,7,8,19,18,,4,19.1,16.6,19,11,55.6,53.8,105.6,,268,276,3,1,1,0,2.15,4.58,3.17,H,3,0
695,2020-21,2021-04-26,38,17:30,Etihad Stadium,50297,Andy Madley,Foggy,18.5,,Top 4 battle,Manchester City,Aston Villa,Pep Guardiola,Unai Emery,3-5-2,4-2-3-1,balanced,attack,average,good,1,2,2,2,57;71,22;27,17,12,10,,58.8,16.7,2.17,,N/A,-0.6,63.9,36.1,349,282,89.4,86.5,33,43,5,4,2,1,18,8,0,,0,0,0,0,7,13,2,2,0,0,5,0,0,8,2,2,19,23,8,8,15,16,5,8,13,7,23,N/A,44.9,32.0,18,8,44.7,64.8,107.1,113.6,160,235,2,4,2,0,2.7,3.04,3.33,D,1,1
264,2019-20,2020-02-12,35,20:00,City Ground,27378,Paul Tierney,Clear,16.5,85,Top 4 battle,Nottm Forest,Bournemouth,Nuno Espirito Santo,Andoni Iraola,3-4-3,3-5-2,defense,attack,good,bad,1,,1,2,85,27+2;76+4,14,10,5,5,35.7,50.0,1.52,1.48,-0.52,0.52,54.0,46.0,318,576,80.4,74.9,46,36,8,6,1,0,21,8,0,0,1,0,0,,7,16,4,2,0,1,3,0,3,4,2,1,25,20,11,13,28,34,2,,12,6,15,22,null,N/A,10,11,63.7,66.2,104.1,111.0,,186,0,4,0,0,2.93,3.95,2.47,A,0,3
1686,2023-24,2023-12-08,17,20:00,Tottenham Hotspur Stadium,55477,Jarred Gillett,Sunny,12.9x,63,League,Tottenham,West Ham,Ange Postecoglou,David Moyes,4-3-2-1,3-4-3,attack,defense,good,good,0,0,2,0,31+1;37,none,18,16,8,7,44.4,43.8,1.86,0.1,0.14,-0.1,46.3,53.7,643,566,90.2,78.8,56,50,10,7,1,0,6,15,0,0,0,0,0,0,7,16,1,1,0,0,2,4,7,6,0,2,12,23,11,5,39,25,12,,18,14,20,18,43.0,27.3,19,13,52.3,70.1,110.1,null,295,195,0,2,0,0,2.8,3.06,3.17,H,3,0
427,2020-21,2020-10-13,18,17:30,Old Trafford,56702,Michael Oliver,Clear,13.2,63,Top 4 battle,Manchester United,Liverpool,Erik ten Hag,Jurgen Klopp,4-3-2-1,3-5-2,,attack,good,bad,0,0,2,1,41;42,34,,16,nan,8,69.2,50.0,1.89,0.45,0.11,0.55,46.0,54.0,511,593,81.7,91.8,78,67,9,7,0,1,8,5,1,,1,0,1,0,14,15,3,2,0,1,1,3,7,7,1,2,11,19,14,5,30,16,3,2,20,20,12,10,41.0,23.3,8,16,65.9,48.4,112.0,96.9,239,210,1,6,2,0,3.26,3.15,2.67,H,3,
454,2020-21,2020-11-04,27,12:30,Anfield,49453,Simon Hooper,Overcast,17.4,42,League,Liverpool,Manchester United,Jurgen Klopp,Erik ten Hag,4-1-4-1,4-3-2-1,attack,balanced,good,average,1,0,1,0,65,none,15,6,10,,66.7,33.3,1.63,0.19,-0.63,-0.19,51.4,48.6,673,520,86.0,90.1,47,74,3,9,0,0,21,18,0,0,0,0,0,0,10,20,2,1,0,0,4,3,2,,0,1,19,11,10,13,20,31,9,5,21,9,-12,13,33.0,32.8,14,15,,47.2,110.3,111.2,194,277,4,3,1,1,2.75,3.19,3.1,H,3,0
1941,2020-21,2021-07-06,14,19:45,Vitality Stadium,10327,Michael Oliver,Windy,9.9,92,Cup,Bournemouth,Wolves,Andoni Iraola,Gary O'Neil,4-4-2,3-4-3,attack,defense,good,bad,0,0,2,1,9;47,64,19,15,9,2,47.4,13.3,2.61,0.79,-0.61,,,49.3,369,328,79.6,83.9,,29,,5,0,0,7,18,0,0,0,1,0,1,7,7,0,4,0,0,2,,1,7,1,2,17,18,14,8,32,17,2,8,12,13,22,7,18.1,32.8,20,,49.4,64.7,112.0,,209,192,1,0,3,,2.57,4.06,2.75,H,3,0
637,2020-21,2021-03-09,4,14:05,Selhurst Park,25137,Michael Oliver,Sunny,9.2,78,Derby,Crystal Palace,Liverpool,Oliver Glasner,Jurgen Klopp,5-4-1,4-2-3-1,balanced,attk,average,average,0,0,1,3,67,9+4;13;88,18,16,6,7,33.3,43.8,1.25,3.35,-,-0.35,37.5,62.5,448,465,82.4,88.8,72,61,7,9,1,0,16,14,0,1,0,0,0,0,19,12,2,3,0,0.0,6,2,4,5,3,1,25,24,10,17,27,35,3,6,14,7,9,11,16.4,19.1,8,,56.7,45.0,103.7,108.0,210,218,2,2,0,0,3.45,2.96,2.69,A,0,3
963,2021-22,2022-01-04,16,19:45,Gtech Community Stadium,16045,David Coote,Clear,9.6,,League,Brentford,Manchester City,Thomas Frank,Pep Guardiola,4-1-4-1,5-4-1,attack,BALANCED,good,average,0,1,0,1,none,##,-3,7,10,5,52.6,nan,0.43,1.11,-0.43,-0.11,46.9,53.1,457,534,,87.2,69,71,2,8,0,1,17,16,0,1,0,0,0,0,12,15,2,1,0,0,3,5,4,10,1,0,18,26,9,14,34,22,2,5,11,7,5,14,31.6,23.0,17,11,48.0,61.8,109.1,105.8,199,213,1,1,2,0,2.81,3.39,2.86,A,0,3
1353,2022-23,2023-01-05,34,16:30,Villa Park,42622,David Coote,Cloudy,15.4,,League,Aston Villa,Chelsea,Unai Emery,Mauricio Pochettino,4-4-2,4-3-2-1,attack,balanced,good,good,0,2,3,3,,23;35;69,11,17,10,5,90.9,nan,2.37,2.04,0.63,0.96,50.6,49.4,454,609,nan,86.2,36,45,7,1,0,,8,11,0,1,1,0,1,0,9,18,2,3,0,0,3,4,2,7,3,3,28,26,6,18,14,23,2,?,11,18,,20,38.1,38.3,19,4,46.0,60.9,104.1,113.7,164,158,2,3,,0,2.49,4.5,2.66,D,1,?
654,2020-21,2021-03-21,34,14:05,Craven Cottage,20807,Jarred Gillett,Rainy,14.8,71,Derby,Fulham,Bournemouth,Marco Silva,Andoni Iraola,5-4-1,4-4-2,balanced,attack,bad,good,1,,1,2,36+5,30;56,9,,9,3,100.0,21.4,1.52,2.83,-0.52,-0.83,48.7x,51.3,536,545,85.8,73.3,65,67,5,7,1,1,20,9,0,0,2,1,0,1,12,14,0,2,0,0,4,3,1,8,2,1,25,19,13,7,40,26,3,10,8,8,17,14,35.2,18.7,14,18,70.8,58.0,106.8,105.2,190,259,,4,0,0,2.0,4.85,3.39,A,0,3
1728,2023-24,2024-01-05,6,17:30,Goodison Park,32536,David Coote,Light Rain,8.1,94,League,Everton,Newcastle,Sean Dyche,Eddie Howe,3-4-3,4-4-2,defense,defense,good,good,2,1,2,1,49;75,,17,11,5,5,29.4,45.5,2.39,1.5,-0.39,-0.5,41.2,58.8,605,440,74.8,82.2,67,,N/A,6,1,1,,14,0,0,0,0,0,0,19,13,2,0,0,0,0,3,4,3,1,?,19,22,6,10,25,14,9,9,6,17,11,18,17.3,39.9,9,13,61.8,42.9,105.8,112.1,299,159,2,2,1,0,,4.96,2.71,H,3,0
1515,2022-23,2023-04-26,3,15:00,City Ground,26395,Jarred Gillett,Foggy,9.9,47,League,Nottm Forest,Fulham,Nuno Espirito Santo,Marco Silva,4-3-2-1,4-3-3,defense,balanced,bad,good,0,0,0,0,none,none,15,8,,5,33.3,62.5,0.37,0.1,-0.37,-0.1,43.5,56.5,425,289,,78.3,35,47,3,2,?,0,22,13,0,0,0,0,0,0,14,15,3,2,0,0,5,4,5,,0,0,11,16,14,8,,34,9,9,14,7,9,,23.7,37.0,,6,71.7,71.5,104.4,108.5,?,263,3,2,2,1,2.79,4.18,2.48,D,1,1
764,2021-22,2021-08-18,20,16:30,London Stadium,62370,David Coote,Clear,13.9,63,Derby,West Ham,Crystal Palace,David Moyes,Oliver Glasner,4-4-2,4-2-3-1,defense,defense,average,good,1,1,1,1,,47,16,17,7,2,43.8,11.8,1.09,0.76,-0.09,0.24,52.0,48.0,N/A,341,82.8,nan,36,32,4,9,,1,12,15,0,1,0,0,0,0,9,16,4,1,0,1,5,1,1,6,1,1,26,27,5,13,36,12,2,2,20,21,5,19,31.3,43.5,16,8,53.2,47.6,111.0,111.3,166,279,1,3,0,0,2.16,4.06,3.45,D,1,1
35,2019-20,2019-09-05,25,16:30,Molineux Stadium,28037,Paul Tierney,Windy,22.1,89,Derby,Wolves,Burnley,Gary O'Neil,Vincent Kompany,4-1-4-1,4-2-3-1,def,defense,bad,,2,0,2,1,13;29,,10,13,7,3,70.0,23.1,1.58,1.0,0.42,0.0,54.1%,45.9,432,561,81.8,71.7,-51,75,5,4,0,0,22,12,0,0,0,1,0,1,6,9,2,1,0,0,0,N/A,2,5,1,2,26,26,10,17,26,27,4,8,25,8,9,13,21.5,37.9,20,5,72.6,50.8,99.9,113.0,238,145,3,2,1,0,2.49,3.54,3.16,H,3,0
945,2021-22,2021-12-20,5,20:00,Vitality Stadium,8893,Stuart Attwell,,13.2,65,League,Bournemouth,Aston Villa,Andoni Iraola,Unai Emery,4-3-2-1,3-4-3,attack,attack,,average,1,0,2.0,1,62;83,83,11,6,4,3,36.4,50.0,2.83,1.23,-0.83,-0.23,48.9,51.1,424,593,73.9,80.4,79,71,6,5,,0,12,14,0,0,1,1,1,1,17,14,,2,0,0,6,4.0,2,2,1,2,19,17,17,18,20,20,11,10,19,7,15,20,35.4,16.2,11,7,46.9,43.1,110.9,103.3,171,219,2,2,2,0,2.5,5.12,2.47,H,3,0
1767,2023-24,2024-01-31,17,14:05,Stamford Bridge,33012,Michael Oliver,Sunny,10.2,86,Cup,Chelsea,West Ham,Mauricio Pochettino,David Moyes,3-4-3,,balanced,defense,good,average,1,0,2,1,47;47+5,48,16,11,3,5,18.8,45.5,2.57,0.49,-0.57,0.51,53.0,47.0,409,285,82.3,82.4,67,37,11,9,1,1,21,17,0,1,0,0,0,0,10,14,N/A,4,0,0,1,,4,1,1,2,22,11,18,10,18,33,2,,11,6,25,12,28.0,27.7,12,6,49.2,67.6,107.1,108.7,230,182,1,6,1,0,2.65,3.35,3.08,H,3,0
670,2020-21,2021-04-08,30,14:05,Vitality Stadium,9825,John Brooks,Clear,null,57,Title race,Bournemouth,West Ham,Andoni Iraola,David Moyes,3-5-2,4-3-3,attack,defense,bad,good,1,1,2,2,22+5;30,58;84+4,14,16,7,8,50.0,,,2.27,-0.08,-0.27,48.5,51.5,468,N/A,75.5,84.9,73,40,5,?,0,0,22,5,0,1,1,1,1,1,,16,2,1,0,0,0,1,6,5,2,2,21,15,19,15,31,13,6,8,14,8,24,20,44.6,36.8,,16,40.7,52.0,106.6,98.4,268,198,1,4,1,0,3.16,3.51,2.51,D,1,1
587,2020-21,2021-02-07,17,14:05,Gtech Community Stadium,12952,,Cloudy,7.5,81,League,Brentford,Luton Town,,Rob Edwards,4-2-3-1,4-3-2-1,attack,defense,bad,bad,2,0,5,,49;59;59;78;89,17;28;50,18,9,5,7,27.8,77.8,3.96,3.99,1.04,-0.99,55.7,44.3,447,577,82.6,72.3,50,21,8,2,0,1,6,12,1,0,0,0,0,0,8,8,2,1,1,0,3,3,N/A,0,3,5,21,27,19,5,24,37,3,5,14,20,5,15,20.1,40.2,11,10,59.1,40.7,108.9,110.3,220,169,2,4,1,1,2.17,3.94,3.5,H,3,0
1882,2023-24,2024-04-20,13,16:30,Etihad Stadium,42560,Anthony Taylor,Rainy,-0.1,52,Relegation 6-pointer,Manchester City,Liverpool,Pep Guardiola,Jurgen Klopp,4-4-2,4-3-3,balanced,attack,average,bad,3,0,4,1,37;42;75;85,82,10,10,10,6,100.0,60.0,2.93,1.17,1.07,-0.17,49.5,50.5,434,309,90.3,90.0,37,48,9,6,2,0,19,nan,0,0,1,1,1,1,,18,1,2,0,0,6,5,5,6,1,4,23,25,20,5,27,35,10,9,21,13,24,17,37.8,33.4,12,6,44.6,44.5,95.9,105.1,200,141,1,3,2,0,2.48,3.61,3.13,H,3,0
242,2019-20,2020-01-28,17,12:30,Kenilworth Road,,Anthony Taylor,Light Rain,21.1,82,Derby,Luton Town,Crystal Palace,Rob Edwards,Oliver Glasner,4-1-4-1,4-3-2-1,defense,defense,average,good,4,0,4,,28;37;47;53,65,9,,6,5,66.7,31.2,3.6,1.01,0.4,-0.01,43.4,56.6,521,607,-,81.3,39,64,3,8,1,0,13,18,0,0,0,0,0,0,12,18,3,2,0,0,3,4,4,2,1,4,21,23,10,5,22,18,12,5,14,20,11,11,36.2,31.0,18,13,58.3,?,108.7,104.3,264,260,1,2,1,0,2.52,4.52,nan,H,3,0
1743,2023-24,2024-01-16,12,15:00,Vitality Stadium,9275,Jarred Gillett,,23.1,52,Title race,Bournemouth,Newcastle,Andoni Iraola,Eddie Howe,4-3-2-1,3-4-3,attack,defense,avg,average,0,3,0,3,none,14;72;88,12,6,3,6,25.0,100.0,0.1,2.59,,0.41,37.7,,635,519,-,88.1,,39,4,4,0,1,6,9,0,0,0,0,0,0,11,16,3,1,0,0,4,0,3,3,3,0,10,17,7,6,26,31,6,3,9,20,10,15,34.8,29.5,20,15,60.2,54.6,104.7,98.8,271,,1,6,0,0,2.52,3.93,2.86,A,0,3
1874,2023-24,2024-04-20,20,15:00,Anfield,47066,Anthony Taylor,Cloudy,11.8,81,League,Liverpool,Manchester City,Jurgen Klopp,Pep Guardiola,4-4-2,3-5-2,attack,BALANCED,good,,0,0,1,0,,,15,13,2,6,13.3,46.2,0.91,0.1,0.09,-0.1,53.2,46.8,522,388,84.2,92.5,48,42,5,4,0,0,12,N/A,0,0,0,nan,0,0,18,12,0,2,0,0,0,4,6,1,0,1,20,11,5,15,18,13,12,2,9,,24,20,43.6,37.7,11,6,73.2,43.1,106.2,110.1,256,158,3,2,0,,2.75,3.87,2.65,H,3,0
1055,2021-22,2022-03-11,8,12:30,Stamford Bridge,38849,Jarred Gillett,Cloudy,-9.7,57,League,Chelsea,Fulham,Mauricio Pochettino,Marco Silva,3-4-3,4-1-4-1,balanced,BALANCED,average,bad,2,0,4,1,42;60;75;85,70,16,16,10,6,62.5,37.5,4.16,1.0,-0.16,0.0,,51.0,547,359,,80.8,73,37,9,nan,,1,7,15,0,0,0,0,0,0,15,18,1,3,0,0,4,5,5,6,1,4,24,19,13,14,27,33,6,2,16,18,14,9,28.8,25.1,7,12,59.6,63.0,110.8,106.4,207,220,1,3,0,0,,5.69,2.86,H,3,0
1868,2023-24,2024-04-14,14,19:45,Molineux Stadium,25190,Robert Jones,Cloudy,10.9,55,Top 4 battle,Wolves,Chelsea,Gary O'Neil,Mauricio Pochettino,4-2-3-1,5-4-1,defense,balanced,good,,0,0,2,2,70;78,17;30,15,15,7,2,46.7,,2.42,2.13,-0.42,-0.13,43.5,56.5,476,nan,75.8,87.1,20,60,-5,nan,2,1,15,12,0,0,0,0,0,0,14,7,2,4,0,0,2,3,0,5,2,2,27,10,13,9,19,37,5,6,11,6,7,13,20.3,18.7,17,9,71.3,69.7,108.5,110.7,178,144,1,1,0,0,3.13,4.08,2.3,D,1,1
1796,2023-24,2024-02-19,32,19:45,Gtech Community Stadium,14437,Jarred Gillett,Foggy,3.1,89,Derby,Brentford,Fulham,Thomas Frank,Marco Silva,4-4-2,3-4-3,attack,balanced,average,Avg,0,0,1,2,66,50;84,16,10,10,3,62.5,30.0,1.04,2.22,,-0.22,56.4,43.6,325,475,78.6,85.8,58,29,2,,1,1,14,8,0,0,0,1,0,1,10,6,2,3,0,0,6,5,1,9,2,1,18,20,7,17,34,19,5,10,12,9,16,15,29.5,40.8,10,15,59.9,56.2,99.7,110.5,263,166,2,6,2,0,2.31,6.46,2.43,A,0,3
1289,2022-23,2022-11-20,29,16:30,Craven Cottage,25518,Thomas Bramall,Sunny,13.0,68,League,Fulham,Newcastle,Marco Silva,Eddie Howe,4-4-2,3-5-2,bal,defense,average,good,0,1,0,1,none,81,16,14,9,7,56.2,50.0,0.1,1.31,-0.1,-0.31,53.2,46.8,652,349,79.4,80.9,76,54,2,8,0,0,13,7,0,1,0,0,0,0,?,12,2,2,0,0,4,4,6,9,1,0,28,16,19,17,30,26,12,4,14,N/A,12,14,27.7,22.5,19,4,50.8,49.6,106.4,109.7,162,155,0,2,2,1,3.01,2.82,3.19,A,,3
67,2019-20,2019-09-26,10,15:00,Craven Cottage,22007,Simon Hooper,Cloudy,10.9,60,Title race,Fulham,Burnley,Marco Silva,Vincent Kompany,4-4-2,4-3-2-1,balanced,defense,good,good,0,2,3,3,6;34;88+3,##,13,16,3,6,23.1,37.5,2.47,3.61,0.53,-0.61,61.5,38.5,N/A,572,78.0,79.1,35,74,5,6,0,2,10,13,0,0,0,0,0,0,20,7,3,2,0,0,3,4,3,0,3,3,14,23,10,16,13,24,2,6,16,11,8,,,31.5,13,11,66.3,54.8,109.2,100.6,,197,1,4,0,?,2.51x,3.53,3.14,D,1,1
644,2020-21,2021-03-15,38,15:00,Kenilworth Road,7823,Chris Kavanagh,Clear,27.1,55,Derby,Luton Town,Aston Villa,Rob Edwards,Unai Emery,4-3-3,4-3-3,defense,attack,average,avg,1,0,2,1,50;74,,19,13,4,7,21.1,53.8,2.37,1.75,-0.37,-0.75,35.9,-,556,410,78.6,81.5,40,67,11,9,2,1,18,13,0,0,0,1,0,0,15,15,3,2,0,0,4,4,6,2,1,2,,22,19,,17,20,9,10,21,11,25,18,44.0,25.4,11,7,74.1,52.7,108.2,100.4,296,274,5,2,3,0,3.97,2.66,2.69,H,3,0
1020,2021-22,2022-02-11,32,14:05,Amex Stadium,28467,Stuart Attwell,Overcast,21.9,57,League,Brighton,Aston Villa,Roberto De Zerbi,Unai Emery,3-5-2,3-5-2,balanced,attack,good,bad,0,1,4,1,12;31;37;44+2,57+4,19,N/A,10,4,52.6,28.6,3.85,0.61,0.15,0.39,54.4,45.6,365,493,84.9,81.2,79,55,5,9,1.0,,10,,0,0,2,0,2,0,11,7,3,2,?,0,4,3,3,6,1,4,28,18,17,9,36,18,8,3,16,6,7,16,23.2,,8,10,72.1,41.1,111.9,116.2,210,185,2,,0,0,2.34,3.74,3.27,H,3,0
1404,2022-23,2023-02-04,38,16:30,Anfield,60737,Robert Jones,Clear,,55,Cup,Liverpool,Luton Town,Jurgen Klopp,Rob Edwards,,4-2-3-1,attack,defense,good,average,0,0,3,2,7+5;53;79,39;41,17,10,3,4,17.6,40.0,2.65,2.43,0.35,-0.43,70.8,29.2,494,553,91.1,71.9,66,33,2,,0,1,21,8,0,0,1,,0,1,20,12,4,1,0,0,6,3,2,0,2,3,,19,,15,,28,9,8,6,16,5,19,24.5,18.9,15,14,54.5,63.9,107.8,109.3,?,186,3,3,0,N/A,2.09,,3.97,H,3,0
1322,2022-23,2022-12-11,32,15:00,Etihad Stadium,48560,,Clear,23.6,56,Top 4 battle,Manchester City,Wolves,Pep Guardiola,Gary O'Neil,3-5-2,3-4-3,balanced,defense,average,good,1,0,3,0,10;13;78,,9,13,,5,88.9,38.5,3.64,0.1,-0.64,-0.1,64.2,35.8,493,576,90.4,,67,31,4,4,2,0,11,14,0,0,0,0,0,0,14,15,0,3,0,0,3,2,5,5,0,3,N/A,21,8,16,38,27,3,4,7,8,23,14,23.9,40.2,9,15,-,55.7,111.6,105.3,289,281,2,4,0,0,2.21,3.52,3.8,H,3,0
1179,2022-23,30-08-2022,12,15:00,Turf Moor,21786,John Brooks,Cloudy,3.0,,Relegation 6-pointer,Burnley,Nottm Forest,Vincent Kompany,Nuno Espirito Santo,4-2-3-1,4-1-4-1,defense,defense,good,good,0,0,2,1,53;61,53,13,12,6,7,46.2,58.3,1.57,1.38,0.43,-0.38,39.2,-,700,267,73.2,75.7,21,29,2,8,0,0,11,12,0,0,1,1,1,1,10,11,2,0,,0,5,3,6,4,1,2,26,23,12,13,40,13,5,6,6,15,20,14,40.7,44.5,6,10,41.4,42.7,115.7,109.8,230,163,2,0,0,0,2.47,4.99,2.54,H,3,0
1693,2023-24,2023-12-12,3,12:30,Anfield,58538,Michael Oliver,Cloudy,17.8,nan,Derby,Liverpool,Tottenham,Jurgen Klopp,Ange Postecoglou,5-4-1,4-3-3,attack,attack,average,average,1,2,2,3,13;46,12;53;53,8,13,4,4,50.0,30.8,1.68,2.44,0.32,0.56,53.0,?,362,638,93.6,86.9,79,73,9,6,?,1,11,12,0,1,0,0,0,0,6,8,4,3,0,0,4,2,1,2,3,2,15,17,17,12,17,18,5,9,20,22,17,20,17.7,18.1,20,13,63.1,55.5,108.8,106.5,176,153,0,2,1,1,2.25,3.59,3.61,A,,3
903,2021-22,2021-11-24,12,14:05,St. James' Park,44266,##,Cloudy,?,,Cup,Newcastle,Brentford,Eddie Howe,Thomas Frank,3-5-2,3-4-3,defense,attack,bad,average,1,0,1,0,1+2,none,15,,4,7,26.7,58.3,1.13,0.25,-0.13,-0.25,51.5,48.5,500,453,85.6,80.0,41,19,8,1,0,0,8,19,0,,N/A,0,0,0,15,17,1,2,0,0,1,5,7,3,0,1,18,12,6,10,29,9,10,5,18,13,19,19,20.8,18.0,,4,54.6,53.6,106.8,103.3,263,206,1,3,0,0,2.54,4.39,nan,H,3,0
238,2019-20,2020-01-25,22,12:30,Anfield,51032,Michael Oliver,Sunny,9.2,89,Derby,Liverpool,Manchester City,Jurgen Klopp,Pep Guardiola,3-5-2,5-4-1,attack,balanced,good,good,0,0,2,2,74;77,3;39,13,10,8,3,61.5,30.0x,2.32,2.59,-0.32,-0.59,41.3,58.7,483,364,92.3,89.3,,48,6,9,0,2,N/A,13,0,1,1,0,1,0,14,13,2,1,0,0,3,5,,,2,2,22,21,15,5,40,,9,6,5,7,15,20,43.2,31.1,8,8,42.1,54.9,107.4,107.5,276,186,3,2,0,0,2.36,5.93,2.45,D,1,1
1023,2021-22,2022-02-17,12,16:30,Goodison Park,30861,Michael Oliver,Foggy,21.4,92,League,Everton,Aston Villa,Sean Dyche,Unai Emery,4-2-3-1,4-1-4-1,defense,attack,avg,good,0,0,1,0,88+3,none,16,6,7,,43.8,16.7,1.6,0.42,-0.6,-0.42,37.5,62.5,409,475,76.5,,40,,9,7,1,0,21,8,0,0,0,1,0,0,15,10,0,0,0,0,2,0,1,6,0,1,18,12,14,,36,33,11,4,11,7,14,15,42.9,15.5,9,17,74.5,58.4x,107.7,108.4,169,220,2,3,0,0,2.96,2.97,null,H,3,0
1657,2023-24,2023-11-13,14,20:00,Amex Stadium,30447,Paul Tierney,Foggy,12.4,70,Cup,Brighton,Nottm Forest,Roberto De Zerbi,Nuno Espirito Santo,4-4-2,,balanced,defense,good,average,0,0,2,0,13;90,none,N/A,8,4,1,null,12.5,2.19,0.1,,-0.1,55.6%,44.4,694,419,84.0,80.7,28,27,2,,1,0,12,12,0,0,0,0,0,0,6,11,0,2,1,1,,2,1,2,0,nan,21,14,6,17,,17,6,?,23,12,17,16,33.9,42.1,19,13,58.4,?,113.2,112.9,271,154,nan,2,1,1,2.54,3.44,3.17,H,3,0
1804,2023-24,2024-02-26,19,19:45,Emirates Stadium,57633,David Coote,Cloudy,2.3,80,Relegation 6-pointer,Arsenal,Bournemouth,Mikel Arteta,Andoni Iraola,5-4-1,4-1-4-1,attack,attack,average,good,,0,4,1,17+3;54;75;87,42,15,17,4,5,26.7,29.4,5.4,1.27,-1.4,-0.27,62.4,37.6,517,634,92.0,,27,41,2,9,0,0,20,9,0,0,0,1,0,1,18,15,2,1,0,0,2,3,4,0,1,4,25,22,15,17,27,25,5,10,13,15,7,21,31.6,N/A,8,4,67.4,61.9,108.4,104.8,213,152,4,3,1,1.0,2.03,4.75,3.38,H,3,0
129,2019-20,2019-11-06,22,12:30,Gtech Community Stadium,16736,Michael Oliver,Sunny,10.1,91,League,Brentford,Tottenham,Thomas Frank,Ange Postecoglou,4-3-2-1,4-3-3,attack,attack,bad,good,1,3,2,3,55;56+1,20+1;29;38,,16,8,6,66.7,37.5,2.39,3.92,-0.39,-0.92,51.5,48.5,438,447,86.5,89.9,,28,9,,0,1,18,17,0,0,0,1,0,0,11,16,1,4,1,0,,3,3,6,3,2,24,27,8,9,12,13,11,9,24,22,7,9,18.5,31.6,5,4,67.2,59.6,105.8,103.8,279,195,3,3,0,0,3.02,3.89,2.43,A,0,3
1045,2021-22,2022-03-02,31,15:00,Tottenham Hotspur Stadium,62179,Stuart Attwell,Overcast,5.2,92,League,Tottenham,Crystal Palace,Ange Postecoglou,Oliver Glasner,4-3-3,5-4-1,,defense,bad,good,2,0,3,1,15;20;44,25,20,9,6,3,30.0,33.3,2.33,1.0,0.67,0.0,54.6,45.4,386,329,88.5,80.1,35,44,3,2,0,1,,10,1,0,0,1,0,0,18,6,0,1,0,,4,2,2,3,1,3,26,13,7,5,40,19,3,6,19,9,24,9,25.8,32.8,11,17,54.1,41.7,103.0,104.3,170,193,2,2,1,0,1.95,7.03,,H,3,0
1530,2023-24,2023-08-18,38,14:05,St. James' Park,50618,Chris Kavanagh,Cloudy,16.7,91,League,Newcastle,Manchester City,Eddie Howe,Pep Guardiola,4-3-2-1,4-3-3,defense,balanced,average,good,0,0,1,1,1,27+3,20,,4,2,20.0,33.3,1.49,0.94,-0.49,0.06,47.9,52.1,672,499,89.3,91.9,32,30,3,7,,1,19,14,1,1,0,0,0,0,10,18,3,2,0,0,2,5,1,3,1,1,19,24,16,18,23,34,7,8,12,9,10,18,38.2,31.1,5,7,74.9,46.0,N/A,102.5,276,199,3,3,2,,2.44,5.24,2.51,D,1,1
187,2019-20,2019-12-22,30,19:45,Vitality Stadium,10489,Simon Hooper,Rainy,0.6,41,Cup,Bournemouth,Arsenal,Andoni Iraola,Mikel Arteta,3-4-3,4-1-4-1,attack,attack,bad,average,0,0,2,3,46;51,45;85;89,9,6,7,2,77.8,33.3,2.0,N/A,0.0,-0.18,32.0,68.0,316,429,73.9,86.0,37,61,4,1,1,0,14,17,0,,1,1,1,1,12,10,,3,1,0,5,3,0,5,3,2,15,nan,7,6,22,11,2,7,24,14,16,8,20.3,18.5,16,18,74.9,nan,104.9,,260,245,nan,4,3,0,3.2,3.69,2.4,A,0,3
1838,2023-24,2024-03-26,18,19:45,Tottenham Hotspur Stadium,52504,Chris Kavanagh,Light Rain,1.6,?,Top 4 battle,Tottenham,Manchester City,Ange Postecoglou,,5-4-1,5-4-1,attack,balanced,bad,good,0,1,0,3,none,16;37;77,14,15,9,2,64.3,13.3,0.29,3.3,-0.29,-0.3,50.8,49.2,325,538,,93.4,71,63,,8,0,2,14,12,0,1,0,1,0,1,16,17,1,2,1,0,5,0,0,9,3,0,20,24,10,8,19,N/A,11,5,23,12,20,11,,26.1,8,10,42.8,68.5,105.9,109.4,157,183,4,3,3,1,2.65,3.83,2.76,A,0,3
882,2021-22,2021-11-07,24,14:05,Kenilworth Road,8911,Paul Tierney,Windy,9.4,70,League,Luton Town,Newcastle,Rob Edwards,Eddie Howe,4-3-2-1,4-4-2,defense,defense,average,bad,0,2,1,,51,27;35,14,17,8,2,57.1,11.8,0.61,1.52,0.39,0.48,39.3,60.7,568,461,69.7,87.4,57,55,8,5,0,1,14,8,1,0,0,1,0,0,15,10,2,2,0,0,3,0,0,7,2,1,19,,11,?,35,22,7,7,6,7,8,,42.3,34.5,8,4,53.8,70.2,113.8,109.4,192,253,3,-5,1,1,2.89,-,2.43,A,0,3
1634,2023-24,2023-10-31,12,16:30,Emirates Stadium,45648,Chris Kavanagh,Windy,19.5,73,Title race,Arsenal,Fulham,Mikel Arteta,Marco Silva,4-4-2,4-1-4-1,attack,balanced,good,good,0,1,2,1,85+2;86,25,11,10,5,1,45.5,10.0,1.23,1.4,0.77,-0.4,56.8,43.2%,370,455,89.0,85.3,N/A,52,9,1,0,0,16,19,0,0,2,0,2,0,8,12,2,,0,0,3,3,0,3,1,2,16,19,10,9,13,21,10,7,7,13,8,10,18.1,,19,17,56.8,50.1,110.9,105.3,155,,3,4,0,0,2.16,6.13,N/A,H,3,0
1284,2022-23,2022-11-14,33,20:00,Goodison Park,32956,John Brooks,Clear,-5.4,59,Cup,Everton,Manchester City,Sean Dyche,Pep Guardiola,4-3-3,3-5-2,defense,BALANCED,,average,1,0,2,3,30;39,26+3;43;68+2,10,11,3,4,30.0,36.4,2.29,2.42,-0.29,,34.2,65.8,653,535,81.3,89.6,76,69,10,2,1,1,6,12,0,1,1,1,1,1,10,10,2,1,0,,5,2,?,1,3,2,27,15,6,11,27,27,9,5,,18,15,22,41.3,23.3,16,11,55.0,70.4,109.4,106.3,nan,247,0,1,2,0,-,5.43,2.38,A,0,3
548,2020-21,2021-01-09,37,14:05,Kenilworth Road,9064,Michael Oliver,,17.3,60,League,Luton Town,Burnley,Rob Edwards,Vincent Kompany,3-4-3,4-1-4-1,defense,defense,bad,bad,,1,2,1,23;86,31+5,13,14,9,4,N/A,,2.46,1.02,-0.46,-0.02,46.0,54.0,662,491,74.0,,58,68,7,4,2,1,,9,,0,0,1,0,0,9,14,1,1,0,1,3,2,3,7,1,2,25,,5,12,24,29,6,-9,15,22,N/A,10,41.4,42.4,5,10,52.5,57.4,107.9,103.0,252,212,2,4,0,0,2.76,?,3.27,H,3,0
1285,2022-23,2022-11-16,38,16:30,Molineux Stadium,30522,Andy Madley,Windy,12.2,72,Cup,Wolves,Manchester City,Gary O'Neil,Pep Guardiola,5-4-1,4-3-3,def,balanced,good,bad,0,1,0,1,none,79,10,15,10,7,100.0,,0.1,0.73,-0.1,0.27,44.7,,626,610,79.1,88.8,48,20,5,4,0,0,15,17,0,0,0,0,0,0,14,11,2,2,0,0,0,2,6,10,1,0,18,22,18,6,31,13,10,9,5,9,7,19,30.1,,8,,47.0,52.1,N/A,102.1,223,198,3,2,2,2,3.54,2.9,2.69,A,0,3
687,2020-21,2021-04-20,7,12:30,Bramall Lane,29999,Robert Jones,Light Rain,9.1,40,League,Sheffield United,Everton,Chris Wilder,Sean Dyche,3-5-2,4-2-3-1,defense,defense,bad,average,1,2,1,2,9,55;61,20,12,3,2,15.0,16.7,0.67,,0.33,-0.72,40.7,59.3,320,,70.6,81.5,36,31,7,3,,,12,13,0,0,0,0,0,0,18,13,1,1,0,0,6,4,0,2,2,1,26,17,?,9,39,28,N/A,8,7,14,16,19,39.1,20.6,11,11,52.1,58.1,104.6,108.8,220,284,5,0,1,0,3.49,3.02,2.61,A,0,
1958,2020-21,2021-07-04,8,14:05,Kenilworth Road,7935,Michael Oliver,Cloudy,4.3,59,Cup,Luton Town,West Ham,Rob Edwards,David Moyes,,,defense,defense,good,good,2,1,2,2,5;35+1,24;77,14,17,4,1,28.6,5.9,2.11,2.3,-0.11,-0.3,36.4,63.6,321,290,76.9,83.3,59,18,11,7,1,0,21,10,2,0,1,1,0,1,16,15,4,2,0,0,0,1,0,2,2,2,12,20,15,15,21,10,4,3,19,13,24,12,16.4,20.6,14,6,72.6,50.6,103.5,107.7,272,243,0,,2,1,2.59,6.36,2.19,D,1,1
17,2019-20,2019-08-22,19,16:30,Villa Park,39376,David Coote,Cloudy,14.3,48,League,Aston Villa,Wolves,Unai Emery,Gary O'Neil,3-4-3,4-3-2-1,attack,DEFENSE,good,good,1,0,1,1,10,64,13,9,10,1,76.9,11.1,1.48,0.94,-0.48,0.06,49.4,50.6,575,390,84.0,75.8,79,64,8,5,1,1,18,18,0,0,0,0,0,0,12,19,2,,0,0,5,2,0,9.0,1,1,20,16,19,16,33,18,2,10,22,6,N/A,17,43.5,39.7,6,8,47.7,54.1,108.8,109.6,266,,4,3,2,0,2.64,3.01,3.46,D,1,1
1708,2023-24,2023-12-23,35,12:30,Tottenham Hotspur Stadium,52463,Anthony Taylor,Clear,18.2,?,League,Tottenham,Arsenal,Ange Postecoglou,Mikel Arteta,4-3-3,4_2_3_1,attack,attack,average,good,0,1,1,1,11,,11,14,7,6.0,63.6,42.9,1.29,1.3,,-,47.9,52.1,354,368,90.8,89.5,25,68,11,8,1,1,16,N/A,0,0,0,0,0,0,18,17,2,1,0,0,5,N/A,5,6,1,1,22,16,7,15,35,24,10,9,8,20,7,21,29.7,30.6,16,13,41.2,43.6,110.4,,255,212,2,3,0,0,2.63,3.91,2.75,D,1,1
466,2020-21,2020-11-08,19,17:30,Emirates Stadium,50454,Jarred Gillett,Foggy,13.8,84,League,Arsenal,Sheffield United,Mikel Arteta,Chris Wilder,4-3-3,,attack,defense,average,good,2,0,2,0,17;31,none,19,9,10,1,52.6,11.1,2.33,0.1,-0.33,-0.1,74.4,25.6,,257,84.6,74.9,32,51,10,4,2,0,17,9,0,0,0,0,0,0,10,17,,2,0,0,4,1,nan,8,0,2,21,27,7,17,18,27,4,10,18,8,24,5,39.9,36.7,,6,74.1,59.8,115.5,107.1,196,144,2,5,1,1,2.06,4.38,3.49,H,3,0
1261,2022-23,2022-10-30,12,15:00,Vitality Stadium,10067,David Coote,Rainy,19.0,94,Title race,Bournemouth,Wolves,Andoni Iraola,Gary O'Neil,4-2-3-1,4-4-2,,defense,average,bad,0,0,0,0,none,none,20,14,7,2,35.0,14.3,,0.1,-0.3,-0.1,40.7,59.3,361,364,82.8,79.6,39,31,4,2,0,0,nan,14,0,0,0,0,0,0,17,12,0,2,1,0,3,4,2,7,0,0,11,27,14,11,25,22,6,8,7,16,20,?,27.1,24.5,6,10,65.0,40.3,108.8,105.9,290,254,,2,0,0,2.29,6.56,2.43,D,1,1
2068,2023-24,2023-11-01,7,19:45,Stamford Bridge,37741,Thomas Bramall,Windy,0.7,54,Derby,Chelsea,Sheffield United,Mauricio Pochettino,Chris Wilder,4-4-2,4-1-4-1,balanced,defense,good,bad,?,0,3,0,30;54;67,none,19,,3,N/A,-,11.1,2.96,0.21x,0.04,-0.21,68.8,31.2,651,482,81.7,,25,52,6,9,0,0,15,18,0,0,0,0,0,0,14,10,2,,0,1,0,3,1,0,0,3,16,26,18,12,18,8,12,4,19,8,21,13,44.8,27.1,14,17,62.5,54.8,104.4,106.6,291,172,1,3,1,0,2.04,##,4.13,H,3,0
1175,2022-23,2022-08-28,15,20:00,Anfield,50509,Paul Tierney,Sunny,14.6,66,League,Liverpool,Manchester City,Jurgen Klopp,Pep Guardiola,4-3-2-1,4-1-4-1,attack,balanced,poor,bad,3,1,,1,3+1;11;48+2;90+1,75,14,nan,3,4,21.4,23.5,3.07,1.23,0.93,-0.23,50.3,49.7,309,273,84.2,95.5,72,25,10,3,nan,0,,19,0,0,1,0,1,0,7,10,4,2,0,0,5,0,3,0,1,?,13,15,7,12,10,35,4,6,9,19,11,5,20.0,17.7,12,13,57.0,60.3,110.9,111.1,162,164,3,1,1,0,2.33,5.09,2.67,H,3,0
149,2019-20,2019-11-23,4,15:00,Kenilworth Road,10230,Simon Hooper,Light Rain,-1.1,83,League,Luton Town,West Ham,Rob Edwards,David Moyes,5-4-1,3-4-3,defense,defense,average,average,0,1,1,1,37+4,12+4,11,7,2,5,18.2,71.4,1.22,1.57,-0.22,-0.57,38.6,61.4,624,336,78.4,78.8,69,32,5,8,0,1,20,12,,0,0,0,0,0,12,17,2,2,0,,0,5,4,1,1,1,22,28,18,5,34,30,7,6,10.0,15,19,8,26.5,34.3,11,6,45.4,40.4,110.9,,249,144,1,1,1,1,3.45,3.66,2.29,D,1,1
1054,2021-22,2022-03-09,34,19:45,City Ground,23802,Chris Kavanagh,Overcast,6.4,70,League,Nottm Forest,West Ham,Nuno Espirito Santo,David Moyes,4-3-3,3-4-3,defense,,average,average,1,1,1,1,11,15,15,9,,2,26.7,22.2,1.34,1.08,-0.34,-0.08,42.9,57.1,604,508,73.8,85.5,75,24,10,5,0,1,7,19,0,0,0,0,0,0,17,12,2,3,0,0,5,4,1,3,1,1,16,14,19,17,26,32,4,9,5,15,21,-6,40.2,36.1,,18,49.1,68.9,103.2,104.6,,247,3,4,0,0,2.68,4.06,2.63,D,1,1
403,2020-21,2020-09-26,23,17:30,Anfield,51062,David Coote,Clear,15.2,74,League,Liverpool,Bournemouth,Jurgen Klopp,Andoni Iraola,4-2-3-1,3-5-2,attack,attack,good,BAD,3,0,4,2,18+2;51;74;80+3,22;63,19,6,9,6,47.4,100.0,5.05,2.31,-1.05,-0.31,66.9,33.1,394,463,88.5,75.8,29,45,9,7,2,1,7,9,1,0,0,1,0,,?,14,2,0,0,0,0,2,4,5,2,4,17,25,10,8,38,15,12,2,23,?,20,,35.0,40.0,8,8,45.5,64.9,104.4,109.5,294,264,2,3,1,0,2.04,4.94,3.24,H,3,0
1420,2022-23,2023-02-19,28,14:05,Molineux Stadium,28949,Robert Jones,Cloudy,1.1,56,Top 4 battle,Wolves,Burnley,Gary O'Neil,Vincent Kompany,4_3_2_1,4-3-3,defense,defense,good,good,0,0,0,1,none,10,18,13,2,nan,11.1,53.8,0.1,0.48,-0.1,0.52,59.5,40.5,554,368,76.2,74.0,56,55,999,9,0,0,12,5,0,0,0,1,0,0,nan,16,2,1,0,0,2,4,6,,1,0,15,25,14,15,32,35,11,8,25,15,15,10,25.7,41.0,10,7,48.6,54.5,107.8,100.1,215,288,4,2,0,0,2.11,5.98,2.78,A,0,3
379,2019-20,2020-05-06,16,19:45,Stamford Bridge,38921,David Coote,Sunny,0.6,57,League,Chelsea,Arsenal,Mauricio Pochettino,Mikel Arteta,4-1-4-1,4-3-3,balanced,attack,avg,average,0,0,2,2,61;75+3,8;89,10,16,3,7,30.0,43.8,1.81,1.83,0.19,0.17,43.4,56.6,531,336,85.0,87.8,38,33,5,2,,2,13,15,0,0,2,0,2,0,15,19,3,3,0,1,5,5,5,1,2,2,29,25,13,7,34,29,10,3,,13,22,7,39.2,44.8,16,14,50.8,49.7,114.7,102.0,213,188,3,4,3,0,3.12,3.15,2.76,D,1,1
1756,2023-24,2024-01-26,13,12:30,Craven Cottage,23777,Chris Kavanagh,Rainy,0.2,66,Top 4 battle,Fulham,Tottenham,Marco Silva,Ange Postecoglou,4-3-2-1,4-3-3,,attack,,good,0,0,1.0,0,71,none,19,8,,3,31.6,37.5,1.42,0.1,-0.42,-0.1,51.8,48.2,651,473,null,85.9,41,50,6,6,0,0,17,8,1,,0,0,0,0,12,11,1,1,0,1,5,2,3,5,,1,24,28,11,8,32,16,10,10,6,9,15,7,20.6,34.2,7,15,50.2,50.2,105.6,102.1,,184,1,4,1,0,2.28,4.03,3.19,H,3,0
855,2021-22,2021-10-16,23,17:30,City Ground,25962,Anthony Taylor,Foggy,8.6,94,League,Nottm Forest,Manchester City,Nuno Espirito Santo,Pep Guardiola,4-3-3,3-4-3,defense,balanced,good,good,0,0,1,1,83,72,12,13,8,?,66.7,,1.52,0.86,-0.52,0.14,34.8,65.2,534,648,79.6,89.3,39,,10,2,0,1,,11,1,1,0,0,0,0,11,9,1,2,0,0,5,3,3,7,1,1,18,12,6,9,,11,6,8,24,22,19,4,35.9,41.9,8,10,54.6,61.7,111.3,108.6,239,269,5,4,0,0,3.09,4.74,2.15,D,1,
557,2020-21,2021-01-12,21,17:30,St. James' Park,45376,John Brooks,Windy,13.3,83,League,Newcastle,Nottm Forest,Eddie Howe,Nuno Espirito Santo,5-4-1,4-1-4-1,,,good,good,1,0,1,0,31,none,19,17,10,7,52.6,41.2,nan,,-0.56,-0.41,55.8%,44.2,427,412,85.9,75.9,,70,10,5,0,0,15,12,0,0,1,,0,0,9,11,3,2,0,0,5,2,7,9,0,1,?,18,11,13,15,21,4,6,14,5,23,20,28.2,16.8,6,6,70.8,52.1,111.1,100.9,179,224,2,5,2,1,2.49,3.77,3.0,H,3,0
1257,2022-23,2022-10-27,23,17:30,Goodison Park,30704,Chris Kavanagh,Light Rain,7.6,61,Derby,Everton,Burnley,Sean Dyche,Vincent Kompany,4-4-2,5-4-1,DEFENSE,defense,good,good,2,0,2,0,12;88+2,none,8,16,3,5,37.5,31.2,2.22,0.18,-0.22,-0.18,54.8,45.2,408,465,74.4,76.1,38,33,8,4,2,0,7,10,0,0,0,0,0,0,7,nan,1,1,0,0,2,1,5,1,0,2,21,12,17,6,32,,12,5,19,12,20,10,36.5,21.0,17,17,58.7,,114.0,111.6,153,155,0,1,2,1,2.14,3.97,3.56,H,3,0
1442,2022-23,2023-03-08,16,16:30,St. James' Park,41849,Thomas Bramall,Light Rain,30.2,52,League,Newcastle,Manchester City,Eddie Howe,Pep Guardiola,3-4-3,5-4-1,defense,balanced,good,average,0,2,1,2,49,26+4;68,18,14,2,8,11.1,57.1,1.26,2.03,-,-0.03,39.9,60.1,642,,87.7,94.8,26,54,6,4,1,2,9,13,0,0,0,0,0,0,6,12,2,2,1,0,5,4,6,?,2,1,23,20,10,9,12,9,4,4,,5,11,21,30.1,27.5,12,6,72.4,49.6,110.6,105.8,151,141,2,4,1,1,2.57,3.8,2.88,A,0,3
1419,2022-23,2023-02-15,28,15:00,Craven Cottage,19482,David Coote,Rainy,11.0,43,Top 4 battle,Fulham,Wolves,Marco Silva,Gary O'Neil,4_3_2_1,4-3-3,balanced,defense,good,average,nan,0,1,2,2,60;88,8,16,6,8,75.0,50.0,1.64,1.76,-0.64,0.24,44.5,55.5,638,384,82.3,77.5,73,44,10,5,1,1,22,13,0,0,0,1,0,?,8,18,3,,0,0,2,4,6,5,,1,17,16,11,12,36,38,3,4,8,19,12,16,17.6,,13,4,66.0,49.7,113.8,107.1,157,273,3,3,2,0,2.6,4.34,2.59,A,0,3
571,2020-21,2021-01-24,37,20:00,Vitality Stadium,9077,Paul Tierney,Clear,13.2,76,Cup,Bournemouth,Tottenham,Andoni Iraola,Ange Postecoglou,4-2-3-1,4-3-3,attack,attack,Good,Avg,0,1,2,2,48;67,25+5;62,17,6,6,4,35.3,66.7,1.79,2.57,0.21,-0.57,35.3,64.7,552,345,77.4,86.6,20,38,11,2,1,1,16,10,0,0,1,0,0,0,6,16,2,1.0,N/A,0,2,1,2,4,2,2,21,26,11,7,10,17,9,5,15,20,16,8,39.2,26.0,,13,,71.4,103.9,104.2,168,273,4,2,2,1,3.33,4.03,2.21,D,1,1
171,2019-20,2019-12-05,16,14:05,Gtech Community Stadium,16641,Robert Jones,Sunny,8.4,70,League,Brentford,Newcastle,Thomas Frank,Eddie Howe,3-4-3,5-4-1,attack,defense,bad,good,0,0,1,3,71,51;60;84,10,11,6,7,60.0,63.6,0.59,2.85,0.41,0.15,,59.6,653,422,79.5,88.6,50,56,6,2,1,1,16,14,0,0,0,1,0,1,8,14,4,1,0,1,0,5,4,5,3,1,28,12,19,5,28,22,10,7,9,10,21,5,30.0,32.5,20,13,49.3,47.6,108.9,103.3,263,201,2,4,0,0,2.81,4.11,2.49,A,0,3
2046,2023-24,2024-02-16,11,14:05,Villa Park,33785,Simon Hooper,Cloudy,18.6,87,Cup,Aston Villa,Wolves,Unai Emery,Gary O'Neil,4-1-4-1,4-2-3-1,attack,defense,average,average,1,0,3,0,14;65;88,none,14,9,5,1,35.7,11.1,3.95,0.35,-0.95,-0.35,49.2,50.8,662,602,85.6,75.5,65,53,7,1,2,0,19,9,0,0,0,0,0,0,18,20,0,0,0,0,3,4,1,2,0,3,23,18,6,15,17,29,4,3,18,18,20,11,20.9,42.1,19,11,,49.5,106.1,,162,182,3,2,2,0,2.11,7.78,2.51,H,3,0
1343,2022-23,2022-12-26,33,12:30,Tottenham Hotspur Stadium,48060,Michael Oliver,Windy,7.9,85,League,Tottenham,Nottm Forest,Ange Postecoglou,Nuno Espirito Santo,4-3-3,4-2-3-1,attack,defense,good,good,2,1,5,1,6;28;32+5;48;56,5,9,6,8,3,88.9,50.0,5.45,1.02,-0.45,-0.02,63.4,36.6,305,491,89.6,81.7,51,26,3,8,0,0,17,7,0,1,1,0,1,0,15,19,2,0,0,0,4,2,2,3,1,5,25,,10,15,-27,20,10,5,13,16,15,7,32.9,19.2,15,14,64.8,54.5,115.4,112.7,258,280,1,3,0,0,2.68,2.62,nan,H,3,0
1028,2021-22,2022-02-21,25,19:45,Goodison Park,31745,Michael Oliver,Cloudy,11.5,61,Top 4 battle,Everton,Burnley,Sean Dyche,Vincent Kompany,4-2-3-1,4-3-3,defense,defense,bad,bad,0,1,1,2,50,6;55,8,?,7,3,87.5,21.4,0.74,1.64,0.26,0.36,58.5,41.5,398,579,74.5,75.9,60,63,2,5,N/A,1,6,9,1,0,0,1,0,1,19,19,1,2,0,0,0,2,1,6,2,1,14,17,7,10,15,31,,9,25,6,20,17,36.2,17.1,9,18,62.7,64.5,102.2,109.7,170,156,2,1,0,0,1.96,4.82,3.56,A,0,3
1637,2023-24,2023-10-31,2,17:30,Selhurst Park,25266,Thomas Bramall,Rainy,14.1,82,League,Crystal Palace,Sheffield United,Oliver Glasner,Chris Wilder,4-3-3,3-5-2,defense,defense,good,good,1,0,2,4,65;84+3,25;31;37;75,20,7,4,6,20.0,85.7,2.44,3.37,-0.44,0.63,59.1,40.9,337,452,81.9,74.6,37,48,6,4,2,2,12,?,0,1,0,2,0,2,13,10,2,1,0,0,0,5,2,2,4,2,14,18,13,12,26,21,4,,24,6,18,15,22.0,30.5,11,8,45.5,54.2,105.9,107.1,261,210,3,1,0,0,1.96,6.58,2.96,A,0,3
1338,2022-23,2022-12-20,28,12:30,Molineux Stadium,29640,Andy Madley,Windy,null,41,Relegation 6-pointer,Wolves,Arsenal,Gary O'Neil,Mikel Arteta,3-5-2,3-4-3,defense,attack,bad,good,1.0,2,-2,4,15;78,1;13;62;90,18,16,3,3,16.7,18.8,2.67,4.93,-0.67,-0.93,37.0,63.0,584,645,79.5,85.4,55,59,6,5,0,1,8,19,0,0,0,1,0,1,6,13,4,2,1,0,0,0,0,1,4,2,10,11,8,18,25,12,8,7,,8,7,22,39.6,18.5,11,5,56.6,46.9,106.0,102.2,204,258,2,3,1,0,3.44,3.14,2.55,A,0,3
1902,2022-23,2022-12-26,25,19:45,Kenilworth Road,9383,Jarred Gillett,Windy,26.1,92,Cup,Luton Town,Chelsea,Rob Edwards,Mauricio Pochettino,4-4-2,5-4-1,defense,balanced,bad,average,1,2,2,2,37;50+1,50;74,17,10,4,4,23.5,40.0,2.54,1.77,-0.54,0.23,39.5,60.5,307,282,72.8,86.9,62,28,8,1,1,,9,16,0,0,0,0,0,0,6,8,1,3,0,,3,1,2,2,2,2,10,13,20,11,27,11,4,8,14,19,15,6,19.3,18.2,10,7,54.5,41.5,104.3,109.0,257,176,1,6,0,0,4.01,,2.7,D,1,1
2069,2020-21,2021-05-19,17,16:30,Molineux Stadium,28347,Jarred Gillett,Windy,8.2,43,Cup,Wolves,Bournemouth,Gary O'Neil,Andoni Iraola,3-4-3,4-1-4-1,defense,attack,average,good,1,0,2,1,27;84,20,13,9,9,3,69.2,33.3,2.0,0.68,0.0,,51.3,48.7,,588,78.0,79.2,48,46,5,7,0,0,20,9,0,0,0,0,0,0,15,9,2,2,0,0,3,5,2,7,1,2,30,19,13,14,11,15,5,5,nan,18,15,14,38.5,38.2,17,18,##,67.4,107.5,105.6,158,215,5,1,2,2,2.11,7.97,2.49,H,3,0
1849,2023-24,2024-04-03,6,15:00,Selhurst Park,20267,Stuart Attwell,Overcast,7.6,56,League,Crystal Palace,Chelsea,Oliver Glasner,Mauricio Pochettino,3-4-3,4-2-3-1,defense,balanced,average,average,0,0,2,1,3;32,21,9,,5,1,55.6,,1.78,1.23,0.22,-0.23,43.7,56.3,304,273,83.5,82.9,21,33,8,1,2,0,18,14,0,0,0,0,0,0,17,11,2,3,0,0,1,1,0,,1,2,14,14,19,7,11,,10,9,,15,16,7,20.1,20.4,8,17,,62.3,106.7,104.7,282,242,3,5,0,0,2.35,4.2,2.97,H,3,0
573,2020-21,2021-01-24,17,16:30,St. James' Park,42519,Anthony Taylor,Sunny,12.5,90,League,Newcastle,Luton Town,Eddie Howe,Rob Edwards,4-2-3-1,3-5-2,defense,defense,,bad,3,0,3,0,11;19+4;26,none,15,,3,4,20.0,57.1,2.96,0.1,0.04,-0.1,69.1,30.9,639,464,81.2,76.8,62,33,7,4,1,0,18,11,0,0,1,0,0,0,11,12,2,1,0,0,0,5,4,0,,?,10,11,6,15,35,27,3,2,16,7,15,22,29.4,40.7,17,15,62.8,53.7,113.6,101.7,265,202,4,2,0,0,2.14,4.45,3.24,H,3,0
1118,2021-22,2022-04-22,29,14:05,Villa Park,32432,John Brooks,Windy,13.9,45,League,Aston Villa,Chelsea,Unai Emery,Mauricio Pochettino,4-4-2,4-3-2-1,attack,balanced,bad,average,2,0,4,2,2;52;64;77,74;84,18,14.0,10,3,55.6,21.4,3.34,?,0.66,-0.79,52.6,47.4,374,313,79.2,81.3,32,51,5,4,1,,19,16,0,0,1,1,1,1,7,16,2,2,0,0,4,4,1,6,2,4,29,10,16,10,30,20,10,3,10,17,10,11,39.1,35.1,14,8,54.4,67.2,103.3,107.0,167,223,1,2,1,1,3.01,3.24,2.78,H,3,0
1931,2020-21,2020-11-27,21,12:30,Turf Moor,,John Brooks,Cloudy,9.5,87,Cup,Burnley,Wolves,Vincent Kompany,Gary O'Neil,5-4-1,4-4-2,defense,defense,average,average,0,0,1,2,74,63;80,13,N/A,10,3,76.9,25.0,1.35,1.52,-0.35,0.48,43.0,57.0,497,,73.4,81.2,32,20,9,8,,2,12,20,0,0,0,,0,0,13,12,2,3,0,0,0,5,1,9,2,1,N/A,24,8,5,19,19,7,7,18,8,16,20,44.6,40.6,5,4,54.9,,108.9,109.3,278,261,2,3,2,0,3.25,4.06,2.24,A,0,3
1434,2022-23,2023-02-28,13,19:45,London Stadium,49427,David Coote,Light Rain,8.5,45,Relegation 6-pointer,West Ham,Manchester United,David Moyes,Erik ten Hag,4-3-2-1,5-4-1,defense,balanced,average,average,1,3,,3,6;39;39,35;70;84,19,7,10,3,52.6,42.9,4.1,2.56,-1.1,0.44,53.7,46.3%,586,644,84.8,89.0,75,30,2,6,2,2,13,6,0,1,1,0,1,0,10,18,2,1,0,0,0,3,0,,3,3,11,22,6,18,10,8,2,5,11,17,24,9,42.7,31.7,14,5,55.5,40.0,109.1,##,172,250,3,3,2,1,2.19,5.48,2.77,D,1,1
1333,2022-23,2022-12-21,32,19:45,Amex Stadium,29712,Michael Oliver,Sunny,2.0,67,League,Brighton,Everton,Roberto De Zerbi,Sean Dyche,4-3-2-1,3-4-3,balanced,defense,good,average,0,0,1,0,55,none,18,17,9,1,50.0,5.9,0.93,0.12,0.07,-0.12,58.2,41.8,582,313,82.4,77.5,48,18,9,6,0,0,15,11,1,0,nan,0,0,0,19,14,1,2,1,0,2,3,1,8,0,1,14,15,15,6,22,14,7,3,25,13,22,9,37.6,16.1,18,8,47.2,,104.7,110.7,176,247,4,2,1,1,2.76,2.78,3.6,H,3,0
1172,2022-23,2022-08-29,26,20:00,Vitality Stadium,8699,Chris Kavanagh,Cloudy,10.6,55,Title race,Bournemouth,Brentford,Andoni Iraola,Thomas Frank,4-2-3-1,4-1-4-1,attack,attack,good,bad,0,1,3,3,15;15;65,5;23;27,11,12,6,3,54.5,25.0,3.0,3.44,0.0,-0.44,51.3,48.7,423,327,76.9,79.2,79,43,2,8,1,0,11,7,0,0,0,0,0,0,17,12,4,4,0,0,0,1,0,3,3,3,19,19,13,11,19,24,4,10,,6,20,9,33.1,22.9,7,9,,43.1,114.9x,102.2,220,162,3,2,0,0,,7.33,2.4,D,1,1
1357,2022-23,2023-01-08,12,12:30,Old Trafford,74149,John Brooks,Sunny,18.5,91,League,Manchester United,Liverpool,Erik ten Hag,Jurgen Klopp,3-5-2,3-5-2,balanced,attack,good,good,0,,2,2,48;80+1,27;45,,8,8,2,47.1,25.0,1.69,2.55,0.31,-0.55,47.1,52.9,471,273,83.8,91.1,33,28,4,,nan,0,11,9,0,1,0,,0,0,11,15,3,2,0,0,4,3,0,6,2,2,,10,8,16,38,8,2,2,15,8,25,16,28.1,44.1,19,13,41.2,42.0,105.8,116.1,291,144,5,,1,0,2.63,4.88,2.41,D,,1
577,2020-21,2021-01-30,6,17:30,Anfield,50267,John Brooks,Foggy,11.0,50,Relegation 6-pointer,Liverpool,Arsenal,Jurgen Klopp,Mikel Arteta,4-3-2-1,3-5-2,attack,attack,,Good,1,0,3,2,47;83;85,70;75,14,,4,6,N/A,85.7,2.08,1.9,0.92,0.1,57.6,42.4,462,276,90.1,89.7,62,60,4,9,2,0,19,9,0,0,0,1,0,1,7,20,,,0,0,2,4,4,1,2,3,10,27,6,13,35,28,12,5,9,8,17,10,25.8,31.9,,10,55.0,58.6,105.8,100.2,,182,?,4,0,0,2.74,4.34,2.47,H,3,0
258,2019-20,2020-02-08,27,20:00,Vitality Stadium,9872,Anthony Taylor,Foggy,16.9,,League,Bournemouth,Manchester United,Andoni Iraola,Erik ten Hag,4-4-2,4-2-3-1,attack,balanced,good,good,0,0,1,3,4,2;43;46,18,13,4,7,22.2,53.8,1.41,4.05,-0.41,-1.05,48.9,51.1,673,392,80.2,N/A,76,47,9,2,1,0,20,18,0,0,0,1,0,1,7,11,3,0,0,0,0,5,4,3,3,1,28,10,12,12,33,32,6,9,17,7,,13,32.9,41.7,11,11,69.6,60.6,108.2,105.9,225,142,2,2,0,0,2.54,3.85,2.88,A,0,3
489,2020-21,2020-11-27,9,12:30,Turf Moor,20961,Andy Madley,Sunny,-1.6,60,Cup,Burnley,Liverpool,Vincent Kompany,Jurgen Klopp,5-4-1,4-4-2,defense,attack,average,bad,1,2,1,4,19,36;65;79;88,8,12,3,5,37.5,41.7,0.78,4.38,0.22,-0.38,25.5,74.5,493,542,,87.4,,64,6,2,0,2,13,11,0,0,0,0,0,0,,20,1,2,0,0,4,4,1,2,4,1,16,,17,16,14,8,6,6,5,15,8,18,23.5,34.8,,14,71.1,44.8,109.6,101.0,221,190,4,5,2,0,3.78,3.27,2.33,A,0,
22,2019-20,2019-08-20,25,12:30,Craven Cottage,22233,Chris Kavanagh,Light Rain,19.5,43,League,Fulham,Sheffield United,Marco Silva,Chris Wilder,4-3-2-1,4-4-2,balanced,defense,average,good,0,0,0,,none,none,12,10,4,6,33.3,60.0,0.1,0.1,-0.1,-0.1,59.0,41.0,669,340,77.4,,24,35,6,6,0,0,22,,0,0,0,1,0,0,6,9,2,3,0,0,1,5,6,4,0,0,22,,12,9,24,,3,3,5,20,19,21,36.3,17.8,8,11,56.8,45.6,111.9,107.5,180,188,0,2,2,1,2.18,3.51,3.9,D,1,1
1503,2022-23,2023-04-22,34,12:30,Gtech Community Stadium,15704,Chris Kavanagh,Cloudy,-3.2,89,League,Brentford,Tottenham,Thomas Frank,Ange Postecoglou,4-3-3,4-3-2-1,attack,attack,bad,Good,N/A,2,3,4,13;18+5;84,,18,8,3,7,16.7,87.5,2.01,3.04,0.99,0.96,46.6,53.4,606,605,82.7,83.3,29,20,11,8,0,0,21,8,0,1,,1,1,1,,9,2,3,1,1,0,5,3,0,4,3,17,16,6,15,25,,8,9,25,9,15,22,16.2,25.9,13,13,72.4,59.9,108.3,119.5,218,201,1,2,,0,2.75,3.44,2.89,A,0,3
513,2020-21,2020-12-14,35,17:30,Turf Moor,20308,Paul Tierney,Cloudy,5.6,71,League,Burnley,Fulham,,Marco Silva,4-1-4-1,3-4-3,defense,balanced,bad,average,N/A,0,1,3,24,23;54;61+3,19,17,5,3,26.3,17.6,0.82,3.34,0.18,?,37.2,62.8,396,346,75.7,82.4,24,,10,7,0,,16,12,0,0,1,0,1,0,14,7,1,4,1,0,5,3,nan,4,3,1,10,21,18,16,33,27,2,8,24,21,20,20,32.6,35.9,9,15,69.2,56.3,111.9,110.8,,204,2,2,0,0,2.59,6.0,2.24,A,0,3
1439,2022-23,2023-03-07,6,14:05,Tottenham Hotspur Stadium,51841,Thomas Bramall,Overcast,10.1,83,Top 4 battle,Tottenham,Wolves,Ange Postecoglou,Gary O'Neil,3-4-3,4-3-2-1,attack,defense,average,bad,1,0,2,nan,23+3;52,27,9,7,4,5,44.4,71.4,1.92,0.63,0.08,0.37,58.3,41.7,414,,87.2,78.9,53,70,4,4,2,1,21,12,1,0,0,0,0,0,6,10,2,0,0,0,0,5,4,2,1,2,15,12,10,8,,12,2,6,18,5,8,22,22.8,40.1,19,16,54.0,43.2,112.2,114.3,278,154,3,3,0,0,,3.77,3.6,H,3,0
1501,2022-23,2023-04-19,1,12:30,Amex Stadium,28812,Chris Kavanagh,Clear,11.5,57,Top 4 battle,Brighton,Sheffield United,Roberto De Zerbi,Chris Wilder,3-4-3,4-1-4-1,balanced,defense,bad,good,1,0,2,0,44;61,none,10,8,8,4,,50.0,2.15,0.17x,-0.15,-0.17,71.6,28.4,394,301,86.2,73.3,49,49,7,4,1,0,14,14,0,0,0,0,0,nan,?,6,2,1,0,0,5,4,,6,0,2,20,14,13,16,38,13,5,10,16,20.0,9,16,21.6,23.9,9,17,?,44.4,108.7,99.4,235,141,1,4,N/A,0,##,4.02,4.01,H,3,0
222,2019-20,2020-01-16,28,16:30,Tottenham Hotspur Stadium,57181,Michael Oliver,Foggy,9.4,58,League,Tottenham,Wolves,Ange Postecoglou,Gary O'Neil,4-3-2-1,4-1-4-1,attack,defense,average,avg,3,0,3,2,9;20;52,16;89,17,17,4,3,23.5,17.6,2.62,2.55,0.38x,-0.55,49.2,50.8,448,616,84.0,82.5,46,18,4,6,1,0,22,19,0,0,0,0,0,0,16,19,0,1,0,0,1,5,1,1,2,3,,28,14,9,,24,4,8,18,18,8,21,40.1,,14,7,54.0,57.1,nan,114.3,229,191,1,4,2,,2.04,5.5,3.04,H,3,0
1224,2022-23,2022-10-01,15,17:30,London Stadium,55776,Andy Madley,Cloudy,2.6,69,League,West Ham,Bournemouth,David Moyes,Andoni Iraola,4-4-2,4-1-4-1,defense,ATTACK,average,good,0,?,,1,none,57,15,,6,6,40.0,,0.1,0.91,nan,null,52.7,47.3,480,297,81.5,80.0,43,31,8,6,0,1,22,20,0,0,0,0,0,0,13,18,2,2,0,0,4,4,5,?,1,0,14,17,15,16,38,15,3,7,16,11,13,15,N/A,32.3,7,10,62.1,,##,97.9,198,178,3,4,1,1,,7.65,2.59,A,0,3
1294,2022-23,2022-11-20,16,15:00,Bramall Lane,26459,Simon Hooper,Clear,12.5,48,League,Sheffield United,Nottm Forest,Chris Wilder,Nuno Espirito Santo,3-5-2,4-3-3,,defense,good,good,1,1,3,2,5;39;64,22+5;43,15,15,4,nan,26.7,13.3,3.45,2.04,-0.45,-0.04,40.8,59.2,537,508,75.7,81.4,24,66,6,9,1,1,9,18,0,0,0,0,0,0,16,7,1,2,0,0,3,2,0,1,2,3,?,25,9,11,,24,3,3,17,17,22,12,43.6,41.5,12,10.0,,50.8,112.0,105.0,,179,,3,0,0,2.98,4.17,2.35,H,3,0
996,2021-22,2022-01-29,13,15:00,Stamford Bridge,35674,David Coote,Clear,12.8,83,League,Chelsea,Burnley,Mauricio Pochettino,Vincent Kompany,4-3-3,3-4-3,balanced,defense,average,average,0,1,4,2,9;66;71;90,10;61,8,7,4,3,,42.9,3.11,2.07,0.89,-0.07,65.2,34.8,645,257,80.8,77.9,79,54,5,1,1,1,19,13,0,0,0,-1,0,1,9,,0,1,1,0,3,4,1,0,2,4,10,26,20,12,12,11,2,6,19,20,22,5,15.2,,8,8,63.4,65.7,114.8,111.2,162,183,3,1,0,0,1.81,7.95,3.11,H,3,0
1552,2023-24,2023-08-31,4,19:45,Anfield,48886,Thomas Bramall,,8.2,94,Relegation 6-pointer,Liverpool,West Ham,Jurgen Klopp,David Moyes,5-4-1,4-1-4-1,attack,defense,bad,good,0,1,0,1,none,85,15,16,9,6,60.0,37.5,0.23x,0.61,-0.23,0.39,55.8,44.2,598,525,91.3,82.6,49,73,10,4,0,1,8,8,0,0,0,0,0,0,11,12,2,1,0,0,2,3,5,9,1,0,22,13,14,18,10,20,2,4,16,5,16,,39.9,39.0,16.0,8,48.8,-,110.8,,275,257,1,4,2,1,,2.97,4.02,A,0,3
1454,2022-23,2023-03-14,30,16:30,Tottenham Hotspur Stadium,48579,Anthony Taylor,Rainy,5.8,62,Derby,Tottenham,Chelsea,Ange Postecoglou,Mauricio Pochettino,,4-3-3,attack,balanced,bad,average,2,3,2,3,1;41,28;62;86,14,13,7,5,50.0,38.5,1.44,3.58,0.56,-0.58,58.0,42.0,574,313,83.2,88.4,28,44,9,6,2,0,21,8,0,0,0,0,0,0,7,9,2,1,0,0,2,0,2,5,3,2,24,11,12,16,18,26,3,8,9,18,21,4,26.4,33.1,16,11,70.7,40.1,113.5,108.5,268,210,2,2,0,0,2.12,,3.11,A,0,3
57,2019-20,2019-09-16,19,15:00,Etihad Stadium,46823,Andy Madley,Cloudy,7.1,45,Title race,Manchester City,West Ham,Pep Guardiola,David Moyes,3_5_2,4-4-2,balanced,defense,bad,,?,0,4,2,68+4;81;82;86,64;77,20,10,4,7,20.0,,3.33,1.36,0.67,0.64,66.0,,456,597,92.7,,38,19,6,3,2,1,17,12,0,0,0,1,0,1,12,6,3,1,0,0,1,3,5,0,2,4,18,14,10,6,21,36,11,8,12,13,17,21,17.2,16.7,11,17,61.6,41.9,100.6,106.9,150,213,4,3,1,1,2.14,4.02,3.52,H,3,0
46,2019-20,2019-09-11,21,14:05,London Stadium,48834,Thomas Bramall,Foggy,12.2,53,League,West Ham,Fulham,David Moyes,Marco Silva,5-4-1,4-3-3,defense,balanced,good,bad,1,0,3,,40;60;63,90,8,11,3,3,?,27.3,3.29,0.94,-0.29,0.06,57.9,42.1,686,609,77.5,76.9,63,45,N/A,5,2,1,13,17,0,0,1,0,1,0,nan,8,0,3,0,0,4,4,2,0,?,3,26,16,,5,31,35,4,5,17,21,21,20,36.1,36.3,6,11,71.7,70.6,106.8,106.5,152,151,,4,0,0,2.24,4.59,2.98,H,3,0
696,2020-21,2021-04-22,5,14:05,Selhurst Park,24225,Jarred Gillett,Sunny,12.1,72,League,Crystal Palace,Chelsea,Oliver Glasner,Mauricio Pochettino,4-1-4-1,3-5-2,defense,balanced,good,average,0,1,1,1,79,80,10,6,6,6,60.0,100.0,1.06,1.18,-0.06,-0.18,40.2,59.8,455,574,80.3,85.5,?,71,11,1,0,0,17,12,0,1,1,0,0,0,16,13,1,3,1,0,6,5,5,5,1,1.0,26,18,7,9,20,,11,3,N/A,20,17,9,25.5,22.3,10,11,,51.2,115.6,100.3,258,218,3,2,1,,2.4,4.46,2.79,D,1,1
1994,2020-21,2021-02-19,11,12:30,London Stadium,-,Thomas Bramall,Light Rain,0.4,47,Derby,West Ham,Crystal Palace,David Moyes,Oliver Glasner,4-4-2,4-4-2,defense,defense,good,good,1,0,1,1,##,49,12,9,10,8,83.3,88.9,1.13,0.89,,0.11,51.8,48.2,471,564,81.1,75.5,75,22,6,5,1,1,6,9,0,0,0,1,0,0,9,11,0,0,1,0,2,0,7,9,1,1,29,14,20,13,16,22,12,5,18,17,N/A,19,34.8,27.0,8,7,56.7,,106.8,109.8,177,257,1,4,0,,2.21,,2.5,D,1,1
1214,2022-23,2022-09-23,30,14:05,Stamford Bridge,34322,Michael Oliver,Light Rain,11.4,45,Title race,Chelsea,Aston Villa,Mauricio Pochettino,Unai Emery,4-3-2-1,5-4-1,balanced,attack,good,average,1,0,,2,78,28;43,12,12,5,8,41.7,66.7,1.08,2.12,,-0.12,54.3,45.7,550,377,86.0,83.7,29,18,10,5,0,2,19,13,nan,1,nan,0,0,0,13,11,1,1,0,0,4,3,6,4,2,1,19,18,13,16,14,10,8.0,3,25,14,8,,27.8,26.8,12,15,66.5,40.5,104.5,103.0,267,212,0,1,0,0,2.83,3.65,2.68,A,0,3
1310,2022-23,2022-12-05,11,16:30,Goodison Park,37022,Stuart Attwell,Overcast,17.2,49,Relegation 6-pointer,Everton,Tottenham,Sean Dyche,Ange Postecoglou,4-3-3,4-1-4-1,defense,attack,bad,bad,1,0,1,1,46,61,8,,6,5,75.0,,1.37,1.22,-0.37,-0.22,40.4,59.6,397,350,79.8,83.2,71,52,9,5,1,0,16,18,0,0,1,1,,N/A,7,11,2,2,0,0,3,,4,5,1,1,17,28,7,7,26,34,3,8,6,6,23,5,35.7,36.8,7,5,57.1,,110.4,103.5,164,144,1,2,1,0,2.41,5.42,2.5,D,1,nan
355,2019-20,2020-04-15,14,19:45,St. James' Park,41827,Robert Jones,Foggy,6.8,59,League,Newcastle,Manchester City,Eddie Howe,Pep Guardiola,4-4-2,5-4-1,defense,balanced,bad,good,0,3,1,4,68,45;63;71;72,18,12,10,3,55.6,25.0,1.33,4.5,-0.33,-0.5,36.3,,699,301,89.1,90.7,44,71,9,4,0,1,22,10,1,0,0,1,0,1,13,19,1,3,0,0,5,0,0,9,4,1,27,15,17,7,38,14,6,3,19,10,23,6,26.4,33.5,9,5,65.5,54.9,105.0,107.1,289,157,3,1,,1,2.7,3.32,3.05,A,0,3
1815,2023-24,2024-03-08,24,17:30,Amex Stadium,nan,Stuart Attwell,Windy,14.6,46,Top 4 battle,Brighton,Tottenham,Roberto De Zerbi,Ange Postecoglou,5-4-1,3-5-2,balanced,attack,bad,average,2,1,3,1,3;40;56,,9,11,2,1,22.2,9.1,2.1,1.37,0.9,-0.37,53.6,46.4,,422,88.1,82.3,20,53,2,4,1,0,13,13,0,0,1,0,1,N/A,13,18,0,3,0,0,4,3,0,,1,3,20,23.0,8,16,13,16,10,9,19,5,10,11,44.6,26.9,9,8,43.3,54.9,106.0,101.9,272,265,1,3,0,0,2.41,6.45,2.33,H,3,0
370,2019-20,2020-04-24,30,14:05,Emirates Stadium,nan,David Coote,,10.0,79,League,Arsenal,Crystal Palace,Mikel Arteta,Oliver Glasner,5-4-1,4-3-2-1,attack,defense,good,bad,2,0,2,nan,73;90,none,14,13,10,2,71.4,15.4,2.1,0.13,-0.1,-0.13,51.9,48.1,420,,84.5,79.3,67,48,7,7,0,0,13,17,0,0,0,0,0,0,10,14,1,2,0,,4,4,2,8,0,2,18,12,18,14,31,17,2,6,9,,17,22,38.1,28.8,,11,68.1,49.8,113.2,104.2,214,246,2,3,3,0,2.32,5.05,2.7,H,3,0
1581,2023-24,2023-09-23,10,19:45,City Ground,26494,John Brooks,Clear,15.2,84,League,Nottm Forest,Tottenham,Nuno Espirito Santo,Ange Postecoglou,4-4-2,,defense,attack,good,average,0,0,2,,8;19,9+2,19,8,8,6,42.1,75.0,,1.01,-0.05,-0.01,37.7,62.3,374,481,78.8,89.6,39,23,10,8,0,1,16,9,0,0,0,0,0,0,,9,3,0,0,0,4,0,5,,1,2,11,10,17,18,27,17,7,3,22,7,13,14,15.1,?,7,,65.9,56.5,,105.2,240,268,1,4,1,1,2.84,4.26,2.42,H,3,0
1687,2023-24,2023-12-04,24,19:45,Emirates Stadium,?,Robert Jones,Clear,13.2,82,League,Arsenal,Brighton,Mikel Arteta,Roberto De Zerbi,3-4-3,4-3-3,,bal,avg,good,1,0,2,1,41;89,26+1,16,13,10,3,62.5,23.1,1.92,0.87,0.08,0.13,60.6,39.4,622,368,86.5,79.9,24,50,2,1,0,0,18,19,0,0,0,2,0,1,7,11,4,2,0,0,,0,2,8,1,2,16,20,,9,,26,9,8,16,nan,24,16,28.6,33.4,15,13,48.3,70.4,103.5,105.8,288,212,2,0,1,1,2.01,4.47,3.59,H,3,0
603,2020-21,2021-02-14,10,17:30,London Stadium,?,Simon Hooper,Sunny,14.0,43,League,West Ham,Aston Villa,David Moyes,Unai Emery,4-3-3,4-2-3-1,defense,attack,good,good,2,0,2,N/A,9;88,none,19,8,5,5,26.3,62.5,2.24,0.1,-0.24,-0.1,42.5,57.5,659,481,84.0,86.0,23,61,3,2,,0,,,0,0,0,0,0,0,12,11,,1,0,0,3,3,,3,0,2,21,19,13,17,15,16,8,5,20,19,16,17,22.2,39.7,6,8,60.5,47.3,103.8,102.8,204,285,1,2,3,2,2.2,5.21,2.82x,H,3,0
631,2020-21,2021-03-11,14,19:45,Anfield,53881,Michael Oliver,Overcast,17.1,41,Top 4 battle,Liverpool,Nottm Forest,Jurgen Klopp,Nuno Espirito Santo,3-5-2,,attack,defense,average,bad,1,0,2,0,,none,14,17,9,2,64.3,11.8,2.66,0.1,,-0.1,60.5,,560,,92.8,78.0,35,,5,,1,0,9,16,0,0,1,0,0,,10,14,1,2,1,0,6,1,2,7,0,2,10,18,18,15,35,37,4,7,17,20,18,9,37.1,16.1,5,7,52.1,68.7,102.2,102.1,184,276,3,2,0,0,2.1,5.07,3.06,H,3,0
2100,2022-23,2023-03-10,21,19:45,St. James' Park,48122,Andy Madley,Sunny,17.3,91,Cup,Newcastle,Bournemouth,Eddie Howe,Andoni Iraola,4-3-2-1,4-1-4-1,defense,attack,average,average,2,0,2,1,16;44,52,17,8,7,6,41.2,75.0,1.83,0.7,,0.3,50.9%,49.1,557,579,86.0,79.6,52,54,2,9,2,0,18,19,0,0,0,0,0,0,17,7,3,2,0,0,1,2,5,5,1,2,13,11,9,9,34,16,11,4,7,17,11,4,35.0,26.1,10,8,60.1,65.8,112.1,114.9,261,214,,2,2,1,2.64,2.69,4.01,H,3,0
2013,2022-23,2022-12-22,17,19:45,London Stadium,60927,Paul Tierney,Sunny,19.6,43,Relegation 6-pointer,West Ham,Manchester City,David Moyes,Pep Guardiola,4-2-3-1,5-4-1,defense,balanced,,average,2,0,2,0,23+4;67,none,12,7,7,6,58.3,85.7,1.73,0.37,0.27,-0.37,46.5,53.5,635,592,77.9,86.8,64,24,5,3,2,0,7,16,0,0,0,0,0,0,19,19,1,3,0,,,4,6,5,0,2,25,27,18,7,19,15,3,4,25,10,5,16,24.5,27.0,7,7,47.6,48.0,107.1,105.0,161,246,3,3,1,1,2.79,3.65,2.72,H,3,0
61,2019-20,2019-09-21,24,15:00,Amex Stadium,26969,Stuart Attwell,Clear,16.5,81,Top 4 battle,Brighton,Sheffield United,Roberto De Zerbi,Chris Wilder,5-4-1,4-3-3,balanced,defense,bad,avg,1,nan,3,0,18;37+2;54+2,null,20,13,8,6,40.0,46.2,2.9,0.31,0.1,-0.31,72.0,28.0,424,332,87.6,74.9,67,46,4,5,0,0,16,8,0,0,0,,0,0,9,18,2,4,1,0,2,0,N/A,5,0,3,16,20,15,7,17,32,8,3,23,13,12,12,43.1,42.9,5,7,72.9,60.3,113.7,nan,165,271,1,7,0,0,1.93,N/A,4.78,H,3,0
1646,2023-24,2023-11-06,16,19:45,Old Trafford,73423,Anthony Taylor,Foggy,19.5,69,Relegation 6-pointer,Manchester United,West Ham,Erik ten Hag,David Moyes,3-5-2,5-4-1,bal,defense,good,bad,0,1,2,1,4+5;8+4,39,19,17,3,5,15.8,29.4,,1.54,-0.89,-0.54,59.4,,336,269,84.4,83.2,52,69,5,,1,1,12,14,nan,1,1,0,1,,18,10,1,1,0,0,0,0,4,1,1,2,26,18,19,9,23,11,10,9,12,5,13,6,29.2,28.9,8,13,44.5,52.0,99.8,113.5,200,260,0,4,0,0,2.18,4.06,3.38,H,3,0
1485,2022-23,2023-04-06,27,16:30,Selhurst Park,25425,Anthony Taylor,Sunny,-3.4,87,Relegation 6-pointer,Crystal Palace,Nottm Forest,Oliver Glasner,Nuno Espirito Santo,4-2-3-1,3-4-3,defense,defense,average,good,0,0,1,1,25+4,9,17,17,2,8,11.8,47.1,0.92,1.15,0.08,-0.15,57.4,42.6,570,331,nan,80.9,21,34,7,1,1,1,11,N/A,0,0,0,0,0,0,15,20,2,2,0,1,4,4,7,1,1,1,21,22,5,16,33,21,9,10,23,7,,21,26.3,24.9,18,18,,48.1,105.2,113.1,187,145,1,4,0,0,2.3,3.91,3.23,D,1,1
618,2020-21,2021-02-24,32,12:30,Goodison Park,37952,Stuart Attwell,Cloudy,20.3,82,League,Everton,Nottm Forest,Sean Dyche,,4-3-3,4-1-4-1,defense,,average,bad,1,0,,0,16,none,17,7,9,1,52.9,14.3,1.12,0.1,-0.12,-0.1,57.6,42.4,692,436,76.7,##,56,58,4,3,1,,21,14,0,0,1,0,0,0,19,6,2,1,0,0,1,,1,8,0,1,18,26,15,15,28,26,8,2,25,11,,18,26.9,29.5,6,17,69.3,70.6,99.6,116.0,164,153,4,1,0,0,2.43,4.3,2.82,H,3,0
2030,2022-23,2023-04-21,23,19:45,Old Trafford,58592,Andy Madley,Sunny,N/A,68,Derby,Manchester United,Brentford,Erik ten Hag,Thomas Frank,4-3-2-1,4-3-2-1,balanced,attack,bad,bad,0,0,3,0,43;54;81+4,none,14,16,9,5,64.3,31.2,2.68,0.12,0.32,-0.12,60.9,39.1,486,389,82.5,80.7,65,59,9,8,2,N/A,11,17,0,0,0,0,0,0,10,11,1,1,0,0,5,3,5,6,0,3,26,16,9,9,18,10,10,6,9,22,14,22,42.4,23.0,15,15,74.9,47.8,98.1,114.6,225,166,2,1,3,2,2.44,3.75,3.08,H,,0
1324,2022-23,2022-12-16,12,15:00,Turf Moor,19940,Robert Jones,Windy,14.0,45,Title race,Burnley,Brentford,Vincent Kompany,Thomas Frank,4-3-2-1,4-1-4-1,defense,attack,bad,avg,,2,0,2,none,42;48,11,8,3,3,27.3,37.5,0.1,1.78,-0.1,0.22,46.8,53.2,340,337,71.1,86.1,30,57,9,6,0,1,nan,8,0,0,0,0,0,0,17,7,3,0,0,0,0,5,1,3,2,0,15,11,7,13,35,27,8,5,10,6,,11,18.5,26.8,,7,71.8,55.5,110.6,114.2,269,163,4,2,0,0,3.39,2.77,2.9,A,0,3
872,2021-22,2021-10-29,5,14:05,London Stadium,56848,Chris Kavanagh,Clear,25.9,51,League,West Ham,Brighton,David Moyes,Roberto De Zerbi,,4-1-4-1,defense,balanced,average,good,2,1,3,?,4;46;58,30;33,9,15,6,2,66.7,13.3,3.59,1.86,-0.59,0.14,53.8,,471,440,85.6,84.8,75,26,3,6,0,1,8,12,1,0,1,0,0,0,14,18,1,,0,0,5,2,0,3,2,3,13,10,18,18,10,9,6,3,8,8,7,5,42.6,31.4,12,10,42.2,65.3,104.3,103.0,245,256,1,3,,1,2.62,3.3,3.17,H,3,N/A
692,2020-21,2021-04-17,9,14:05,Molineux Stadium,25315,David Coote,Windy,2.3,76,League,Wolves,Burnley,Gary O'Neil,Vincent Kompany,3-4-3,4-3-2-1,defense,attack,average,average,1,0,1,,46,62;72,10,12,5,6,50.0,50.0,1.21,2.11,-0.21,-0.11,50.7,49.3,408,344,77.4,70.1,33,27,3,2,1,0,18,17,0,0,0,0,0,0,6,10,1,2,0,0,2,,4,4,,1,22,20,9,13,21,36,12,,21,8,25,18,28.1,31.1,,14,49.0,63.1,111.9,,240,231,3,3,0,0,2.18,,3.15,A,0,3
789,2021-22,2021-08-29,38,15:00,St. James' Park,40866,Simon Hooper,Clear,9.3,55,League,Newcastle,Sheffield United,Eddie Howe,,4-2-3-1,4-3-2-1,defense,DEFENSE,average,good,2,0,4,0,18;26;28;72,none,,6,8,4,50.0,66.7,3.96,0.26,0.04,-0.26,62.9,37.1,557,607,84.8,68.8,66,53,7,1,0,0,16,6,2,0,1,1,1,0,15,15,0,1,0,0,6,2,4,4,0,4,12,13,13,5,18,21,7,9,18,12,11,10,17.2,18.6,12,16,42.0,46.7,102.4,107.0,192,284,0,3,1,0,2.27,2.89,4.71,H,3,0
2021,2020-21,2020-11-30,31,20:00,Anfield,nan,Anthony Taylor,Cloudy,8.3,70,Relegation 6-pointer,Liverpool,Luton Town,Jurgen Klopp,Rob Edwards,4-3-2-1,4-3-2-1,attack,defense,bad,average,1,0,3,3,53;64;66+3,9;21;45,12,9,3,6,25.0,66.7,3.11,2.55,-0.11,0.45,68.4,31.6,609,285,88.3,73.4,30,61,3,1,2,N/A,20,8,0,0,0,0,0,0,10,11,3,3,0,0,1,4,3,0,3,3,18,13,17,12,,14,7,9,,10,15,22,39.7,20.2,7,13,60.6,65.3,107.8,104.6,293,249,2,4,2,0,1.78,6.3,3.56,D,1,1
2088,2023-24,2024-05-12,1,16:30,Etihad Stadium,49953,Andy Madley,Foggy,14.6,43,Cup,Manchester City,Sheffield United,Pep Guardiola,Chris Wilder,4-1-4-1,4-2-3-1,balanced,DEFENSE,average,good,1,0,3,0,43;59;73,none,16,14,5,7,31.2,50.0,4.0,0.36,-1.0,-0.36,73.5,26.5,478,359,89.6,72.4,43,53,6,6,0,0,8,16,0,0,0,0,0,0,6,13,2,1,0,0,,5,7,,0,3,12,26,6,9,35,31,7,4,13,9,13,22,23.4,44.0,15,15,74.9,71.9,106.8,null,221,220,2,3,2,0,1.75,5.66,3.99,H,3,0
1178,2022-23,2022-08-29,3,14:05,St. James' Park,45245,Simon Hooper,Windy,7.7,87,Top 4 battle,Newcastle,Manchester United,Eddie Howe,Erik ten Hag,5-4-1,4-2-3-1,defense,balanced,good,average,1,1,1,3,58,38;74;83,11,12,5,6,45.5,50.0,0.96,2.78,0.04,0.22,54.3,45.7,305,306,87.7,85.9,48,51,7,3,1,0,14,7,0,1,0,0,0,0,20,,4,2,0,0,5,4,3,4,3,1,28,12,7,17,30,17,5,7,25,8,19,15,43.2,44.7,6,11,63.1,55.3,104.8,108.6,160,207,3,1,0,0,2.59,4.05,2.73,A,0,3
507,2020-21,2020-12-07,4,12:30,Bramall Lane,31149,Simon Hooper,Cloudy,18.6,77,League,Sheffield United,Chelsea,Chris Wilder,Mauricio Pochettino,3-5-2,3-4-3,defense,balanced,good,average,0,0,2,3,14+2;35,25;79;88,16,11,9,5,56.2,45.5,2.25,4.0,-0.25,-1.0,32.6,67.4,533,434,70.1,83.6,68,57,4,1,1,0,11,17,0,,0,0,0,0,16,8,4,3,0,1,0,0,2,7,3,2,18,,13,18,29,14,10,3,14,13,16,,39.0,28.4,9,14,69.7,40.2,111.7,108.6,281,-261,,7,0,0,3.76,2.96,2.53,A,0,3
820,2021-22,2021-09-24,12,16:30,Craven Cottage,19782,Chris Kavanagh,Sunny,15.4,52,Relegation 6-pointer,Fulham,Luton Town,Marco Silva,Rob Edwards,3-4-3,4-3-2-1,balanced,defense,poor,,2,1,3,2,40+1;51;75,5+3;6+3,17,17,5,-1,29.4,41.2,2.92,2.26,0.08,-0.26,56.5,43.5,654,311,76.9,78.3,36,31,3,6,0,1,19,9,0,0,0,0,0,0,15,13,3,3,0,0,5,2,5,2,?,3,16,16,7,14,19,17,9,3,8,7,13,4,15.5,,16,nan,66.4,52.9,105.0,110.6,287,244,3,3,1,0,2.17,5.75,2.74,H,3,0
1942,2020-21,2021-01-16,1,14:05,Old Trafford,60580,Chris Kavanagh,,,54,Relegation 6-pointer,Manchester United,Aston Villa,Erik ten Hag,Unai Emery,3-5-2,4-2-3-1,balanced,attack,good,average,0,0,1,1,72,54,17,6,7,6,41.2,?,0.95,0.66,0.05,0.34,50.9,49.1,447,324,85.7,80.6,54,57,10,1,1,0,22,11,,0,0,1,0,1,10,6,1,2,0,1,4,,,6,1,1,18,26,15,10,12,19,8,2,9,21,12,7,15.7,15.9,5,12,67.1,65.0,109.0,106.8,,241,2,4,1,1,2.2,,3.1,D,1,1
19,2019-20,2019-08-22,31,15:00,Turf Moor,17603,Anthony Taylor,Light Rain,9.0,83,League,Burnley,Everton,Vincent Kompany,Sean Dyche,4-3-2-1,4-1-4-1,defense,defense,average,bad,0,1,0,1,none,40,18,14,2,8,11.1,57.1,0.1,##,-0.1,-0.36,42.6,57.4,654,259,69.9,82.6,42,75,3,9,0,1,15,9,0,0,0,0,0,0,8,6,4,3,,0,4,4,7,2,1,0,18,17,14,17,23,25,8,,22,5,25,16,29.8,44.2,16,15,71.6,50.4,110.3,102.9,162,276,2,7,2,0,3.24,,2.28,A,0,3
1457,2022-23,2023-03-17,21,19:45,Vitality Stadium,10509,Michael Oliver,Clear,N/A,91,Cup,Bournemouth,Manchester United,Andoni Iraola,Erik ten Hag,4-2-3-1,3-4-3,attack,balanced,average,BAD,1,1,2,2,11;19,16;53,10,10,8,2,80.0,20.0,2.47,3.0,-0.47,-1.0,46.2,53.8,458,271,78.7,88.8,70,58,3,1,2,1,21,19,0,0,0,0,0,0,15,18,4,2,0,0,2,0,0,6,2,2,17,27,17,12,19,28,3.0,8,16,7,10,18,42.1,23.4,7,14,57.2,65.0,106.6,101.6,291,183,2,3,,1,?,2.94,2.65,D,1,nan
343,2019-20,2020-04-09,7,20:00,Old Trafford,62579,Thomas Bramall,Light Rain,16.3,76,Relegation 6-pointer,Manchester United,Fulham,Erik ten Hag,Marco Silva,4-4-2,4-1-4-1,balanced,balanced,good,average,2,0,2,0,7+2;67,none,11,8,3,3,27.3,37.5,nan,0.1,-0.31,-0.1,59.9,40.1,550,413,90.2,81.6,54,45,2,N/A,0,0,18,11,0,0,1,0,0,0,14,19,1,2,0,0,4,5,3,1,0,2,13,17,15,16,35,18,8,8,21,12,13,21,34.1,40.3,16,7,52.9,46.7,111.0,114.1,237,284,1,6,?,0,1.99,4.83,3.44,H,3,0
1253,2022-23,2022-10-25,8,17:30,St. James' Park,49093,Simon Hooper,Foggy,13.0,40,League,Newcastle,Chelsea,,Mauricio Pochettino,4-3-3,4-3-3,defense,balanced,average,,0,2,1,4,5,4;53;54;80,?,11,,8,77.8,72.7,1.25,3.9,-0.25,0.1,51.9,48.1,336,649,89.5,90.0,68,42,11,7,0,0,20,17,0,0,0,1,0,,20,15,3,2,0,0,4,2,4,6,4,1,29,19,7,5,28,35,10,10,13,22,25,22,17.8,17.1,16,6,70.6,71.9,110.5,96.3,266,240,2,2,0,0,3.01,2.92,3.07,A,0,3
3,2019-20,2019-08-11,28,17:30,Gtech Community Stadium,14922,David Coote,Windy,,59,League,Brentford,Manchester United,Thomas Frank,Erik ten Hag,4-3-2-1,3-4-3,attack,balanced,average,poor,0,0,0,0,none,none,11,,9,7,81.8,58.3,0.1,0.1,nan,-0.1,53.5,null,311,315,77.0,87.3,40,59,9,8,0,0,18,19,0,0,0,0,0,0,14,16,1,3,0,0,3,0,7,9,0,0,11,19,9,15,30,21,?,3,13,21,7,13,30.7,32.5x,17,8,47.8,59.2,111.4,107.2,267,211,0,2,2,1,2.68,3.47,2.96,D,1,1
809,2021-22,2021-09-13,21,15:00,City Ground,22896,Andy Madley,Clear,19.0,59,Title race,Nottm Forest,Newcastle,,Eddie Howe,3-5-2,4-2-3-1,defense,defense,average,average,0,0,0,0,none,none,18,13,5,1,27.8,7.7,0.1,0.19,-0.1,-0.19,48.4,51.6,392,534,81.9,89.4,29,22,11,,0,0,6,16,0,0,0,0,0,,12,20,4,0,0,0,5,1,?,5,0,0,,22,6,7,30,14,11,9,11,,6,7,18.6,20.4,20,18,44.3,59.9,111.8,104.2,223,162,1,1,1,1,2.72,4.62,null,D,1,1
1839,2023-24,2024-03-26,38,16:30,Vitality Stadium,11246,Paul Tierney,Rainy,9.8,74,League,Bournemouth,West Ham,Andoni Iraola,David Moyes,3-5-2,4-1-4-1,attack,defense,good,good,2,0,2,2,19;67,42;49,10,6,9,1,90.0,16.7,,1.55,0.02,0.45,51.2,48.8,412,371,73.4,81.0,77,21,6,2,1,1,12,15,0,0,0,1,0,1,9,13,0,2,1,0,1,0,0,7,2,2,13,14,20,18,31,8,7,6,14,8,20,,30.2,16.4,18,13,50.6,63.1,114.2,107.3,250,196,5,2,,0,2.48,4.88,-,D,1,1
1603,2023-24,2023-10-07,17,15:00,Craven Cottage,25405,Andy Madley,Windy,19.2,74,Title race,Fulham,Manchester City,Marco Silva,Pep Guardiola,4-4-2,4-4-2,balanced,balanced,average,average,1,0,2,2,68;81,26;84,8,14,5,2,62.5,14.3,2.1,##,-0.1,0.06,35.4,64.6,482,311,82.1,93.3,40,,6,2,1,1,nan,19,0,0,0,0,0,0,19,19,3,1,0,0,3,2,0,3,2,2,11,14,7,7,38,24,5,6,17,19,10,,31.6,,,6,,60.7,114.3,103.2,244,151,2,2,1,1,3.53,2.79,2.79,D,1,1
1486,2022-23,2023-04-04,37,12:30,Turf Moor,17337,David Coote,Cloudy,23.3,56,League,Burnley,Tottenham,Vincent Kompany,Ange Postecoglou,4-2-3-1,4-1-4-1,defense,attack,bad,bad,1,1,1,1,##,34,16,11,4,1,25.0,9.1,1.1,1.19,-0.1,,40.5,59.5,554,436,70.2,90.0,?,50,9,6,1,1,21,10,0,0,0,0,0,0,14,9,1,2,0,0,4,0,,3,1,1,10,14,nan,12,39,33,9,7,16,7,19,8,21.4,26.6,14,15,68.5,61.9,108.6,107.3,227,164,4,,2,1,3.55,3.13,2.5,D,1,
1948,2022-23,2023-04-19,10,20:00,London Stadium,54195,Michael Oliver,Light Rain,null,41,Derby,West Ham,Crystal Palace,David Moyes,Oliver Glasner,4-2-3-1,4-3-3,defense,defense,average,poor,2,1,2,3,,3;28;60,16,6,8,2,50.0x,33.3,1.82,3.22,0.18,-0.22,48.1,51.9,576,400,83.4,79.1,44,41,2,1,1,0,22,6,1,0,0,1,0,1,15,8,2,3,0,0,3,2,0,6,3,2,23,26,5,8,25,15,11,8,6,14,7,22,41.2,25.3,19,8,42.5,59.8,108.8,108.0,295,221,5,4,1,0,2.44,3.56,3.23,A,0,
1541,2023-24,2023-08-27,3,20:00,Goodison Park,38091,Anthony Taylor,Windy,5.0,89,League,Everton,Manchester United,Sean Dyche,Erik ten Hag,4-2-3-1,3-4-3,defense,balanced,average,bad,0,1,2,2,5+5;9,61;74,18,9,10,2,55.6,22.2,2.52,2.59,-0.52,-0.59,44.4,55.6,353,373,79.3,,47,48,2,9,0,0,6,18,0,0,2,1,2,1,14,7,0,1,0,0,,4,0,8,2,2,16,18,9,,19,21,12,4,22,18,15,15,22.9,19.0,17,9,52.1,43.2,108.8,106.3,245,238,3,0,2,1,2.76,4.75,2.34,D,1,1
481,2020-21,2020-11-20,38,15:00,Anfield,48847,Stuart Attwell,Windy,,52,League,Liverpool,Brentford,Jurgen Klopp,,4-2-3-1,3-5-2,attack,attack,bad,good,2,0,4,0,5;43+1;52;57,none,9,6,,4,66.7,66.7,3.58,0.47,0.42,-0.47,,41.7,381,578,86.7,82.2,77,58,7,1,0,0,16,7,0,0,2,0,1,0,17,7,nan,1,0,0,6,,4,2,0,4,17,12,10,12,39,24,4,8,17,22,18,21,39.5,23.1,12,18,64.1,68.8,111.3,99.7,221,174,4,3,1,1,2.15,5.55,2.81,H,3,0
168,2019-20,2019-12-04,12,12:30,Villa Park,35062,Michael Oliver,Clear,15.7,40,League,Aston Villa,Liverpool,Unai Emery,Jurgen Klopp,3_5_2,5-4-1,attack,attack,bad,good,0,3,0,,none,24+2;68;84,17,14.0,-1,3,23.5,21.4,0.44,3.25,-0.44,-0.25,44.5,55.5,586,381,79.8,93.0,26,18,2,2,0,0,7,20,0,0,0,0,0,0,8,18,1,,0,0,1,4,0,4,3,0,11,20,16,5,25,27,5,10,8,18,23,16,28.9,32.3,8,8,71.6,51.2,108.6,104.3,157,173,2,3,1,1,2.73,4.07,2.58,A,0,3
2096,2023-24,2024-01-20,6,15:00,Old Trafford,60675,Thomas Bramall,Sunny,4.4,77,Relegation 6-pointer,Manchester United,Newcastle,Erik ten Hag,Eddie Howe,4-4-2,4-1-4-1,balanced,defense,bad,bad,N/A,0,1,0,50,none,15,16,3,1,nan,6.2,0.87,0.46,0.13,-0.46,57.4,42.6,602,256,85.9,83.3,20,38,9,,1,0,7,11,0,0,0,0,0,0,12,9,2,2,0,0,5,5,1,2,0,1,14,24,20,7,28,9,8,9,17,18,16,16,32.9,33.7,11,nan,43.5,65.2,,103.0,285,183,2,4,2,2,2.11,4.69,3.19,H,3,0
1749,2023-24,2024-01-20,12,17:30,Anfield,55507,David Coote,Overcast,4.0,65,League,Liverpool,Arsenal,Jurgen Klopp,Mikel Arteta,4-3-2-1,5-4-1,attack,attack,good,AVERAGE,0,0,2,1,59+4;73+1,18,12,7,2,5,16.7,,1.95,1.35,0.05,-0.35,49.6,50.4,512,336,92.3,87.5,42,50,10,7,0,0,17,14,0,0,0,1,0,1,10,6,2,3,0,0,2,1,4,0,1,2,18,26,6,6,31,38,9,7,6,9,15,18,16.8,42.2,17.0,6,70.2,53.6,114.7,101.7,244,254,1,4.0,2,2,2.53,3.71,2.99,H,,0
452,2020-21,2020-11-01,8,14:05,Selhurst Park,21510,Andy Madley,Sunny,8.9,72,Relegation 6-pointer,Crystal Palace,Brentford,Oliver Glasner,Thomas Frank,4-3-2-1,5-4-1,defense,attack,average,average,1,1,4,2,15;16;20;32,36;86,11,16,4,5,36.4,31.2,4.71,1.51,-0.71,0.49,47.1,52.9,345,508,77.8,77.6,72,44,8,6,1,0,18,5,0,0,1,0,1,0,19,9,1,1,0,0,1,5,3,0,2,4,,10,,11,37,37,8,6,21,19,6,10,24.6,20.2,6,,54.1,59.3,107.7,103.5,196,221,3,3,2,0,,3.16,3.22,H,3,
1848,2023-24,2024-03-27,8,20:00,Stamford Bridge,36087,Anthony Taylor,Clear,14.7,43,Top 4 battle,Chelsea,Brentford,Mauricio Pochettino,Thomas Frank,3-5-2,5_4_1,balanced,attack,good,good,0,0,1,1,74,58+1,17,15,9,1,,,0.76,0.79,0.24,,57.5,42.5,476,381,88.2,84.1,79,37,11,9,?,0,17,12,0,0,0,1,0,1,12,7,0,3,0,0,2,3,0,8,1,1,13,18,8,5,35,33,7,2,20,10,12,6,17.3,41.9,?,4,55.4,43.5,107.2,110.3,222,140,1,5,0,0,2.03,6.51,2.84,D,1,1
2048,2019-20,2019-12-30,10,20:00,Villa Park,32765,Jarred Gillett,Rainy,15.2,,Derby,Aston Villa,Brighton,Unai Emery,Roberto De Zerbi,,4-1-4-1,attack,BALANCED,bad,good,1,0,2,1,75;87,16,16,,2,4,12.5,28.6,2.13,1.27,-0.13,-0.27,53.9,,317,315,84.0,87.2,66,53,10,7,1,0,13,,0,0,,,1,0,17,19,0,1,,0,6,1,3,0,1,2,25,17,16,18,28,13,9,6,8,15,9,5,20.5,41.8,19,14,72.7,44.7,107.0,104.7,268,,2,1,1,0,2.32,3.6,3.42,H,3,0
227,2019-20,2020-01-15,37,14:05,Turf Moor,21072,Jarred Gillett,Light Rain,4.8,40,League,Burnley,Sheffield United,Vincent Kompany,Chris Wilder,4-2-3-1,4-3-2-1,defense,defense,bad,AVERAGE,2,0,3,1,nan,82,12,8,9,8,75.0,100.0,3.97,1.63,-0.97,-0.63,58.1,41.9,480,639,75.7,69.6,53,23,5,7,1,1,17,17,0,0,1,0,1,0,13,9,2,1,0,0,5,5,7,6,1,3,20,18,14,17,12,31,11,8,6,10,10,6,22.5,?,17,9,64.4,##,101.4,106.0,178,173,1,1,1,0,2.34,5.82,2.5,H,3,0
1889,2023-24,2024-04-30,31,19:45,Old Trafford,68804,Simon Hooper,Windy,20.6,40,League,Manchester United,Chelsea,Erik ten Hag,Mauricio Pochettino,4-2-3-1,4-2-3-1,balanced,BALANCED,bad,good,0,0,2,2,22+1;88,33;86,17,nan,5,4,29.4,,2.77,1.79,-0.77,0.21,45.5,54.5,346,259,86.1,86.7,66,35,11,6,1,0,22,,1,0,1,0,1,,8,7,1,2,0,0,4,3,2,3,2,2,19,11,12,8,26,21,8,2,18,14,9,8,44.7,24.2,15,6,60.2,47.0,104.9,101.2,191,153,1,,3,1,3.1,3.91,2.37,D,1,1
957,2021-22,2021-12-30,2,20:00,Kenilworth Road,8396,David Coote,Light Rain,9.6,91,Cup,Luton Town,Manchester United,Rob Edwards,Erik ten Hag,4-2-3-1,4-2-3-1,defense,balanced,,bad,1,2,2,5,51;59,25;49+3;56;71;76,13,13,8,4,61.5,30.8,2.86,5.17,-0.86,-0.17,nan,56.9,501,253,79.7,83.4,73,71,7,3,0,0,N/A,,0,0,0,2,0,2,11,17,2,2,0,0,5,1,0,6,5,2,28,20,11.0,17,28,?,5,7,10,16,22,4,25.1,null,13,13,45.8,65.1,108.0,106.1,256,286,2,3,2,0,3.16,4.17,2.25,A,0,
1511,2022-23,2023-04-23,25,19:45,Etihad Stadium,47772,Simon Hooper,Clear,3.9,55,League,Manchester City,Sheffield United,Pep Guardiola,Chris Wilder,4-1-4-1,3-4-3,balanced,defense,good,good,4,0,5,0,2;7;32;55;56,none,15,11,9,1,60.0,9.1,,0.43,0.91,-0.43,77.3,22.7,381,259,86.6,72.4,61,24,5,5,0,0,8,9,0,0,1,0,1,0,19,9,2,0,0,0,4,2,1,4,0,5,10,11,17,16,17,20,3,2,24,9,12,16,30.2,16.7,11,14,71.4,46.9,109.3,105.4,290,280,4,1,0,0,1.7,4.2,5.77,H,3,0
1001,2021-22,2022-02-01,27,19:45,Anfield,50790,Anthony Taylor,Sunny,nan,62,League,Liverpool,Nottm Forest,Jurgen Klopp,Nuno Espirito Santo,4-3-3,,attack,defense,good,bad,2,0,,1,44;85,86,18,16,2,5,,31.2,1.43,1.2,0.57,-0.2,,,385,491,86.6,81.4,70,62,11,6,,0,13,12,0,0,0,2,0,1,,,0,3,0,1,4,3,4,0,1,2.0,15,21,8,8,18,-17,5,7,21,8,7,20,40.0,37.7,6,N/A,44.2,48.1,105.8,109.4,279,216,1,3,1,1,2.12,4.05,3.55,H,3,0
364,2019-20,2020-04-20,27,15:00,Selhurst Park,22491,Michael Oliver,Foggy,25.8,52,Relegation 6-pointer,Crystal Palace,Tottenham,Oliver Glasner,Ange Postecoglou,4-4-2,4-3-3,defense,attk,average,average,0,1,1,2,64,29;71,17,14,4,5,23.5,35.7,0.59,2.24,0.41,nan,,59.1,?,357,81.9,89.2,21,39,11,5,0,2,22,,0,,1,0,1,0,13,17,2,2,0,0,0,0,3,3,2,1,10,25,11,10,17,34,5,5,10,21,6,20,20.5,37.9,,18,66.3,59.5,114.8,114.7,226,249,2,2,,0,2.55,5.24,2.39,A,0,3
1395,2022-23,2023-02-01,27,14:05,Anfield,54817,-,Overcast,8.1,92,Cup,Liverpool,Bournemouth,Jurgen Klopp,,,4-4-2,attack,attack,bad,average,0,0,0,0,none,none,18,17,8,4,44.4,23.5,0.19,0.1,-0.19,-0.1,55.6,44.4,387,476,88.5,74.7,23,,6,7,0,0,14,13,0,0,0,0,0,0,18,16,2,1,0,0,4,1,4,8,0,0.0,10,20,13,13,14,10,11,6,14,6,19,10,33.6,28.1,18,4,54.7,60.8,105.5,106.9,292,165,3,6,,0,2.04,4.11,3.74,D,1,1
1456,2022-23,2023-03-17,33,17:30,Gtech Community Stadium,16548,Stuart Attwell,Overcast,5.8,60,Relegation 6-pointer,Brentford,Luton Town,Thomas Frank,Rob Edwards,4-1-4-1,3-4-3,attack,defense,BAD,good,0,0,2,1,9;30,73,9,17,3,7,33.3,41.2,1.41,1.23,0.59,-0.23,60.3,39.7,582,445,81.4,78.6,55,22,5,1,1,0,22,16,1,0,1,0,0,0,14,6,2,2,0,1,5,2,6,1,1,2,29,28,18,6,25,24,4,3,6,16,7,19,34.6,15.7,11,15,55.5,71.0,110.7,104.4,,160,2,,3,1,##,3.95,2.99,H,3,0
1988,2023-24,2024-04-11,1,17:30,Emirates Stadium,48208,Simon Hooper,Sunny,17.1,93,Cup,Arsenal,Wolves,Mikel Arteta,Gary O'Neil,3-5-2,3-5-2,ATTACK,defense,bad,good,0,0,3,1,14;36;43+5,61,10,14,9,1,90.0,7.1,2.75,1.13,0.25,-0.13,51.7,48.3,662,301,84.6,81.8,71,21,4,6,1,0,7,11,0,0,0,0,0,0,10,7,1,3,0,0,5,0,0,6,1,3,23,13,15,8,31,23,3,2,13,9,7,17,29.8,18.4,20,11,57.7,50.4,106.4,100.0,217,244,1,5,0,0,2.23,4.56,3.01,H,3,0
1355,2022-23,2023-01-06,21,15:00,Stamford Bridge,36260,Chris Kavanagh,Cloudy,11.3,78,Relegation 6-pointer,Chelsea,Brighton,Mauricio Pochettino,Roberto De Zerbi,4-4-2,4-4-2,balanced,balanced,average,good,3,0,4,1,48;61;66;71,57,10,15,3,8,30.0,53.3,5.09,1.3,-1.09,-0.3,48.4,51.6,338,535,84.0,81.4,30,29,11,3,0,0,nan,8,1,0,1,0,1,0,12,11,2,1,0,0,6,4,N/A,0,1,4,10,19,17,8,26,33,7,4,18,5,,5,null,42.2,17,11,73.3,54.0,108.5,106.7,278,194,3,3,0,0,2.44,3.28,3.5,H,3,0
2019,2023-24,2024-01-17,30,17:30,Vitality Stadium,11241,Andy Madley,Foggy,23.6,78,Derby,Bournemouth,Everton,,Sean Dyche,4-2-3-1,4-3-3,ATTACK,defense,average,average,0,3,0,4,none,33;43+2;51;69,11,15,8,6,72.7,40.0,0.1,3.9,-0.1,0.1,47.9,,623,625,82.7,80.5,79,21,7,6,0,1,19,17,0,0,0,1,0,1,19,16,2,3,1,0,6,2,2,8,4,0,26,22,11,15,35,33,12,7,25,21,8,21,43.3,36.9,5,18,71.2,51.6,105.5,110.9,185,281,5,3,0,0,2.95,2.96,3.1,A,0,3
371,2019-20,2020-04-26,22,12:30,City Ground,26191,Michael Oliver,Rainy,20.5,69,Top 4 battle,Nottm Forest,Wolves,Nuno Espirito Santo,Gary O'Neil,5-4-1,4_1_4_1,defense,defense,average,,1,1,2.0,2,14;62,18;56,14,11,7,5,50.0,45.5,2.05,2.74,-0.05,-0.74,51.2,48.8,508,461,83.3,77.9,59,60,8,6,0,1,13,16,0,0,0,0,0,0,10,13,2,2,0,0,5,3,3,5,2,2,16,25,10,12,33,24,,5,6,13,14,22,18.1,36.7,11,4,50.6,69.6,116.4,106.3,281,195,3,4,0,0,2.74,3.47,2.89,D,1,1
1674,2023-24,2023-11-26,38,16:30,Etihad Stadium,44660,Thomas Bramall,Foggy,15.1,63,League,Manchester City,Luton Town,Pep Guardiola,Rob Edwards,3-5-2,4-3-3,,def,good,good,1,0,,0,42,none,13,16,8,2,61.5,12.5,0.66,0.1,0.34,N/A,74.0,26.0,610,571,88.2,73.9,45,62,5,7,1,0,12,20,0,0,0,0,0,0,9,,0,2,0,0,5,2,2,7,0,1,12,10,20,12,19,18,6,7,8,22,23,6,35.1,20.5,16,15,45.6,55.2,107.0,104.5,190,227,3,4,1,0,-,5.5,3.43,H,3,0
365,2019-20,2020-04-22,13,20:00,Selhurst Park,25312,Stuart Attwell,,9.4,70,Cup,Crystal Palace,Everton,Oliver Glasner,Sean Dyche,4-3-3,4-3-3,,defense,average,average,nan,1,3,1,23+5;53;90,90+4,9,7,5,,55.6,71.4,2.79,0.78,0.21,0.22,47.5,-,688,646,78.4,76.7,21,65,11,5,0,0,19,20,0,0,1,0,1,nan,20,19,1,1,,0,2,5,4,2,1,3,21,21,16,12,16,25,6,9,13,N/A,17,8,38.3,32.1,20,6,58.7,59.3,108.5,115.5,288,nan,3,,2,0,2.37,3.34,3.6,H,3,0
1712,2023-24,2023-12-25,22,12:30,Tottenham Hotspur Stadium,52219,Stuart Attwell,Light Rain,15.3,90,League,Tottenham,Crystal Palace,Ange Postecoglou,Oliver Glasner,4-3-2-1,4-1-4-1,attack,defense,average,bad,1,1,2,1,4;9,23,18,7,10,7,55.6,100.0,2.05,,-0.05,-0.37,56.4,43.6,585,,83.6,75.9,41,53,7,8,0,,8,,0,0,1,0,1,0,9,10,0,2,0,0,4,1,6,8,1,2,25,20,10,17,18,18,,4,8,11,13,16,20.8,17.0,7,14,47.6,53.3,110.1,109.1,299,216,1,4,1,0,,4.13,3.14,H,3,0
1480,2022-23,2023-04-03,12,20:00,Selhurst Park,19276,John Brooks,Light Rain,9.5,64,League,Crystal Palace,Burnley,Oliver Glasner,Vincent Kompany,3-5-2,4-2-3-1,defense,defense,bad,good,0,0,3,0,11;67;83,none,13,7,3,6,23.1,85.7,2.41,0.14,0.59,-0.14,59.9,40.1,566,369,75.4,71.1,72,69,5,4,0,nan,14,8,1,0,1,0,0,0,7,15,3,3,0,0,1,,6,0,N/A,3,23,18,13,10,32,25,9,2,12,19,25,8,29.8,24.3,9,17,74.7,,105.0,115.0,150,275,4,2,0,0,2.63,,3.13,H,3,0
1705,2023-24,2023-12-21,30,17:30,Emirates Stadium,56178,John Brooks,Foggy,15.7,71,Derby,Arsenal,Manchester United,Mikel Arteta,Erik ten Hag,4-2-3-1,,attack,balanced,average,average,1,0,4,0,9;53;75;84,none,14,7,7,5,50.0,71.4,3.83,0.1,0.17,,54.6,45.4,635,372,92.9,83.3,21,75,4,7,1,0,8,16,0,0,2,1,1,0,12,10,2,2,0,0,3,5,5,3,N/A,4,18,17,15,7,15,32,8,9,18,5,24,6,36.7,42.8,10,9,58.4,58.5,107.0,97.7,187,195,4,3,1,1,2.71,N/A,,H,3,0
1220,2022-23,2022-09-28,20,16:30,Old Trafford,57520,Chris Kavanagh,Windy,12.7,93,Cup,Manchester United,Sheffield United,Erik ten Hag,Chris Wilder,3-4-3,4-4-2,balanced,defense,bad,good,0,0,2,0,63;84,none,N/A,12,5,2,45.5,16.7,2.13,0.37,-0.13,-0.37,72.0,28.0,568,442,,72.7,41,52,9,3,0,0,,18,0,0,0,0,0,0,15,13,1,3,0,0,3,0,2,3,0,2,30,12,5,10,26,20,11,9,10,22,25,5,22.8,31.2,18,,48.7,53.3,105.7,102.9,296,264,1,,1,0,1.98,6.07,3.04,H,3,0
1833,2023-24,2024-03-19,37,15:00,Kenilworth Road,8418,Chris Kavanagh,Overcast,10.7,43,League,Luton Town,Brighton,Rob Edwards,Roberto De Zerbi,4-3-2-1,5-4-1,defense,balanced,good,bad,0,1,0,,none,2;81,13,7,2,4,15.4,57.1,0.37,2.23,-0.37,-0.23,42.9,57.1,312,268,72.0,84.6,61,30,8,5,,1,10,9,0,0,0,0,0,0,14,7,0,0,0,1,5,,2,2,2,0,24,25,7,5,38,14,4,10,20,18,22,4,17.1,19.6,13,4,40.5,71.8,109.0,101.7,159,192,2,1,0,0,2.49,4.17,2.79,A,0,3
748,2020-21,2021-05-29,19,16:30,Vitality Stadium,##,Michael Oliver,Rainy,17.3,84,Derby,Bournemouth,Luton Town,Andoni Iraola,Rob Edwards,4-1-4-1,3-4-3,attack,defense,good,average,1,0,1,0,14,none,18,-1,6,,33.3,40.0,0.83,0.1,N/A,-0.1,49.5,50.5,461,604,77.8,79.2,46,28,4,4,0,0,20,7,0,0,0,0,0,0,6,18,4,2,0,0,3,4,4,5,0,1,27,25,6,18,26,20,3,7,20,17,10,11,21.0,21.6,20,11,48.6,50.9,108.2,111.8,,163,1,6,0,0,2.19,3.57,3.8,H,3,0
597,2020-21,2021-02-09,6,19:45,Goodison Park,38026,Robert Jones,Foggy,6.6,40,League,Everton,Crystal Palace,Sean Dyche,Oliver Glasner,4-3-2-1,5-4-1,DEFENSE,defense,good,bad,0,1,2,3,2;19,13+1;82;86,14,10,8,3,57.1,30.0,2.98,2.39,-0.98,0.61,52.6,47.4,682,356,77.8,83.1,31,56,10,2,1,1,nan,8,0,0,0,0,0,0,17,13,2,0,0,0,1,3,0,6,3,2,27,15,14,15,31,38,2,2,16,19,13,19,37.7,nan,15,14,73.0,50.3,104.5,104.6,247,181,1,2,2,0,2.21,5.85,2.66,A,0,3
671,2020-21,2021-04-08,11,16:30,St. James' Park,47384,Simon Hooper,Overcast,12.6,86,League,Newcastle,Liverpool,Eddie Howe,Jurgen Klopp,4-1-4-1,3-4-3,defense,attack,good,average,1,1,1,3,65,9;34;35,18,14,7,3,38.9,21.4,null,1.97,-0.24,1.03,50.1,49.9,,578,83.7,90.0,31,nan,,3,0,1,11,17,1,0,0,2,0,1,9,15,N/A,1,1,0,5,4,0,6,3,1,17,11,19,11,13,35,11,9,10,7,23,19,33.7,33.1,6,12,69.6,42.9,105.2,103.1,184,217,3,5,2,1,2.73,3.83,2.68,A,0,3
1364,2022-23,2023-01-08,4,12:30,Molineux Stadium,,Simon Hooper,Clear,9.6,49,Relegation 6-pointer,Wolves,Luton Town,Gary O'Neil,Rob Edwards,3-4-3,4-3-2-1,defense,defense,good,average,0,0,3,0,42;55;63,none,16,15,5,6,31.2,40.0,2.6,0.23,0.4,-0.23,53.9,46.1,664,353,81.0,76.0,23,31,6,5,1,0,22,10,0,0,0,0,,0,15,6,2,4,0,0,3,,6,2,0,3,21,17,6,15,17,11,5,2,22,15,13,12,28.8,33.1,16,7,-,49.2,101.6,115.2,192,218,5,4,1,0,1.93,7.16,2.92,H,3,0
1222,2022-23,2022-09-28,1,17:30,Amex Stadium,24671,Robert Jones,Foggy,8.7,66,League,Brighton,Tottenham,Roberto De Zerbi,Ange Postecoglou,4-4-2,3-4-3,balanced,attack,average,average,0,1,2,2,7;75,17+5;54,19,7,3,4,15.8,57.1,1.67,2.23,,-0.23,55.1,44.9,606,524,88.2,88.8,41,24,9,4,0,1,9,13,1,0,0,1,0,1,17,13,1,2,0,0,1,,,1,2,2,26,18,10,15,22,32,8,2,9,19,N/A,20,33.0,31.1,19,17,69.0,49.3,108.6,112.7,244,282,3,5,1,1,2.75,3.15,,D,1,1
345,2019-20,2020-04-11,6,17:30,Emirates Stadium,55084,Michael Oliver,Clear,,-,Title race,Arsenal,Tottenham,Mikel Arteta,Ange Postecoglou,5-4-1,4-4-2,attack,attack,bad,good,1,,2,2,32;63,17;34+4,18,14,10,4,##,28.6,2.33,1.68,,0.32,59.4,40.6,524,547,90.0,83.4,56,30,3,4,1,0,14,8,0,0,1,1,N/A,1,12,11,1,1,0,0,5,4,2,8,2,2,27,25,14,8,31,36,10,4,10,19,8,16,21.2,44.5,6,11,67.2,55.1,107.5,114.2,291,261,2,3,1,0,2.19,7.23,2.47,D,1,1
1751,2023-24,2024-01-24,34,20:00,Gtech Community Stadium,13056,Stuart Attwell,Light Rain,18.0,87,League,Brentford,Aston Villa,Thomas Frank,Unai Emery,4-3-3,4_2_3_1,attack,attack,average,average,0,0,2,0,48;73,none,10,11,6,4,60.0,,2.33,0.45,-0.33,-0.45,51.1,,523,392,85.3,80.1,55,74,2,2,1,0,16,6,0,0,1,0,1,0,9,17,4,3,0,0,0,1,4,4,0,2,19,26,17,N/A,14,27,2,4,18,17,,20,29.8,-,18,nan,42.1,62.4,102.7,111.6,231,243,1,4,2,1,2.57,5.24,2.38,H,,0
1433,2022-23,2023-03-02,19,12:30,Emirates Stadium,50688,Paul Tierney,Light Rain,4.2,56,Title race,Arsenal,Brentford,Mikel Arteta,Thomas Frank,4-2-3-1,4-1-4-1,attack,attack,good,good,1,0,4,1,20;35;36;74,8,14,7,10,7,71.4,100.0,4.46,0.91,-0.46,0.09,61.9,38.1,430,602,91.9,79.5,,63,4,7,1,1,8,6,1,0,0,0,0,0,9,12,2,2,0,0,5,4,6,6,1,4,23,19,8,nan,,13,6,6,16,18,16,9,44.5,18.9,9,17,41.2,71.1,109.4,108.5,173,245,1,4,1,0,2.22,4.24,3.19,H,3,0
1827,2023-24,2024-03-14,15,20:00,St. James' Park,48177,Andy Madley,Sunny,11.5,71,Derby,Newcastle,Bournemouth,Eddie Howe,Andoni Iraola,3_4_3,4-1-4-1,defense,attack,average,average,2,0,2,0,,none,10,14,3,5,30.0,35.7,1.89,0.2,0.11,-0.2,65.2,34.8,535,453,80.4,77.3,37,61,4,8,0,0,20,7,0,0,0,0,0,0,18,18,,1,0,0,4,2,5,1,0,2,24,26,18,,15,21,7,8,23,12,18,8,29.9,38.2,7,17,63.0,63.5,107.1,101.0,284,262,1,4,1,1,2.1,3.83,3.81,H,3,0
1309,2022-23,2022-11-29,16,16:30,Gtech Community Stadium,15244,Paul Tierney,Light Rain,15.0,50,League,Brentford,Wolves,Thomas Frank,Gary O'Neil,3-5-2,4-4-2,attack,defense,good,good,0,1,2,1,21;80,23+5,9,6,4,6,44.4,100.0,2.55,##,-0.55,-0.43,59.3,40.7,628,594,85.7,75.0,49,71,3,5,2,,18,16,0,0,0,0,0,0,12,14,2,0,0,0,0,3,5,2,1,2,19,22,15,16,37,8,6,8,22,12,8,6,25.1,27.1,16,15,56.8,56.2,111.2,109.4,218,278,1,-2,0,0,2.58,3.22,3.32,H,3,0
1891,2023-24,2024-04-26,29,12:30,Turf Moor,19267,Simon Hooper,Windy,13.2,95,League,Burnley,Bournemouth,Vincent Kompany,Andoni Iraola,4-3-2-1,3-5-2,defense,attack,average,average,1,0,1,0,48,none,9,17,3,6,33.3,35.3,1.38,0.1,-0.38,-0.1,43.4,56.6,694,479,70.3,76.1,31,53,3,5,0,0,9,8,0,0,0,2,0,0,9,11,2,3,0,0,1,4,6,2,0,1,28,23,15,16,22,23,11,5,21,7,13,16,36.7,27.7,14,12,63.6,69.9,107.9,102.8,,226,3,2,0,0,3.15,3.91,2.35,H,3,0
1102,2021-22,2022-04-13,17,17:30,London Stadium,51001,Andy Madley,Light Rain,15.7,92,Cup,West Ham,Everton,David Moyes,Sean Dyche,3-5-2,3-4-3,defense,defense,good,good,1,1,4,2,4+2;40+1;58;64,2;90,19,14,4,3,21.1,21.4,4.48,1.64,-0.48,0.36,45.5,54.5,599,584,77.9,79.7,60,57,9,7,0,2,,18,0,0,,0,0,0,10,6,1,2,1,,6,2,1,0,2,4,10,13,19,16,29,19,9,5,6,10,23,12,17.4,34.2,8,6,45.1,52.7,115.5,101.5,226,211,,4,0,0,2.92,3.39,2.76,H,3,0
2075,2020-21,2021-01-30,28,15:00,Tottenham Hotspur Stadium,50759,Michael Oliver,Clear,9.2,63,Cup,Tottenham,Crystal Palace,Ange Postecoglou,Oliver Glasner,3-5-2,5-4-1,attack,defense,good,bad,0,1,1,1,42,10,15,8,4,6,26.7,75.0,,1.25,0.2,-0.25,59.5%,40.5,684,253,82.5,81.5,59,31,11,1,0,0,13,13,0,,0,0,,0,18,19,2,3,,0,0,1,5,3,1,1,24,23,7,14,12,27,4,9,16,21,14,19,24.4,42.9,19,10,42.4,68.2,107.0,107.5,170,282,2,4,1,1,2.0,4.5,3.6,D,1,1
1803,2023-24,2024-02-26,11,14:05,Selhurst Park,24973,Anthony Taylor,Clear,12.0,81,Cup,Crystal Palace,Manchester City,Oliver Glasner,Pep Guardiola,4-1-4-1,4-2-3-1,defense,balanced,good,bad,,2,1,2,76,50;78,18,12,5,5,27.8,41.7,1.23,2.29,-0.23,-0.29,35.6,64.4,440,338,81.1,88.8,76,20,5,6,1,,14,11,0,2,1,0,0,0,10,20,?,1,0,0,1,0,3,4,2,1,20,15,,5,12,8,8,10,19,8,23,16,38.2,39.8,11,11,73.6,52.0,114.4,106.2,195,,3,3,1,1,2.55,3.86,2.87,A,0,3
915,2021-22,2021-11-28,11,19:45,Emirates Stadium,null,Stuart Attwell,,11.5,56,Top 4 battle,Arsenal,Manchester United,Mikel Arteta,Erik ten Hag,4-4-2,4-4-2,attack,balanced,,average,1,0,2,3,13;38,51;57;70,10,13,8,3,N/A,23.1,2.1,3.7,-0.1,-0.7,47.9,,332,407,83.8,,28,53,,4,1,2,16,11,0,0,1,0,0,,9,18,1,2,0,0,1,1,0,6,3,2,22,11,20,6,10,,7,4,16,11,5,13,26.6,16.1,12,7,67.0,47.7,106.7,106.2,265,211,1,1,1,1,2.07,4.81,3.25,A,0,3
255,2019-20,2020-02-06,1,19:45,Tottenham Hotspur Stadium,59496,Michael Oliver,Overcast,9.0,,League,Tottenham,Aston Villa,Ange Postecoglou,Unai Emery,4-3-3,5-4-1,attack,attack,bad,,0,1,1,1,74,,16,nan,8,3,50.0,27.3,0.81,0.85,0.19,0.15,53.4,46.6,401,369,85.0,83.4,76,46,6,2,1,1,15,9,0,0,0,0,0,0,14,12,,3,0,0,2,0,2,7,1,1,25,27,6,14,33,17,7,7,10,13,9,9,22.4,26.7,9,15,43.4x,51.6,?,110.6,211,172,1,2,1,1,2.56,3.19,3.38,D,1,1
1568,2023-24,2023-09-16,8,20:00,Emirates Stadium,59975,Jarred Gillett,Sunny,11.0,71,Title race,Arsenal,Crystal Palace,Mikel Arteta,Oliver Glasner,3-5-2,4-2-3-1,attack,DEFENSE,average,average,0,0,0,0,none,none,12,15,2,4,16.7,26.7,0.27,0.1,-0.27,-0.1,51.0,49.0,391,614,,77.4,68,38,3,2,0,0,,,0,0,0,1,0,0,18,8,0,2,0,0,2,5,4,2,0,0,22,23,5,11,31,37,8,10,11,20,6,,25.0,20.9,13,5,43.2,67.5,-,107.2,259,N/A,1,6,1,0,2.25,3.98,,D,1,1
121,2019-20,2019-11-04,38,19:45,Bramall Lane,28855,Andy Madley,Windy,10.2,84,Relegation 6-pointer,Sheffield United,Burnley,Chris Wilder,Vincent Kompany,4-2-3-1,4-3-2-1,defense,,,bad,1,1,2,1,29;61,90,16,11,10,2,62.5,18.2,2.47,1.13,-0.47,-0.13,40.5,59.5,653,431,68.9,72.7,78,75,9,4,1,1,6,17,0,0,1,0,1,0,17,16,0,2,1,0,4,5,1,8,,2,18,18,17,7,23,11,10,7,8,21,24,10,35.3,24.6,15,,,41.3,110.4,107.3,151,205,4,3,1,1,2.53,4.34,2.67,H,3,0
520,2020-21,2020-12-20,12,16:30,Molineux Stadium,26185,Stuart Attwell,Light Rain,3.0,43,League,Wolves,Bournemouth,Gary O'Neil,Andoni Iraola,,5-4-1,defense,attack,bad,average,1,0,1,1,73,32,10,15,9,1,90.0,6.7,0.95,1.18,,-0.18,49.6,50.4,,350,82.4,79.2,71,62,4,5,1,0,17,7,0,0,0,0,0,0,9,10,1,1,0,0,6,4,0,8,1,1,23,22,18,6,37,10,10,4,24,12,13,20,22.8,33.3,9,7,61.5,70.6,107.7,105.7,,285,1,3,1,0,2.45,3.14,,D,1,1
1458,2022-23,2023-03-18,22,20:00,Anfield,49191,Michael Oliver,Cloudy,26.0,74,League,Liverpool,Fulham,Jurgen Klopp,Marco Silva,4-3-3,5-4-1,attk,BALANCED,good,average,0,2,4,2,35+4;35;46+2;51,26;29,17,13,10,2,58.8,15.4,,2.38,-0.1,-0.38,59.2,40.8,699,542,88.6,76.2,54,41,9,,2,1,6,18,0,0,1,0,?,0,8,6,3,2,0,0,5,0,0,6,2,4,10,15,5,15,38,34,2,4,25,7,25,5,18.1,23.7,9,13,53.0,67.1,102.0,113.7,253,202,0,2,0,0,2.02,5.04,3.25,H,,0
1545,2023-24,2023-08-28,13,14:05,Molineux Stadium,30926,Michael Oliver,Cloudy,7.9,50,Relegation 6-pointer,Wolves,Crystal Palace,Gary O'Neil,Oliver Glasner,5-4-1,,defense,defense,good,good,0,0,0,2,none,41;85,10,9,5,7,50.0,77.8,0.33,2.76,,-0.76,52.7,47.3,367,640,,78.8,35,54,3,5,0,1,19,19,0,1,0,0,0,0,9,20,3,0,N/A,0,2,0,5,5,2,0,22,27,19,13,31,21,2,3,7,15,24,6,24.7,31.8,16,18,47.6,68.5,108.3,110.2,256,272,3,2,0,0,2.58,3.67,2.94,A,0,3
987,2021-22,2022-01-22,17,16:30,Villa Park,34914,Andy Madley,Windy,4.0,49,Cup,Aston Villa,Newcastle,Unai Emery,Eddie Howe,4-1-4-1,4-3-3,attack,defense,good,bad,0,0,2,1,5;56,81,18,11,6,6,33.3,54.5,1.61,0.88,0.39,0.12,51.0,49.0,453,437,84.8,88.9,50,48,4,3,1,0,19,15,1,0,1,1,1,1,19,9,1,2,1,0,6,2,5,4,1,2,24,27,7,14,30,33,11,10,12,12,11,10,25.8,16.1,14,15,64.5,62.0x,105.8,97.1,202,191,2,4,2,0,2.32,4.97,2.72,H,3,0
2063,2021-22,2022-01-31,13,19:45,Selhurst Park,22268,Paul Tierney,Sunny,10.9,41,Derby,Crystal Palace,Brighton,Oliver Glasner,Roberto De Zerbi,4-3-3,5-4-1,defense,bal,good,,0,1,2,2,34;67,40;81,9,16,9,N/A,100.0,18.8,,1.56,-0.06,0.44,42.0,58.0,498,511,82.7,81.1,28,43,3,1,1,1,13,7,0,1,1,0,0,0,17,18,1,1,0,0,3,1,1,7,2,2,13,20,15,7,16,15,5,N/A,18,,12,16,26.7,28.5,9,15,56.7,67.0,107.3,107.7,181,159,0,4,1,0,2.72,3.18,3.15,D,1,1
830,2021-22,2021-10-01,28,15:00,Selhurst Park,21486,Stuart Attwell,Light Rain,18.9,67,League,Crystal Palace,Sheffield United,Oliver Glasner,Chris Wilder,4-2-3-1,4-3-3,defense,defense,good,bad,1,1,2,1,42;75,77,15,14,7,6,46.7,42.9,1.68,##,0.32,,57.0,43.0,461,295,78.2,70.9,38,21,8,7,0,1,15,19,0,0,0,0,0,0,20,19,1,2,0,0,1,4,5,5,1,2,22,,18,7,40,25,4,6,9,15,5,8,15.8,40.5,9,12,74.9,59.9,111.8,107.1,261,214,4,3,3,1,2.18,5.73,2.72,H,3,0
551,2020-21,2021-01-11,3,14:05,Turf Moor,18985,Jarred Gillett,,6.3,88,Top 4 battle,Burnley,Arsenal,Vincent Kompany,Mikel Arteta,4-2-3-1,3_4_3,defense,attack,good,avg,0,,1,4,24,58;69;82;88,N/A,7,3,3,21.4,42.9,0.84,2.83,0.16,1.17,27.7,72.3,374,298,74.2,92.5,47,52,11,6,1,1,8,7,0,1,0,1,0,1,20,10,0,1,0,0,6,3,0,2,4,1,16,23,9,10,31,31,3,8,24,7,20,8,38.6,,10,18,,48.7,111.3,109.0,270,242,2,5,0,0,3.6,3.03,2.55,A,0,3
1157,2022-23,2022-08-15,23,19:45,Tottenham Hotspur Stadium,52178,Chris Kavanagh,Overcast,20.1,65,Top 4 battle,Tottenham,Manchester City,Ange Postecoglou,Pep Guardiola,3-5-2,4-2-3-1,attack,BALANCED,average,average,0,3,2,3,53;73,67+3;75;85+1,?,8,,6,20.0,75.0,1.71,3.73,0.29,-0.73,49.7,50.3,688,620,88.2,93.2,54,58,2,1,1,0,7,14,0,0,,0,0,0,12,16,3,,0,0,2,2,3,0,3,2,20,24,19,11,23,18,4,5,7,19,14,7,22.2,25.0,11,13,43.0,46.7,111.6,106.6,286,264,2,5,N/A,,2.34,4.41,2.89,A,0,3
304,2019-20,2020-03-08,4,15:00,Molineux Stadium,24424,Andy Madley,Windy,-1.5,91,Relegation 6-pointer,Wolves,Newcastle,Gary O'Neil,Eddie Howe,4-3-2-1,4-2-3-1,defense,defense,good,good,,2,2,2,11;75,1;60,8,10,3,2,37.5,20.0,1.59,2.16,0.41,-0.16,43.1,56.9,645,446,78.1,82.0,69,73,9,9,1,0,8,5,1,0.0,0,0,0,0,8,11,2,2,0,0,2,1,0,1,2,2,26,28,20,16,14,19,10,10,nan,20,10,12,39.1,23.6,6,4,,,110.6,103.0,214,262,nan,3,0,0,3.06,4.22,2.29,D,1,
1402,2022-23,2023-02-07,15,15:00,Bramall Lane,28838,Paul Tierney,Overcast,14.9,85,League,Sheffield United,Liverpool,Chris Wilder,Jurgen Klopp,3-4-3,4-3-2-1,DEFENSE,attack,good,average,0,0,0,1,none,28+5,16,10,9,8,56.2,80.0,0.1,1.49,-0.1,-0.49,26.6,73.4,451,291,72.4,90.4,31,39,9,7,0,0,22,13,0,0,0,1,0,0,19,8,3,1,0,0,2,2,7,9,1,0,21,21,19,18,32,19,6,6,11,11,N/A,16,28.9,?,5,16,,70.7,105.0,?,282,182,0,1,2,2,3.35,3.45,2.43,A,0,3
465,2020-21,2020-11-07,3,12:30,Villa Park,38870,Paul Tierney,Rainy,11.9,?,Cup,Aston Villa,Luton Town,Unai Emery,Rob Edwards,5-4-1,5-4-1,attack,DEFENSE,bad,average,1,0,1,0,78,none,9,8,2,3,22.2,37.5,1.05,0.48,,-0.48,62.4,37.6,316,554,83.0,77.5,35,74,5,9,0,0,17,6,0,0,0,0,0,0,9,6,3,,0,0,6,0,3,1,0,1,28,11,20,,18,25,6,10,6,16,9,7,32.2,22.2,17,13,40.4,63.7,107.4,100.8,220,189,5,4,0,0,2.44,3.66,3.15,H,3,0
460,2020-21,2020-11-06,29,16:30,Craven Cottage,21464,Thomas Bramall,Clear,15.1,88,Relegation 6-pointer,Fulham,Arsenal,Marco Silva,Mikel Arteta,4-4-2,4-3-3,balanced,attack,average,average,0,0,1,0,79,none,14,16,,3,N/A,18.8,1.18,0.1,-0.18,-0.1,46.6,53.4,476,328,82.5,93.2,31,19,11,6,0,0,16,8,0,0,1,0,1,0,11,,nan,2,0,0,6,5,3,5,0,1,10,17,14,6,29,23,2,4,11,14,22,11,43.4,35.6,9,17,73.8,61.6,114.4,105.5,248,276,2,6,2,0,2.74,3.56,2.83,H,3,0
1144,2022-23,2022-08-07,5,17:30,Goodison Park,33748,Andy Madley,Overcast,4.9,52x,League,Everton,Brighton,,Roberto De Zerbi,3-5-2,,defense,balanced,average,average,0,1,0,1,none,51,11,9,,3,81.8,33.3,0.1,1.39,-0.1,-0.39,37.9x,62.1,572,559,75.6,86.0,54,72,5,9,0,0,14,5,0,0,0,0,0,0,17,,2,0,0,0,5,5,2,9,1,0,29,15,19,,25,14,9,9,18,22,5,15,40.9,19.2,9,16,45.7,58.1,105.4,102.4,212,285,1,3,0,0,3.25,3.28,null,A,0,3
1100,2021-22,2022-04-08,31,14:05,London Stadium,52711,Simon Hooper,Rainy,10.6,46,Title race,West Ham,Nottm Forest,David Moyes,Nuno Espirito Santo,4-4-2,4-3-2-1,defense,defense,good,bad,1,1,3,2,15+2;69+5;73,2;31+1,,16,3,3,17.6,18.8,2.91,2.34,0.09,-0.34,53.0,?,586,274,83.9,81.2,34,35,5,7,2,N/A,14,19,0,N/A,1,1,1,1,6,19,3,1,0,0,4,1,1,0,2,3,26,25,13,6,36,9,8,2,5,5,20,17,31.4,30.4,14,16,74.9,48.8,105.8,,186,144,,7,0,0,2.7,2.89,3.52,H,3,0
2028,2021-22,2022-05-12,37,15:00,London Stadium,57534,David Coote,Light Rain,21.6,61,Cup,West Ham,Bournemouth,David Moyes,Andoni Iraola,4-3-2-1,4-3-2-1,defense,attack,average,bad,0,2,3,2,46;73;90,9;46,11,17,9,4,81.8,23.5,1.94,2.01,1.06,-0.01,62.1,37.9,507,369,##,79.5,53,37,9,3,0,1,8,8,?,0,1,0,1,0,19,9,1,2,0,0,0,3,nan,6,2,nan,15,,8,16,19,19,6,4,17,18,16,12,?,19.0,16,7,68.6,43.2,105.5,104.2,,248,2,5,0,0,2.31,3.65,3.41,H,3,0
475,2020-21,2020-11-16,10,12:30,Molineux Stadium,27081,Michael Oliver,Windy,1.9,43,League,Wolves,Sheffield United,Gary O'Neil,Chris Wilder,4-1-4-1,,defense,defense,average,good,4,1,4,1,67;88;89;90,75,15,8,5,8,,100.0,3.15,0.73,0.85,,60.3,39.7,655,290,75.6,70.5,54,39,3,9,2,1,6,11,0,0,0,0,0,0,16,19,1,3,,0,2,1,7,1,1,4,10,13,18,15,25,31,7,6,15,10,5,21,42.7,36.1,13,6,,52.2,114.9,107.7,199,202,1,5,0,0,2.06,6.62,2.74,H,,
1299,2022-23,2022-11-25,23,15:00,Turf Moor,20634,Stuart Attwell,Clear,29.4,N/A,League,Burnley,Chelsea,Vincent Kompany,Mauricio Pochettino,3-5-2,4-1-4-1,defense,balanced,good,average,0,0,1,0,,none,10,16,7,,70.0,25.0,0.79,0.1,0.21,-0.1,37.6,62.4,424,524,72.0,86.8,56,25,7,2,1,0,7,9,,0,0,0,0,0,14,12,3,2,nan,0,3,2,4,6,0,1,20,26,9,8,40,29,,3,16,6,6,19,15.6,30.2,20,N/A,60.7,41.4,108.3,106.6,245,275,2,6,,0,3.85,2.88,2.54,H,3,0
1430,2022-23,2023-02-28,2,19:45,Molineux Stadium,27697,Jarred Gillett,Rainy,22.5,47,League,Wolves,Tottenham,Gary O'Neil,Ange Postecoglou,4-4-2,4-3-2-1,defense,attack,bad,good,2,0,2,3,5;71+3,,13,17,8,3,61.5,17.6,2.41,3.57,-0.41,-0.57,45.9,54.1,686,278,78.1,87.4,23,59,9,5,1,1,18,17,0,1,0,0,0,0,14,15,0,1,0,0,5,1,0,6,3,2,22,20,10,17,14,20,5,5,7,16,21,13,40.6,41.9,15,8,47.2,60.6,109.7,100.6,200,264,5,2,0,0,3.22,3.08,2.74,A,0,3
299,2019-20,2020-03-09,34,17:30,Kenilworth Road,,David Coote,Cloudy,10.5,85,League,Luton Town,Everton,Rob Edwards,Sean Dyche,3-4-3,4-4-2,defense,,average,poor,0,1,,3,4,45+3;54;72,8,9,2,3,25.0,33.3,0.99,3.96,0.01,-0.96,37.4,62.6,387,615,75.2,83.6,38,73,3,1,0,1,13,8,0,nan,,1,1,1,12,8,2,2,0,1,4,0,0,1,3,1,21,11,9,14,20,22,7,10,11,7,22,22,27.8,25.0,19,11,?,57.3,109.1,107.2,194,257.0,1,2,0,0,,3.31,2.56,A,0,3
1968,2022-23,2022-08-11,25,20:00,St. James' Park,46556,Simon Hooper,Overcast,9.5,62,Cup,Newcastle,Manchester United,Eddie Howe,Erik ten Hag,4-3-3,3-4-3,defense,balanced,good,BAD,2,0,2,0,31;39,none,11,6,9,3,81.8,50.0,2.06,0.1,-0.06,-0.1,45.4,54.6,,608,,83.6,63,46,3,4,2,0,13,5,0,0,0,0,0,0,,7,1,4,0,0,1,4,3,7,nan,2,30,24,8,17,30,27,8,7,17,11,6,11,31.9,38.6,18,11,63.9,56.5,?,107.4,163,235,1,0,0,0,2.46,5.12,2.51,H,3,0
382,2020-21,2020-09-12,37,16:30,Stamford Bridge,35150,Michael Oliver,Foggy,19.3,63,Title race,Chelsea,Manchester City,Mauricio Pochettino,Pep Guardiola,4-1-4-1,5-4-1,balanced,balanced,good,bad,0,1,2,1,3;50,21,14,6,10,N/A,,66.7,2.23,,-0.23,0.26,48.0,52.0,465,311,81.3,92.2,26,57,11,9,1,1,17,19,1,0,1,0,1,0,16,11,2,4,0,0,6,4,3,8,1,2,24,22,6,16,16,10,6,9,18,17,11,7,16.0,18.7,9,5,44.7,44.7,108.3,,190,201,5,3,0,0,2.69,4.31,2.52,H,3,0
1097,2021-22,2022-04-09,22,20:00,Anfield,56684,,Light Rain,1.9,85,Derby,Liverpool,Arsenal,Jurgen Klopp,Mikel Arteta,3-5-2,5-4-1,attack,attk,avg,good,0,0,2,0,33;49,none,20,12,7,1,,8.3,1.78,N/A,0.22,,54.1,45.9,410,330,,90.3,52,75,8,6,1,0,9,5,2,0,0,0,0,0.0,13,15,3,4,0,0,6,3,1,,0,2,11,15,12,6,20,13,2,3,16,13,22,8,22.3,32.6,9,4,54.4,40.9,108.2,105.3,191,256,2,3,3,0,2.54,4.33,2.66,H,3,0
176,2019-20,2019-12-11,21,16:30,Etihad Stadium,52242,Michael Oliver,Overcast,8.7,86,League,Manchester City,Sheffield United,Pep Guardiola,Chris Wilder,3-5-2,4-1-4-1,balanced,,good,average,3,0,4,0,23;62;71;76,none,19,12,4,2,21.1,16.7,3.76,0.1,0.24,-0.1,75.2,24.8,571,542,93.7,69.7,52,25,999,5,2,0,13,,0,0,0,0,0,0,,9,2,2,0,1,4,0,2,0,0,4,20,11,15,14,29,33,3,7,16,6,13,7,21.4,22.5,15,14,53.7,67.5,99.5,114.0,256,163,4,3,2,0,1.83,3.71,5.46,H,3,0
64,2019-20,2019-09-20,10,15:00,Selhurst Park,23395,John Brooks,Clear,10.7,55,League,Crystal Palace,Nottm Forest,Oliver Glasner,Nuno Espirito Santo,4-4-2,4-2-3-1,defense,defense,bad,good,2,1,3,1,48;58;75,37+4,17,12,4,5,23.5,41.7,2.86,1.32,0.14,,44.8,55.2,556,338,,80.3,72,22,11,7,1,1,9,15,0,0,1,0,1,0,6,17,3,1,0,0,5,2,4,1,1,3,22,28,10,17,17,29,3,5,,13,8,21,25.2,43.4,14,4,50.8,69.7,##,113.7,240,190,0,5,1,1,2.98,,3.55,H,3,
1213,2022-23,2022-09-28,14,17:30,Amex Stadium,26326,Paul Tierney,Clear,12.6,76,League,Brighton,Nottm Forest,Roberto De Zerbi,Nuno Espirito Santo,4-3-3,4-3-2-1,balanced,defense,good,good,1,1,4,1,2;7;22+1;28,74+5,8,16,-1,8,75.0,50.0,4.76,0.77,-0.76,0.23,64.2,35.8,?,253,88.3,74.6,67,18,,3,2,0,9,18,1,0,0,0,0,0,13,18,2,1,0,1,0,3,7,2,1,4,,26,10,,10,20,5,10,12,20,18,18,23.0,19.6,6,17,57.9,44.4,104.6,109.9,164,168,3,3,1,1,2.65,3.09,3.34,H,3,0
1380,2022-23,2023-01-23,36,15:00,Craven Cottage,23768,Andy Madley,Overcast,20.1,70,League,Fulham,Aston Villa,Marco Silva,Unai Emery,3-5-2,4-2-3-1,balanced,attack,average,bad,3,1,5,1,6;10;11;37;56,28,15,11,9,2,60.0,18.2,5.26,0.54,-0.26,0.46,53.8,46.2,599,,84.4,87.5,57,64,8,5,0,nan,20,18,0,0,,0,1,0,10,16,2,2,,0,0,5,1,4,1,5,,28,12,16,16,18,8,8,9,12,5,9,,34.6,19,6,41.7,53.4,101.0,102.6,166,269,2,5,1,0,3.05,4.22,2.3,H,3,0
1472,2022-23,2023-03-29,17,19:45,London Stadium,60018,Jarred Gillett,Light Rain,7.7,60,League,West Ham,Arsenal,David Moyes,Mikel Arteta,,4-3-3,defense,attack,average,average,2,1,4,2,17+3;34;62;76,32+1;62,18,10,9,7,50.0,70.0,5.02,1.65,-1.02,0.35,38.2,61.8,498,374,78.0,90.8,80,73,11,4,2,2,16,18,0,nan,1,0,1,0,7,15,3,2,0,0,1,3,5,,2,4,27,18,19,17,32,37,6,8,10,10,16,8,17.2,30.1,8,15,41.5,47.7,104.8,109.3,241,221,3,7,3,0,2.68,4.03,2.64,H,3,0
1895,2023-24,2024-05-04,29,19:45,London Stadium,61311,Anthony Taylor,Overcast,17.9,62,League,West Ham,Bournemouth,David Moyes,Andoni Iraola,5-4-1,4-2-3-1,defense,attack,average,poor,0,0,1,0,8+5,none,18,13,7,8,38.9,61.5,0.62,0.1,0.38,nan,56.5,43.5,437,369,77.8,80.9,23,37,nan,1,1,0,12,17,0,0,0,0,0,0,16,20,0,0,0,0,2,0,8,6,0,1,13,18,9,12,-12,35,3,5,17,12,,22,38.1,26.2,6,10,53.1,66.9,107.3,106.9,234,202,1,6,0,0,,3.98,3.78,H,3,0
640,2020-21,2021-03-13,26,16:30,Goodison Park,38562,Anthony Taylor,Light Rain,19.2,79,Top 4 battle,Everton,Arsenal,Sean Dyche,Mikel Arteta,4-3-2-1,3-5-2,defense,attack,average,average,0,1,0,2,none,46;59+2,20,9,6,2,30.0,22.2,0.1,2.06,-0.1,-0.06,47.3,52.7,425,364,76.0,91.0,47,74,4,6,0,0,17,19,0,0,,0,0,0,9,13,0,2,0,0,2,1,0,6,2,,25,15,15,7,26,,3,8,24,14,18,21,,,19,18,66.6,64.4,104.8,106.5,259,175,1,2,3,1,2.95,4.07,2.41,A,0,3
1156,2022-23,2022-08-13,24,19:45,Gtech Community Stadium,16675,Anthony Taylor,Rainy,14.6,61,League,Brentford,Sheffield United,Thomas Frank,Chris Wilder,5-4-1,4-3-2-1,attack,defense,,average,2,0,-2,0,43;83,none,16,7,4,-4,25.0,57.1,2.11,0.41,-0.11,-0.41,62.6%,37.4,623,564,76.9,74.5,64,28,N/A,7,2,0,14,,0,0,0,0,0,0,9,,0,1,0,0,5,1,4,2,0,?,17,20,8,5,10,8,6,8,19,22,16,21,44.9,42.2,7,14,52.1,56.7,110.0,103.8,282,204,0,5,1,1,1.91,,3.35,H,3,0
1589,2023-24,2023-09-29,37,12:30,Molineux Stadium,31229,Stuart Attwell,Light Rain,9.6,66,League,Wolves,Liverpool,Gary O'Neil,Jurgen Klopp,4-3-3,4-3-2-1,DEFENSE,attack,average,average,0,2,0,3,none,32;40;69,13,8,9,4,69.2,50.0,0.11,3.49,-0.11,-0.49,37.2%,62.8,675,541,82.9,86.0x,22,32,10,5,0,0,6,18,0,0,0,0,0,0,17,12,2,4,0,0,0,2,,9,3,0,19,19,15,6,20,26,11,10,21,17,13,22,24.0,19.6,10,17,60.9,57.0,98.5,110.2,157,231,4,3,1,0,2.79,N/A,2.94,A,0,3
2097,2022-23,2022-12-03,8,14:05,Selhurst Park,24227,Jarred Gillett,Rainy,13.9,47,Cup,Crystal Palace,Aston Villa,Oliver Glasner,,4-2-3-1,4-2-3-1,defense,attack,avg,average,0,0,0,2,none,59+2;81,15,6,8,2,53.3,33.3,0.3,2.21,-0.3,-0.21,40.7,##,665,563,83.6,88.1,38,69,6,2,0,2,N/A,15,0,0,0,0,0,0,18,15,2,2,0,0,5,0,0,8,2,0,30,17,17,16,16,?,6,4,6,21,12,7,19.9,36.4,9,17,47.1,68.1,110.2,108.1,215,278,2,,0,0,2.88,3.51,2.72,A,0,3
1666,2023-24,2023-11-20,20,17:30,Bramall Lane,25851,Andy Madley,Light Rain,26.4,62,Top 4 battle,Sheffield United,Crystal Palace,Chris Wilder,Oliver Glasner,4-1-4-1,3-4-3,defense,DEFENSE,good,good,1,0,2,2,76;83,44;68,8,,4,6,,60.0,,2.73,0.28,-0.73,41.8,58.2,342,334,75.8,76.2,70,52,6,7,0,0,11,8,0,0,1,0,,0,9,14,2,1,0,0,6,1,4,2,,2,27,19,nan,17,22,22,8,2,19,14,20,19,18.4,,6,N/A,62.6,70.4,108.8,109.0,272,243,2,3,1,0,3.66,2.63,2.89,D,1,1
1468,2022-23,2023-03-26,26,19:45,Gtech Community Stadium,13015,John Brooks,Windy,-0.1,65,League,Brentford,Crystal Palace,Thomas Frank,Oliver Glasner,4-1-4-1,4-2-3-1,attack,DEFENSE,average,average,3,,3,0,21;72;77,none,9,12,8,3,88.9,25.0,2.58,0.1,0.42,-0.1,57.5,42.5,553,491,85.3,78.0,28,64,4,7,2,0,18,15,0,0,0,,0,0,19,7,1,2,0,0,0,3,,5,0,3,29,12,9,14,13,15,2,3,13,9,20,21,16.7,29.0,13,15,70.8,65.1,110.1,108.5,152,177,3,3,0,nan,2.62,4.67,2.47,H,3,0
621,2020-21,2021-03-04,23,12:30,Amex Stadium,27261,Anthony Taylor,Light Rain,4.5,82,League,Brighton,Aston Villa,Roberto De Zerbi,Unai Emery,5-4-1,4-4-2,balanced,attack,good,good,0,0,1,1,81+1,,9,?,6,5,66.7,50.0,0.73,0.87,0.27,0.13,43.8,56.2,655,644,,87.0,32,52,10,8,0,1,18,14,0,0,1,0,0,0,12,6,3,2,0,0,5,0,4,5,1,1,15,20,13,11,34,10,10,8,9,7,19,,16.4,25.6,17,11,61.7,66.5,108.5,107.8,291,207,1,3,0,0,2.89,,2.42,D,1,1
1816,2023-24,2024-03-10,5,20:00,Goodison Park,,Anthony Taylor,Sunny,10.4,58,Top 4 battle,Everton,Chelsea,Sean Dyche,Mauricio Pochettino,3-4-3,3-5-2,defense,balanced,good,poor,2,0,3,2,55;74+4;86,##,10,9,,4,30.0,44.4,2.49,2.06,##,-0.06,45.0,55.0,676,588,##,84.2,69,45,10,2,1,0,,17,0,0,0,1,0,1,11,,3,2,0,,5,5,2,0,2,3,23,19,16,15,10,29,3,3,14,5,20,7,23.2,27.4,16,10,66.4,50.6,106.7,105.6,259,247,1,3,0,0,null,2.56,3.08,H,3,0
2094,2021-22,2021-12-25,6,12:30,City Ground,29634,Michael Oliver,Light Rain,12.1,78,Derby,Nottm Forest,Manchester City,Nuno Espirito Santo,Pep Guardiola,4-3-2-1,3-5-2,defense,balanced,average,good,0,1,1,2,46+5,9;22,20,9,8,8,40.0,88.9,0.41,1.62,0.59,0.38,39.2,60.8,524,538,,91.8,45,37,6,3,1,0,22,12,0,0,0,1,0,1,11,18,3,1,0,0,,3,6,7,2,1,10,16,11,15,19,8,5,2,17,7,10,13,18.1,39.6,18,nan,58.6,47.1,103.9,106.8,191,164,,0,2,2,2.64,5.66,2.25,A,0,3
620,2020-21,2021-03-03,9,17:30,Craven Cottage,24998,Thomas Bramall,Windy,20.7,75,Relegation 6-pointer,Fulham,Luton Town,Marco Silva,Rob Edwards,4-1-4-1,5-4-1,balanced,defense,,bad,0,2,1,2,31+5,60;85,17,15,4,2,,13.3,0.88,2.94,0.12,-0.94,54.2,45.8,389,644,78.9,77.3,31,59,,1,1,1,13,13,0,,0,0,0,0,19,17,2,1,0,0,4,5,0,3,2,1,17,22,15,11,38,12,5,6,25,5,22,15,39.3,33.9,7,13,47.7,60.4,114.5,105.8,214,,2,2,,2,,2.77,3.78x,A,0,3
41,2019-20,2019-09-05,32,12:30,Anfield,54288,Jarred Gillett,Clear,5.8,84,League,Liverpool,Sheffield United,Jurgen Klopp,Chris Wilder,3-5-2,4-2-3-1,attack,defense,average,good,1,0,nan,1,12;14;31;82,7,16,8,9,1,56.2,12.5,3.17,1.0,0.83,0.0,62.8,37.2,667,,87.5,71.2,28,52,2,6,1,0,13,17,0,0,1,1,1,1,9,20,3,1,,0,3,1,0,5,1,4,29,25,8,6,39,13,,3,7,18,12,11,16.4,17.6,7,16,53.6,71.1,,112.0,158,272,4,1,2,1,2.24,,3.79,H,3,0
1536,2023-24,2023-08-20,16,19:45,Bramall Lane,25133,David Coote,Windy,16.1,63,Title race,Sheffield United,Tottenham,Chris Wilder,Ange Postecoglou,5-4-1,3-4-3,def,attack,good,bad,2,4,3,4,29;78;90,8;39;62;82,20,,9,7,45.0,87.5,3.75,4.68,-0.75,-0.68,35.5,64.5,341,438,68.7,90.1,,33,5,6,1,2,13,6,1,0,1,0,1,0,15,12,0,1,0,0,3,0,3,6,4,3,22,24,11,18,35,N/A,8,5,7,7,22,8,,15.4,12,5,54.6,46.4,113.5,103.8,221,185,0,2,2,0,3.69,3.34,2.33,A,0,3
1937,2022-23,2023-03-01,28,16:30,Villa Park,39252,Chris Kavanagh,Windy,,52,Derby,Aston Villa,Everton,Unai Emery,Sean Dyche,4-3-3,4-3-3,attack,defense,average,average,0,0,2,0,34;62,none,9,10,4,7,44.4,70.0,2.03,0.23,-0.03,-0.23,62.8,37.2,435,415,86.6,80.1,29,23,7,1,1,0,10,12,0,0,0,0,0,0,8,9,2,2,0,0,0,5,7,2,0,2,28,18,,17,20,13,2,9,6,10,21,8,15.5,20.2,10,5,63.7,56.9,108.4x,106.6,251,,2,?,3,0,2.39,5.03,2.61,H,3,0
599,2020-21,2021-02-11,24,17:30,St. James' Park,39401,Paul Tierney,Windy,10.9,82,Derby,Newcastle,Aston Villa,Eddie Howe,Unai Emery,5_4_1,5_4_1,defense,attack,bad,average,2,1,2,1,46;51,6,9,15,3,4,33.3,26.7,1.43,1.04,0.57,,46.9,53.1,486,328,83.9,83.2,79,,11,4,0,1.0,19,11,0,1,1,0,0,0,nan,9,0,1,0,0,6,2,3,1,,2,19,15,16,11,19,23,11,2,25,14,19,5,41.5,17.1,14,18,52.3,nan,112.5,102.7,269,214,1,2,N/A,0,2.33,4.75,,H,3,0
1814,2023-24,2024-03-03,19,17:30,Vitality Stadium,10959,Robert Jones,Clear,-2.6,63,League,Bournemouth,Tottenham,Andoni Iraola,Ange Postecoglou,4-3-2-1,3-5-2,attack,attack,average,average,2,0,3,1,54;59;75,66,9,14,5,6,55.6,42.9,,0.99,-0.41,0.01,39.4,60.6,638,532,73.3,90.1,76,37,6,5,1,1,7,14,0,0,0,0,0,0,10,14,1,2,0,0,6,4,N/A,2,1,3,20,24,5,14,16,25,12,10,9,14,14,16,28.9,21.4,18,17,,66.7,119.9,109.3,223,189,3,2,0,0,3.25,3.12,2.69,H,3,0
835,2021-22,2021-10-03,24,19:45,Molineux Stadium,24104,Robert Jones,Cloudy,15.7,86,Top 4 battle,Wolves,Tottenham,Gary O'Neil,Ange Postecoglou,4-1-4-1,3-5-2,DEFENSE,attack,good,bad,,0,2,1,9;32,72,9,13,8,6,88.9,46.2,2.08,1.17,-0.08,-0.17,41.2,58.8,546,503,78.8,89.6,76,34,3,1,2,0,21,11,0,0,0,0,0,0,7,9,1,3,0,0,6,4,5,6,1,2,30,16,9,15,30,23,12,7,22,13,9,6,39.8,34.8,11,5,64.3,61.8,107.1,110.7,166,269,1,nan,,0,2.99,3.78,2.49,H,3,0
1606,2023-24,2023-10-09,12,17:30,Kenilworth Road,9102,Stuart Attwell,Cloudy,-1.7,63,League,Luton Town,Liverpool,Rob Edwards,Jurgen Klopp,4-4-2,3-4-3,defense,attack,good,good,0,0,0,3,none,39;43;56,12,12,4,5,33.3,41.7,0.1,3.65,-0.1,-0.65,28.1,71.9,646,340,75.2,91.5,28,68,9,2,0,0,12,,0,0,0,0,0,0,19,8,1,1,0,0,5,3,2,4,3,0,30,10,16,15,12,15,8,,17,5,23,10,19.9,43.7,13,8,45.6,56.4,109.4,107.1,226,240,5,3,2,2,,3.16,2.39,A,0,3
541,2020-21,06/01/2021,15,12:30,Bramall Lane,26358,Robert Jones,Cloudy,10.6,67,Relegation 6-pointer,Sheffield United,Arsenal,Chris Wilder,Mikel Arteta,4-2-3-1,4-3-2-1,defense,attack,average,good,1,1,1,3,34,21;62+2;72,15,7,8,3,53.3,42.9,0.96,,0.04,0.06,29.7,70.3,427,602,71.7,90.0,77,,10,9,0,0,8,14,1,1,0,2,0,1,17,14,1,2,0,0,5,0,0,7,3,1,18,12,17,7,24,30,11,5,18,14,,16,38.2,26.7,18,7,44.1,43.0,101.4,101.1,nan,232,4,6,0,0,N/A,3.07,2.29,A,0,3
419,2020-21,2020-10-06,38,15:00,Turf Moor,16813,Jarred Gillett,Overcast,23.9,67,Top 4 battle,Burnley,Wolves,Vincent Kompany,Gary O'Neil,4-2-3-1,4-3-2-1,defense,defense,good,good,1,0,2,1,64;79,31+4,15,14,9,5,60.0,35.7,2.16,1.35,-0.16,-0.35,42.7,57.3,693,452,75.6,83.3,60,41,10,1,2,0,19,8,0,0,,1,0,1,18,11,1,0,0,0,4,4,4,7,1,2,24,26,14,16,23,18,10,5,6,13,14,7,36.6,39.2,16,10,45.1,48.6,109.7,106.8,219,148,3,3,3,0,3.65,3.12,2.47,H,3,0
421,2020-21,08-10-2020,16,17:30,Old Trafford,72467,John Brooks,Light Rain,-5.5,68,League,Manchester United,West Ham,Erik ten Hag,David Moyes,4-3-3,5-4-1,balanced,attack,,avg,0,2,3,,35;41;49,58;66;88,16,13,8,8,50.0,61.5,2.94x,3.24,0.06,-0.24,49.2,50.8,686,444,85.4,80.2,72,,5,8,0,1,16,9,0,0,1,1,nan,1,15,8,1,2,0,1,0,0,5,5,3,,18,18,15,10,,22,11,9,19,8,21,21,37.9,42.2,14,18,45.2,61.5,,105.4,155,247,3,2,1,0,2.35,3.95,3.1,D,1,1
1335,2022-23,2022-12-23,18,19:45,Amex Stadium,29404,Anthony Taylor,Light Rain,-2.5,63,League,Brighton,Liverpool,Roberto De Zerbi,Jurgen Klopp,4-3-3,4-2-3-1,balanced,,,,1,0,1,0,59,none,10,13,6,6,60.0,46.2,,0.27,0.44,,44.7,55.3,518,396,81.9,89.2,75,47,3,8,1,0,18,17,0,0,0,0,0,0,9,13,1,1,0,0,5,4,6,5,0,1,13,19,19,8,23,25,5,4,19,19,18,,27.5,15.7,5,13,58.3,62.7,108.5,102.4,207,148,3,2,2,2,2.75,4.93,2.3,H,3,0
1218,2022-23,2022-09-28,11,12:30,Selhurst Park,20588,Chris Kavanagh,Windy,23.3,41,Relegation 6-pointer,Crystal Palace,Wolves,Oliver Glasner,Gary O'Neil,3-4-3,4-2-3-1,def,defense,Avg,good,0,0,,1,20,38,13,11,3,3,23.1,27.3,1.06,1.39,-0.06,-0.39,53.5,46.5,520,497,81.0,,34,23,4,6,1,0,7,15,0,0,0,0,0,0,14,18,3,1,0,0,5,0,2,2,1,1,27,25,18,16,27,16,7,4,12,,5,17,nan,41.4,16,8,52.6,49.5,104.6,107.8,234,263,2,2,3,1,2.32,3.96,3.16,D,1,1
1628,2023-24,2023-10-23,33,16:30,Villa Park,37404,Paul Tierney,Light Rain,13.9,44,League,Aston Villa,Arsenal,Unai Emery,Mikel Arteta,4-2-3-1,4-4-2,attack,attack,bad,good,1,2,3,2,34;86;88,41+1;59,19,,6,4,31.6,25.0,3.84,2.49,-0.84,-0.49,40.0,60.0,301,416,86.7,93.2,43,31,8,3,1,0,17,18,0,0,0,0,0,0,6,10,1,2,0,1,0,5,2,3,,3,28,15,10,,19,26,12,6,6,22,15,11,39.0,42.3,19,8,48.0,,103.9,110.5,295,216,1,1,2,2,2.28,7.28,2.36,H,3,0
359,2019-20,2020-04-22,25,20:00,Selhurst Park,20974,Anthony Taylor,Light Rain,-7.0,85,League,Crystal Palace,Aston Villa,Oliver Glasner,Unai Emery,5-4-1,4-1-4-1,defense,attack,good,average,1,3,2,3,22;63,9;36;50+4,11,8,9,5,81.8,62.5,2.29,2.25,-0.29,0.75,46.5x,53.5,596,619,75.4,85.2,58,74,N/A,5,1,0,,20,,0,1,0,1,0,6,12,3,1,0,0,0,1,2,7,3,2,11,23,14,11,14,31,3,2,17,nan,12,8,18.5,34.2,14,9,53.0,49.4,109.1,97.9,294,177,2,5,1,0,2.7,3.68,2.79,A,0,3
1484,2022-23,2023-04-03,15,15:00,St. James' Park,50763,Stuart Attwell,Clear,5.5,56,League,Newcastle,Crystal Palace,Eddie Howe,Oliver Glasner,4-3-2-1,3-4-3,defense,defense,average,good,1,1,4,1,1;33;47;66,16,17,17,10,7,58.8,41.2,3.18,0.75,0.82,0.25,55.2,44.8%,341,577,83.5,84.5,48,61,7,2,1,1,20,16,0,0,1,0,1,0,11,11,2,4,0,0,,5,6,6,1,4,23,15,12,13,13,,11,8,7,10,12,22,30.4,30.1,,15,60.6,50.4,107.1,108.7,164,165,4,3,,1,2.0,6.05,2.99,H,3,0
239,2019-20,2020-01-24,28,16:30,Goodison Park,30670,John Brooks,Clear,10.0,59,League,Everton,Arsenal,Sean Dyche,Mikel Arteta,5-4-1,3-4-3,defense,attack,average,average,0,2,0,3,none,6;43;52,11,17,4,8,36.4,47.1,0.44,4.27,-0.44,-1.27,39.6,60.4,581,319,79.6,92.4,34,74,6,8,0,2,6,8,0,0,0,,0,0,12,10,0,1,0,0,6,4,5,,3,,11,22,16,16,35,13,5,10,22,16,5,20,,,15,17,72.8,,111.5,106.1,191,245,0,,1,1,,nan,2.72,A,,3
1192,2022-23,2022-09-10,35,17:30,Selhurst Park,24024,Chris Kavanagh,Overcast,17.2,62,Relegation 6-pointer,Crystal Palace,Aston Villa,Oliver Glasner,Unai Emery,4-3-2-1,3-5-2,defense,attack,,good,1,1,1,2,N/A,47;65,18,7,2,3,11.1,42.9,1.14,-,-0.14,-0.25,48.2,51.8,301,483,76.3,84.8,71,65,2,7,1,1,10,10,0,1,,1,0,1,6,8,0,1,0,0,0,4,1,1,2,1,,11,17,9,25,22,2,5,23,21,16,14,17.0,36.3,N/A,15,50.0,50.6,104.9,113.5,160,288,1,4,2,2,3.08,4.38,2.24,A,0,3
1062,2021-22,11/03/2022,22,19:45,Turf Moor,19066,Paul Tierney,Windy,6.9,61,League,Burnley,Tottenham,Vincent Kompany,Ange Postecoglou,5-4-1,4_4_2,defense,attack,average,bad,2,0,2,,20;34,86,12,11,5,8,41.7,72.7,2.95,1.02,-0.95,-0.02,42.5,57.5,395,411,71.7,89.7,37,63,11,1,1,0,20,17,0,0,0,0,0,0,14,16,2,2,0,0,4,1,7,3,1,,23,28,18,12,,11,4,8,21,14,13,17,,28.9,7,8,74.9,43.9,105.3,97.9,238,283,3,2,1,1,3.22,3.65,2.41,H,3,0
1181,2022-23,2022-09-04,34,16:30,Etihad Stadium,49058,,Foggy,15.9,89,Top 4 battle,Manchester City,Luton Town,Pep Guardiola,Rob Edwards,3-4-3,3-5-2,bal,DEFENSE,bad,good,3,1,3,1,21;66;67,41+3,18,10,10,3,55.6,30.0,3.05,0.91,-0.05,0.09,60.8,39.2,339,281,87.6x,70.6,21,45,8,8,,1,11,15,1,0,0,0,0,0,13,12,,3,0,0,3,0,2,7,1,3,22,14,17,8,13,32,-6,7,24,8,19,18,38.8,44.8,17,13,60.9,64.5,109.1,108.1,256,281,3,2,2,1,1.72,6.64,3.71,H,3,0
784,2021-22,2021-08-30,21,19:45,London Stadium,51996,Robert Jones,Light Rain,9.7,43,Derby,West Ham,Fulham,,Marco Silva,,5-4-1,defense,balanced,average,average,2,1,3,1,17;22;40,55,16,13,9,1,56.2,7.7,3.4,1.17,-0.4,-0.17,56.2,43.8,478,515,77.7,84.0,39,45,7,7,1,0,15,5,0,0,1,0,1,0,16,,1,2,0,0,3,5,0,6,1,3,25,20,17,12,28,,10,7,14,6,10,N/A,24.3,36.5,,18,48.2,58.1,106.2,108.3,237,266,0,3,2,2,2.06,-,2.46,H,?,0
232,2019-20,2020-01-19,12,14:05,Goodison Park,29603,Thomas Bramall,Light Rain,2.7,59,League,Everton,Burnley,Sean Dyche,Vincent Kompany,,3-4-3,defense,defense,good,average,0,0,2,1,30;77,58,8,10,2,8,25.0,80.0,1.6,0.6,0.4,0.4,54.4,45.6,322,632,82.5,75.6,47,67,3,5,0,0,11,14,0,0,1,0,1,0,7,6,1,,0,0,2,3,7,0,1,2,16,21,7,17,31,30,12,?,13,6,5,7,19.1,19.5,14,17,59.8,,105.9,104.4,202,222,2,2,1,1,2.15,4.65,3.14,H,3,0
705,2020-21,2021-04-30,5,14:05,Molineux Stadium,24599,Simon Hooper,Light Rain,17.2,72,League,Wolves,Brentford,Gary O'Neil,Thomas Frank,5-4-1,4-2-3-1,defense,attack,,bad,0,,1,1,20,18,11,15,2,5,18.2,33.3,0.92,1.41,0.08,-0.41,45.0,55.0,?,563,83.8,84.6,20,31,,4,1,1,9,18,0,0,0,0,0,,6,19,1,3,0,0,2,5,4,1,1,1,13,24,11,12,10,,4,3,5,9,20,12,43.0,39.8,15,N/A,70.9,69.7,107.7,102.0,255,271,1,3,0,0,3.06,4.13,2.32,D,1,1
1949,2022-23,2022-11-16,33,19:45,Stamford Bridge,31930,Robert Jones,Rainy,-0.2,63,Cup,Chelsea,Nottm Forest,Mauricio Pochettino,Nuno Espirito Santo,4-2-3-1,4-1-4-1,balanced,def,bad,good,0,1,2,1,38;42,,12,10,5,7,41.7,70.0,2.32,1.44,-0.32,-0.44,57.0,43.0,506,370,85.5,74.0,31,31,5,6,1,0,6,9,1,0,0,0,0,0,11,,2,,0,0,4,,6,3,1,2,22,10,19,14,40,23,4,4,6,17,24,19,36.4,15.3,5,7,70.2,66.3,109.4,112.6,206,265,1,2,1,N/A,2.09,5.34,2.98,H,3,0
977,2021-22,2022-01-15,28,20:00,Villa Park,40666,Anthony Taylor,Clear,7.1,76,Relegation 6-pointer,Aston Villa,Fulham,Unai Emery,Marco Silva,4-2-3-1,4-2-3-1,attack,balanced,average,Avg,2,0,2,0,17;58,none,16,7,6,1,37.5,14.3,1.68,0.24,0.32,-0.24,47.7,52.3,347,366,81.8,76.9,21,55,N/A,3,0,0,16,6,0,0,0,0,0,0,11,11,2,0,?,0,4,1,1,4,0,2,16,18,9,13,18,20,4,3,22,21,24,22,39.9,27.9,10,8,52.6,67.9,113.0,110.3,290,177,3,4,3,1,2.74,4.06,2.57,H,3,0
1314,2022-23,2022-12-04,16,16:30,City Ground,28738,Andy Madley,Windy,13.7,83,Title race,Nottm Forest,Sheffield United,Nuno Espirito Santo,Chris Wilder,4-4-2,4-2-3-1,DEFENSE,defense,good,bad,0,1,3,1,10;55+3;80,39,15,10,7,1,46.7,10.0,3.34,1.3,-0.34,-0.3,66.0,34.0,617,609,,76.8,nan,73,2,4,0,0,15,13,0,0,0,0,0,0,nan,6,0,3,0,0,5,0,0,4,1,3,10,17,20,9,20,36,5,9,20,5,19,6,17.4,31.8,N/A,15,40.4,41.3,111.5,102.4,166,266,1,4,2,0,1.9,5.72,3.33,H,3,0
810,2021-22,2021-09-17,4,20:00,Anfield,46210,Simon Hooper,Foggy,21.1,87,Top 4 battle,Liverpool,Fulham,Jurgen Klopp,Marco Silva,5-4-1,4-3-2-1,attack,balanced,bad,good,2,0,3,3,24;46;74,2;26;31,15,9,5,4,33.3,-,3.48,3.63,-0.48,-0.63,65.7,34.3,411,542,86.8,79.8,36,56,8,1,1,1,,13,1,1,0,?,0,1,6,8,N/A,2,0,0,6,5.0,1,2,3,3,10,22,9,6,31,23,8,10,6,5,16,7,17.0,19.1,15,15,53.4,65.0,104.4,106.0,262,283,1,1,0,0,2.71,3.96,2.64,D,1,1
1514,2022-23,2023-04-30,27,17:30,Etihad Stadium,48039,Simon Hooper,Rainy,4.6,82,Title race,Manchester City,Newcastle,Pep Guardiola,Eddie Howe,4-1-4-1,5-4-1,bal,defense,average,good,0,0,3,0,34;35+4;42,none,11,10,8,,72.7,60.0,,0.24,0.25,-0.24,55.6,44.4,402,491,91.3,,36,37,-9,8,,0,19,5,1,,0,0,0,0,18,11,1,2,0,0,4,2,6,?,0,3,12,20,20,11,12,16,7,10,19,5,nan,6,35.8,41.7,18,9,45.6,61.4,103.6,,170,231,3,1,2,1,2.53,3.04,3.63,H,3,0
1438,2022-23,2023-03-05,25,17:30,Kenilworth Road,7887,Robert Jones,Windy,20.1,45,Cup,Luton Town,Sheffield United,Rob Edwards,Chris Wilder,3-4-3,4-3-3,DEFENSE,defense,average,average,1,0,1,1,10,51,15,15,,2,33.3,13.3,1.38,1.51,-0.38,-0.51,50.7,49.3,531,486,78.8,75.6,61,74,8,9,1,1,17,10,0,0,1,0,0,0,6,7,1,2,0,0,5,1,1,4,1,1,25,11,12,9,27,,10,5,13,20,22,14,35.3,35.6,11,11,58.6,40.1,110.0,112.9,256,157,1,1,3,1,2.02,5.37,3.13,D,1,1
866,2021-22,2021-10-29,38,15:00,Anfield,57231,John Brooks,Foggy,6.8,57,Cup,Liverpool,Wolves,Jurgen Klopp,Gary O'Neil,3-5-2,,attack,defense,average,good,0,1,4,1,36+2;48;74;90,71,11,9,10,,90.9,11.1,,0.9,-1.22,0.1,N/A,36.4,650,618,84.5,76.6,,60,11,1,2,1,18,11,0,0,1,0,1,0,15,14,2,2,0,0,4,4,0,,1,,19,19,8,6,25,14,5,9,13,22.0,17,21,44.0,31.4,18,,61.6,61.5,110.8,102.6,257,140,4,4,1,1,2.31,3.57,3.48,H,3,0
1103,2021-22,2022-04-16,10,17:30,Stamford Bridge,31974,John Brooks,Rainy,-5.2,79,League,Chelsea,Wolves,Mauricio Pochettino,Gary O'Neil,4-3-3,5-4-1,balanced,defense,average,good,1,0,2,0,41;43,none,11,6,10,2,90.9,33.3,1.48,0.1,0.52,-0.1,60.1,39.9,476,551,88.0,78.9,51,29,10,9,1,0,20,8,1,0,1,0,1,0,8,14,3,1,0,0,6,4,2,8,0,2,,19,6,8,17,23,8,3,23,8,19,14,29.6,35.2,7,15,68.0,64.9,98.4,109.7,296,221,1,6,3,1,2.69,3.34,3.04,H,3,0
1441,2022-23,2023-03-04,31,15:00,Turf Moor,17754,Jarred Gillett,Sunny,14.7,74,Relegation 6-pointer,Burnley,Bournemouth,Vincent Kompany,Andoni Iraola,4-4-2,4-1-4-1,defense,attack,average,good,1,0,1,1,21,52,13,8,10,8,76.9,100.0,0.74,0.95,0.26,0.05,39.8,60.2,524,424,76.5,76.5,51,26,10,2,?,1,6,19,0,1,0,0,0,0,7,15,4,3,1,0,3,1,7,9,1,1,17,16,15,5,30,9,3,10,9,6,18,16,42.7,36.5,15,5,61.8,49.8,,99.4,224,165,3,3.0,2,0,2.79,3.41,,D,1,1
680,2020-21,2021-04-10,26,19:45,Amex Stadium,30201,Simon Hooper,Rainy,10.6,67,League,Brighton,Manchester City,Roberto De Zerbi,Pep Guardiola,5-4-1,3-5-2,balanced,balanced,good,average,0,2,0,3,none,19;30+1;40,17,15,7,2,,13.3,0.1,3.53,-0.1,-0.53,50.9,49.1,464,447,84.7,89.1,48,25,11,2,0,1,10,18,0,0,1,1,,,16,,0,2,0,0,1,4,0,7,3,0,13,14,10,16,11,8,,4,13,11,24,13,19.9,32.3,14,16,42.0,40.9,111.9,104.4,276,284,1,3,2,1,,6.6,2.17,A,0,3
885,2021-22,2021-11-09,5,12:30,Tottenham Hotspur Stadium,50540,David Coote,Light Rain,11.1,92,Top 4 battle,Tottenham,Everton,Ange Postecoglou,Sean Dyche,4-3-2-1,4-1-4-1,attack,defense,average,good,0,0,2,0,17;40,none,11,11,8,6,72.7,54.5,2.04,0.26,-,-0.26,52.6,47.4,569,511,82.9,##,40,48,3,7,2,0,15,6,0,0,,N/A,0,0,,13,,1,0,0,0,0,6,6,0,2,22,11,7,13,32,24,2,2,24,16,16,18,19.8,44.2,16,4,,51.7,114.2,99.0,294,281,2,2,1,0,2.66,3.99,2.67,H,3,0
607,2020-21,2021-02-21,10,17:30,Etihad Stadium,45760,Chris Kavanagh,Windy,1.5,84,League,Manchester City,Liverpool,Pep Guardiola,Jurgen Klopp,4-4-2,3-5-2,balanced,attack,,average,0,0,3,2,34;47;86+1,44;45,13,13,9,8,69.2,61.5,2.51,2.25,0.49,-0.25,52.5,47.5,323,487,91.6,89.8,37,39,11,,1,?,22,15,0,0,0,0,0,0,9,15,1,1,0,0,3,5,6,6,-2,3,12,21,12,7,14,28,7,,13,12,7,7,28.2,29.5,10,9,43.4,71.9,100.7,110.2,239,175,3,3,0,0,2.21,4.63,3.02,H,3,0
1858,2023-24,2024-04-03,23,19:45,London Stadium,60597,John Brooks,Rainy,3.6,49,League,West Ham,Chelsea,David Moyes,Mauricio Pochettino,4-2-3-1,4-1-4-1,defense,defense,BAD,good,1,1,2,2,28+2;70,2;4,18,7,2,2,11.1,,1.53,1.94,0.47,,38.4,61.6,347,518,,82.9,42,39,3,6,0,1,12,6,0,0,1,0,0,0,11,17,2,0,0,0,5,1,0,0,2,2,21,18,9,10,,14,4,4,14,16,21,7,20.7,27.7,17,18,48.3,##,112.0,110.0,177,173,1,4,1,1,2.61,5.78,2.25,D,1,1
1180,2022-23,2022-08-30,10,14:05,Kenilworth Road,9517,Thomas Bramall,,25.3,58,Top 4 battle,Luton Town,Bournemouth,Rob Edwards,Andoni Iraola,4-3-3,4-1-4-1,defense,attack,bad,average,1,0,1,3,85,70;83;89,20,11,5,6,25.0,-,1.17,,-0.17,-0.6,44.3,55.7,317,618,70.5,77.0,75,64,11,4,1,2,19,,0,0,0,1,0,1,14,16,1,2,0,0,1,0,3,4,3,1,11,16,11,11,40,21,7,2,20,,17,20,32.6,22.2,20,8,47.6,68.5,,108.8,213,280,3,3,0,0,2.79,3.13,3.11,A,0,3
1780,2023-24,2024-02-10,3,19:45,Craven Cottage,,Thomas Bramall,Clear,12.9,45,League,Fulham,Arsenal,Marco Silva,Mikel Arteta,3-4-3,4-4-2,balanced,attack,average,bad,1,0,1,3,67,12;29;62+2,8,7,5,5,62.5,71.4,0.67,2.51,0.33,0.49,35.8,64.2,450,,82.1,85.8,49,18,7,2,1,0,8,9,0,0,0,nan,0,0,14,7,2,2,0,1,2,3,2,4,3,1,13,26,15,16,24,8,6,6,5,5,7,13,40.9,33.7,6,18,53.9,,101.8,107.4,247,218,2,?,1,1,N/A,2.89,2.76,A,0,3
636,2020-21,2021-03-13,25,15:00,Goodison Park,38642,David Coote,Windy,8.5,62,Top 4 battle,Everton,Tottenham,Sean Dyche,Ange Postecoglou,4-1-4-1,4-3-3,defense,attack,Good,average,0,1,0,1,none,4,10,13,7,,70.0,38.5,0.48,1.27,-0.48,-0.27,43.8,56.2,454,640,84.1,87.1,73,47,11,6,0,1,10,10,0,,0,0,0,0,13,20,3,1,0,0,5,2,4,7,1,0,17,24,9,9,11,21,9,10,7,15,9,11.0,23.5,19.5,18,10,69.3,40.1,112.9,104.5,221,,3,4,3,0,2.93,3.99,2.45,A,0,3
1824,2023-24,2024-03-14,23,14:05,Selhurst Park,21274,Stuart Attwell,Foggy,8.8,83,Top 4 battle,Crystal Palace,Luton Town,Oliver Glasner,Rob Edwards,3-5-2,3-5-2,defense,defense,good,bad,1,0,2,2,16;62,11;66,20,17,2,8,10.0,,1.63,2.44,0.37,-0.44,51.6,48.4,698,569,82.8,77.0,58,61,8,6,2,0,,5,0,0,0,0,0,0,6,,2,2,1.0,0,0,4,6,0,2,2,22,25,12,18,27,15,3,4,16,12,25,18,21.2,36.1,13,9,71.0,,,108.4,,227,1,2,1,0,1.97,4.27,3.89,D,1,1
1084,2021-22,2022-03-27,33,14:05,Amex Stadium,24006,Robert Jones,Sunny,17.0,72,Relegation 6-pointer,Brighton,Arsenal,Roberto De Zerbi,Mikel Arteta,4-4-2,4-3-3,balanced,attack,good,poor,0,1,0,1,none,35,15,14,4,3,26.7,21.4,,1.53,-0.1,-0.53,40.6,59.4,683,588,81.7,93.3,68,44,5,9,0,1,9,12,0,1,0,0,0,0,6,,1,1,0,0,3,1,2,4,1,0,27,,10,14,17,20,3,9,17,16,13,9,25.9,38.3,18,13,57.9,64.2,105.0,115.4,221,238,1,3,N/A,0,,5.04,2.45,A,0,3
342,2019-20,2020-04-06,2,15:00,Amex Stadium,##,Jarred Gillett,Windy,23.5,,Title race,Brighton,Bournemouth,Roberto De Zerbi,Andoni Iraola,4-3-2-1,3-5-2,balanced,attack,bad,bad,3,0,3,1,15;38;44,?,8,15,6,1,75.0,6.7,3.29,1.11,-0.29,-0.11,57.0,43.0,644,493,80.8,82.0,34,21,10,5,1,1,10,18,1,1,0,0,0,0,19,9,1,0,0,0,1,2,0,3,1,3,17,20,5,11,40,9,7,7,17,8,,6,39.6,21.0,15,7,40.9,49.0,107.5,102.9,170,188,2,2,1,0,2.75,2.72,3.71,H,3,0
139,2019-20,2019-11-12,13,15:00,Selhurst Park,23774,Anthony Taylor,Light Rain,10.0,82,Title race,Crystal Palace,Sheffield United,Oliver Glasner,Chris Wilder,4-1-4-1,4-2-3-1,defense,defense,average,avg,3,2,3,2,10;66+4;82,29;56,18,13,5,4,27.8,30.8,3.45,2.06,-0.45,-,66.2,33.8,386,303,75.6,77.8,52,59,2,6,1,1,10,9,1,0,0,0,0,0,6,12,2,2,0,0,3,3,?,2,2,3,17,14,N/A,12,29,14,6,?,18,9,14,5,26.4,17.8,18,9,72.9,46.5,104.0,110.0,254,197,3,3,0,0,1.98,5.16,3.33,H,3,0
1288,2022-23,2022-11-16,35,19:45,Etihad Stadium,47029,##,Rainy,12.0,72,Cup,Manchester City,Brighton,Pep Guardiola,Roberto De Zerbi,4-4-2,4-1-4-1,balanced,balanced,bad,good,1,0,2,-1,12;60,73,8,7,3,2,37.5,28.6,2.29,1.09,-0.29,-0.09,N/A,48.0,464,413,93.8,,65,63,8,4,2,1,19,16,0,0,0.0,0,0,0,7,,2,0,0,0,1,1,1,1,1,2,11,16,12,13,10,26,9,6,12,10,14,14,42.6,30.4,18,12,N/A,55.2,105.7,105.2,276,251,0,0,0,0,2.74,3.02,3.3,H,3,0
1893,2023-24,2024-04-30,25,12:30,Kenilworth Road,9517,John Brooks,Clear,13.4,53,League,Luton Town,Brentford,,Thomas Frank,5-4-1,4-2-3-1,defense,attack,bad,good,2,0,2,1,11;90,9,9,13,9,4,100.0,30.8,,1.44,-0.66,-0.44,43.0,57.0,544,516,75.4,80.0,50,48,5,6,,1,7,16,1,0,0,0,0,0,12,17,3,2,0,0,4,1,3,7,1,2,19,17,12,6,23,24,12,10,8,5,12,11,38.9,40.4,nan,9,44.4,42.6,111.7,104.3,259,253,4,2,1,0,2.56,4.04,2.76,H,3,0
711,2020-21,2021-05-07,1,14:05,Tottenham Hotspur Stadium,52570,Chris Kavanagh,,2.7,66,League,Tottenham,Sheffield United,Ange Postecoglou,Chris Wilder,3-4-3,3-5-2,attack,defense,avg,bad,0,0,2,0,26;45,none,20,6,7,2,35.0,33.3,2.0,0.1,0.0,-0.1,72.2,27.8,561,508,88.3,75.6,34,26,4,6,2,0,18,19,0,0,0,0,0,0,20,12,1,1,0,,1,4,2,5,0,2,23,18,5,13,27,28,4,8,7,16,23,5,16.5,21.1,20,4,71.0,44.1,109.0,98.1,227,275,2,4,0,0,2.21,3.57,3.74,H,3,0
598,2020-21,2021-02-15,13,19:45,Molineux Stadium,-,Anthony Taylor,Sunny,16.3,43,Top 4 battle,Wolves,Arsenal,Gary O'Neil,Mikel Arteta,4-3-3,4-2-3-1,defense,attack,poor,avg,0,2,2,,37;42,4;16+4,19,12,6,4,31.6,33.3,2.5,1.21,-0.5,0.79,33.6,66.4,637,568,81.4,84.9,55,70,11,8,0,,14,16,0,0,1,0,1,0,12,20,2,1,0,0,2,5,2,4,2,2,19,17,16,10,31,25,3,5,9,11,19,,18.1,17.4,9,10,44.3,45.7,null,100.7,255,271,3,5,,0,3.61,3.15,2.46,D,1,
1820,2023-24,2024-03-10,21,17:30,Tottenham Hotspur Stadium,48485,Paul Tierney,Rainy,7.4,61,Title race,Tottenham,Brentford,Ange Postecoglou,Thomas Frank,4-3-2-1,4-3-3,attk,attack,average,average,5,3,6,5,14;16;55+5;59;76;85,33;44;53;54+1;83,9,14,9,3,,21.4,7.97,5.35,-1.97,-0.35,49.9,50.1,620,611,84.7,81.2,,67,4,2,2,0,7,17,1,0,1,2,1,,9,8,1,2,0,0,3,4,0,3,5,6,23,11,12,9,20,21,4,7,18,18,6,4,24.4,19.8,6,10,48.2x,56.1,109.8,104.4,293,196,2,6,0,0,2.86,2.95,3.21,H,3,0
155,2019-20,2019-11-29,6,15:00,Bramall Lane,31085,Jarred Gillett,Sunny,8.9,54,League,Sheffield United,Brentford,Chris Wilder,Thomas Frank,4-3-3,4-3-2-1,defense,attack,bad,bad,0,0,0,3,none,12;28+5;66,16,8,9,8,56.2,100.0,0.14,4.16,-0.14,-1.16,32.9,67.1,654,349,75.0,81.2,80,54,9,8,0,1,17,6,0,0,0,1,0,1,8,9,0,2,,0,2,2,5,,3,0,20,10,8,10,23,22,2,6,6,9,8,15,32.0,15.8,12,12,43.4,61.1,99.9,104.7,292,162,5,0,N/A,0,2.72,5.31,2.25,A,0,3
1279,2022-23,2022-11-14,27,12:30,St. James' Park,52147,Robert Jones,Light Rain,9.8,90,Title race,Newcastle,Aston Villa,Eddie Howe,Unai Emery,3-4-3,5-4-1,defense,attack,,average,0,2,2,2,50+3;88,86;90,8,8,8,4,100.0,50.0,1.58,2.78,0.42,-0.78,52.6,47.4,367,298,84.0,82.0,76,53,5,4,1,0,14,5,0,0,1,1,,0,16,10,4,1,0.0,0,1,0,2,,2,2,17,25,12,nan,27,22,,,5,14,,11,24.8,19.7,12,18,43.4,55.9,104.0,103.9,198,153,,4,2,0,2.94,2.77,3.33,D,1,1
106,2019-20,2019-10-22,6,20:00,London Stadium,48609,Andy Madley,Sunny,12.1,47,League,West Ham,Burnley,,Vincent Kompany,3-5-2,4-2-3-1,defense,defense,good,bad,2,0,4,0,5;14;16;69+4,none,10,9,6,2,60.0,22.2,4.92,0.17,-0.92,-0.17,60.4,-,685,359,82.4,71.4,34,53,6,6,1,0,17,9,0,0,1,0,1,0,9,7,0,2,0,0,1,1,2,2,0,4,15,14,7,9,33,17,10,4,17,9,16,5,,24.1,13,17,?,64.0,105.9,,,175,1,3,1,0,2.06,4.73,3.31,H,3,0
63,2019-20,2019-09-24,34,12:30,Turf Moor,17729,Chris Kavanagh,Rainy,13.1,45,League,Burnley,Manchester United,Vincent Kompany,Erik ten Hag,3-4-3,3-5-2,defense,balanced,good,bad,0,2,nan,2,none,7;61+3,10,14,3,8,30.0,N/A,0.1,2.56,-0.1,-0.56,41.6,58.4,464,462,77.3,89.1,48,60,6,8,0,0,21,7,0,0,0,0,0,0,13,19,0,1,0,0,5,4,6,3,2,0,13,14,14,8,30,19,5,5,10,17,22,10,21.2,20.5,11,7,59.1,60.3,108.6,115.6,159,200,1,4,2,1,,3.07,2.51,A,0,3
385,2020-21,13/09/2020,7,19:45,Amex Stadium,30943,Robert Jones,Cloudy,20.3,90,League,Brighton,Chelsea,Roberto De Zerbi,Mauricio Pochettino,,4-3-2-1,balanced,balanced,average,bad,0,0,0,0,none,none,20,13,4,2,20.0,15.4,0.1,0.22,-0.1,,54.9,45.1,531,650,79.2,,43,70,6,2,0,0,,7,0,0,1,0,0,0,6,6,2,1,0,0,5,5,2,4,0,0,24,15,11,7,,20,8,7,8,9,17,15,30.9,,17,5,58.7,62.7,108.5,102.6,180,141,2,2,,1,2.88,4.37,2.36,D,1,1
1945,2021-22,2021-12-18,34,14:05,Craven Cottage,25567,Stuart Attwell,Cloudy,12.1,65,Derby,Fulham,Luton Town,Marco Silva,Rob Edwards,4-1-4-1,4-2-3-1,balanced,defense,good,average,0,0,2,1,13;90,28,8,6,6,2,75.0,33.3,2.13,1.23,-0.13,-0.23,58.6,41.4,306,555,79.1,73.0,41,34,2,3,0,1,21,13,0,0,,0,0,0,12,18,3,0,0,0,2,2,1,4,1,2,26,17,20,6,24,-27,3,7,7,12,20,N/A,17.0,32.7,,17,50.4,69.1,115.7,116.3,209,179,1,5,0,0,2.31,3.22,,H,3,0
959,2021-22,2021-12-30,18,17:30,Turf Moor,21485,Chris Kavanagh,Windy,18.2,55,Relegation 6-pointer,Burnley,Wolves,Vincent Kompany,Gary O'Neil,4-3-3,4-3-2-1,defense,defense,bad,bad,0,0,1,0,9,none,13,14,9,5,69.2,35.7,0.63,0.27,0.37,-0.27,44.3,55.7,521,485,71.3,79.7,64,43,8,6,1,0,7,18,0,,0,0,0,0,10,17,1,1,0,0,3,2,5,nan,0,1,26,12,12,9,10,15,3,10,25,6,,5,43.7,44.6,9,17,54.0,49.7,109.6,102.4,199,285,2,1,,0,3.37,3.95,2.22,H,3,0
54,2019-20,2019-09-17,19,20:00,Kenilworth Road,8674,Robert Jones,Light Rain,14.2,55,Cup,Luton Town,Sheffield United,Rob Edwards,Chris Wilder,3-4-3,4-1-4-1,defense,defense,average,bad,5,1,5,1,7;25;26;88+2;89,81+3,20,16,5,8,25.0,50.0,6.0,1.17,-1.0,-0.17,54.6,45.4,609,514,74.0,76.5,41,63,10,2,1,1,21,20,0,1,0,0,0,,6,6,1,2,0,0,3,5,7,0,1,5,15,15,6,13,26,,7,4,14,8,22,16,20.0,17.8,12,10,68.9,65.4,105.0,108.4,,232,2,6,2,1,2.79,2.83,3.47,H,3,0
392,2020-21,2020-09-18,13,17:30,Villa Park,38448,Paul Tierney,Sunny,10.7,68,League,Aston Villa,Crystal Palace,Unai Emery,Oliver Glasner,4-3-3,4-3-2-1,attack,defense,good,good,2,,2,1,21;68,18,14,11,2,3,14.3,27.3,2.01,1.23,-0.01,-0.23,55.0,,,528,79.7,80.1,37,21,3,7,0,1,16,18,0,0,1,0,0,0,6,,,1,0,0,6,2,2,0,1,2,12,26,13,11,11,14,6,3,16,22,12,17,34.3,27.1,15,15,49.0,60.8,,108.3,228,206,3,6,,0,2.88,2.86,3.3,H,3,0
1995,2020-21,2021-04-09,24,12:30,Molineux Stadium,31267,Thomas Bramall,Windy,14.9,80,Cup,Wolves,West Ham,Gary O'Neil,David Moyes,3-4-3,3-5-2,defense,defense,average,bad,3,0,3,1,31;69;79,4,19,6,N/A,,21.1,16.7,2.68,,0.32,-0.13,47.1,52.9,355,386,83.1,81.8,66,61,2,nan,0,1,21,11,0,0,0,1,0,0,13,7,2,0,0,0,0,0,0,1,1,3,21,19,15,10,39,14,11,8,16,8,18,7,22.9,36.0,20,7,,68.3,107.9,108.5,285,287,3,1,1,0,2.98,3.57,2.6,H,3,0
1620,2023-24,2023-10-17,23,17:30,Craven Cottage,22751,Michael Oliver,Cloudy,22.3,43,Top 4 battle,Fulham,Brentford,Marco Silva,Thomas Frank,4-1-4-1,3-4-3,balanced,attack,good,bad,2,0,3,0,56;85;85,none,10,16,8,7,80.0,43.8,3.36,0.1,-0.36,,51.0,49.0,605,596,84.9,83.4,23,22,7,1,2,0,11,13,1,0,1,0,1,0,13,6,3,3,0,0,0,1,7,5,0,3,28,21,13,14,20,24,3,8,5,17,19,5,29.1,25.5,5,15,62.8,66.9,112.0,109.1,243,,2,5,0,0,2.18,5.87,2.7,H,3,0
353,2019-20,2020-04-14,10,15:00,Vitality Stadium,10972,Simon Hooper,Windy,16.0,94,League,Bournemouth,Burnley,Andoni Iraola,Vincent Kompany,4-4-2,4-3-2-1,attack,defense,good,good,0,1,0,3,none,18;33;85,8,16,7,6,87.5,37.5,0.19,,-0.19,0.63,57.1,42.9%,496,332,75.6,78.9,32,69,4,5,0,1,16,15,0,0,0,0,0,,18,16,3,3,0,0,0,2,3,7,3,0,20,N/A,9,5,35,17,10,4,7,12,11,7,41.9,32.1,19,14,58.9,47.8,104.2,103.6,281,191,2,4,0,0,2.46,3.06,3.74,A,0,3
1194,2022-23,2022-09-14,2,19:45,Etihad Stadium,45477,Thomas Bramall,Rainy,-2.0,63,League,Manchester City,West Ham,Pep Guardiola,David Moyes,4-1-4-1,4-4-2,balanced,defense,good,Good,0,0,2,1,19;35,79,9,7,5,6,55.6,85.7,2.24,1.22,-0.24,-0.22,55.5,44.5,434,524,89.5,85.9,23,58,10,2,1,0,18,14,1,0,1,1,,1,20,18,1,1,0,0,6,3,5,3,1,-2,30,23,15,12,-15,26,11,9,24,19,5,19,16.2,22.2,20,7,72.0,63.0,112.0,106.8,276,223,1,3,,1,2.59,4.03,2.73,H,3,0
159,2019-20,2019-11-30,23,12:30,Stamford Bridge,38934,Andy Madley,Windy,14.9,62,Title race,Chelsea,Manchester United,Mauricio Pochettino,Erik ten Hag,,3-5-2,balanced,balanced,good,average,2,0,2,2,75;78,5+5;85,12,8,7,5,58.3,62.5,2.35,1.77,-0.35,0.23,50.1,49.9,465,611,89.3,,41,23,4,8,2,0,18,14,0,0,0,2,0,2,6,17,1,2,0,0,4,3,3,5,2,2,17,24,14,10,20,11,5,6,20,11,22,17,22.4,35.2,7,16,62.1,68.8,114.4,106.4,172,267,1,5,2,0,2.31,4.17,3.06,D,1,1
1126,2021-22,2022-04-30,11,17:30,Stamford Bridge,36099,Paul Tierney,,31.9,49,League,Chelsea,West Ham,Mauricio Pochettino,David Moyes,4-3-2-1,4-3-3,balanced,defense,average,average,0,1,2,,14;65,73,16,17,5,2,31.2,11.8,1.25,0.79,0.75,0.21,45.9,54.1,606,628,87.9,77.5,47,67,6,2,0,1,6,7,0,0,,0,0,0,6,20,1,0,0,1,2,0,1,3,1,2,22,12,11,17,17,31,11,6,11,6,6,17,18.4,41.3,-8,12,47.0,64.3,113.3,106.1,178,151,,1,1,1,2.91,3.09,3.01,H,3,0
683,2020-21,2021-04-17,34,12:30,St. James' Park,44287,Simon Hooper,Overcast,24.6,49,League,Newcastle,Everton,Eddie Howe,Sean Dyche,3-5-2,5-4-1,defense,defense,bad,bad,2,0,?,2,5;43+5;59;83,2;81,14,16,10,3.0,71.4,18.8,4.09,2.64,-0.09,-0.64,,41.8,,641,85.2,76.7,60,24,7,6,1,1,19,5,1,0,1,0,1,0,12,8,3,4,0,1,6,2,1,6,2,4,21,15,18,,17,30,3,4,9,21,9,20,28.3,27.0,9,,53.3,71.6,111.0,105.9,150,286,2,3,0,,2.37,4.82,2.7,H,3,0
729,2020-21,2021-05-16,28,12:30,Bramall Lane,28308,Chris Kavanagh,Rainy,3.2,77,Title race,Sheffield United,Tottenham,Chris Wilder,Ange Postecoglou,4-2-3-1,4-1-4-1,defense,attack,bad,average,0,1,0,2,none,84;86,12,6,10,4,83.3,-,0.21,2.08,-0.21,-0.08,37.5,62.5,502,555,73.0,82.9,64,26,10,5,0,2,18,5,0,0,0,0,0,,6,9,2,3,1,0,4,1,2,10,2,0,20,19,13,9,25,18,11,7,11,21,25,17,26.7,37.8,14,18,65.9,42.9,108.6,106.6,297,261,5,2,0,0,4.33,3.22,2.18,A,0,3
1899,2023-24,2024-05-07,2,19:45,Vitality Stadium,11141,Michael Oliver,Light Rain,9.4,57,League,Bournemouth,Fulham,Andoni Iraola,Marco Silva,5-4-1,4-3-3,attack,balanced,avg,bad,0,0,1,0,57,none,14,12,9,2,64.3,,0.92,0.36,0.08,-0.36,##,55.1,,449,78.6,77.3,70,74,9,6,0,0,22,6,0,0,1,0,1,0,20,19,1,2,1,1,3,4,2,8,0,1,27,16,10,5,,34,nan,8,10,21,23,10,24.6,32.3,6,7,46.8,56.6,104.7,104.3,219,208,2,3,,1,2.81,4.17,2.47,H,3,0
1798,2023-24,2024-02-21,33,17:30,Gtech Community Stadium,13321,,Rainy,15.8,66,Title race,Brentford,Brighton,Thomas Frank,Roberto De Zerbi,3-4-3,,attack,balanced,average,average,0,1,1,2,90,40;61+5,14,6,3,6,21.4,100.0,1.18,2.4,-0.18,,42.6,57.4,680,365,83.0,81.4,58,45,5,9,0,0,12,14,0,,0,0,0,0,13,11,,0,0,1,1,1,4,2,2,1,22,20,8,7,12,,11,5,18,21,20,6,15.7,35.0,18,16,70.3,49.9,110.5,101.1,273,226,0,4,0,0,2.65,3.24,3.19,A,0,3
251,2019-20,2020-02-02,31,14:05,Turf Moor,16786,Michael Oliver,Clear,11.3,68,Cup,Burnley,Luton Town,Vincent Kompany,Rob Edwards,3-4-3,3-4-3,defense,defense,bad,good,0,1,1,2,44,,14,N/A,7,8,50.0,50.0,1.05,2.25,-0.05,-0.25,,50.5,447,396,77.1,71.9,39,58,?,7,1,1,18,6,1,0,0,1,0,1,16,11,3,1,0,0,0,0,6,6,2,1,10,18,10,10,25,22,10,4,N/A,16,16,14,27.6,25.7,,8,40.6,54.5,107.6,115.0,265,185,3,3,3,0,3.02,3.08,2.91,A,?,3
1957,2022-23,2022-11-16,13,20:00,Gtech Community Stadium,15317,Andy Madley,Foggy,22.3,,Relegation 6-pointer,Brentford,Luton Town,Thomas Frank,Rob Edwards,4-3-2-1,4-4-2,attack,defense,bad,good,2,,,2,20;22+1;36,37+5;67+4,13,12,10,N/A,76.9,25.0,3.5,1.94,-0.5,0.06,57.8,42.2,606,584,##,71.1,64,19,,9,2,1,6,15,0,0,0,1,0,1,9,6,2,1,0,0,5,0,1,7,2,3,19,20,6,11,23,15,2,9,13,9,22,19,16.6,30.2,5,11,47.1,66.8,114.8,111.6,264,195,3,3,0,0,2.21,3.71,3.61,H,3,0
1070,2021-22,2022-03-19,25,15:00,Stamford Bridge,,Chris Kavanagh,Cloudy,7.4,71,League,Chelsea,Aston Villa,Mauricio Pochettino,Unai Emery,4-1-4-1,4-4-2,balanced,attack,Avg,bad,2,1,3,2,26;32;37,19;89,20,9,10,5,50.0,55.6,nan,2.0,-0.57,0.0,48.7,51.3,657,541,82.8,84.3,78,19,9,1,0,0,19,19,,1,1,0,1,0,15,18,2,,0,0,2,4,3,7,2,3,10,23,6,6,14,14,12,7,9,19,10,4,17.1,36.4,17,12,50.7,53.2,111.2,102.2,237,225,3,5,1,nan,2.69,3.87,2.7,H,3,0
1884,2023-24,2024-04-27,20,20:00,Bramall Lane,26531,Anthony Taylor,Windy,9.1,43,Relegation 6-pointer,Sheffield United,Everton,Chris Wilder,Sean Dyche,5-4-1,3-5-2,DEFENSE,defense,bad,,3,1,3,2,30;57;64,5;64,8,14,7,3,87.5,21.4,2.75,2.23,0.25,-0.23,37.4,62.6,,285,68.3,83.5,46,19,10,3,0,1,11,19,0,,0,0,0,0,6,12,2,2,0,,6,2,1,4,2,,28,21,14,5,14,33,10,7,22,10,9,22,31.3,41.5,8,14,58.0,41.7,111.0,null,153,217,,3,2,0,3.12,3.96,2.34,H,3,0
1385,2022-23,2023-01-22,27,19:45,Molineux Stadium,24436,Simon Hooper,Foggy,null,71,Relegation 6-pointer,Wolves,Everton,Gary O'Neil,Sean Dyche,3-4-3,3-4-3,defense,defense,good,good,1,1,1,1,78,80,16,9,4,8,25.0,88.9,1.01,1.17,-0.01,-0.17,49.3,50.7,409,385,81.4,74.8,40,59,2,3,0,1,20,14,0,0,0,0,0,0,nan,14,0,,0,0,,nan,7,3,1,1,30,23,9,11,34,24,5,6,15,12,12,11,43.7,20.8,11,4,68.4,65.6,112.9,107.0,237,241,2,7,1,1,2.34,4.51,2.85,D,1,1
463,2020-21,2020-11-09,2,14:05,London Stadium,54301,Paul Tierney,Foggy,18.5,69,League,West Ham,Chelsea,David Moyes,Mauricio Pochettino,4-4-2,4-3-3,defense,balanced,bad,average,0,2,1,2,39,51;61+5,14,6,4,6,28.6,100.0,1.31,2.72,-0.31,-0.72,53.8,46.2,483,401,84.4,82.6,75,35,9,1,?,1,8,5,0,1,0,0,0,,13,17,3,2,0,0,2,5,4,3,2,1,16,25,16,10,15,11,6,3,6,21,9,17,31.5,38.9,20,17,75.0,,101.1,104.8,280,177,2,5,3,0,2.3,4.94,2.76,A,0,3
308,2019-20,2020-03-11,10,19:45,Anfield,49476,David Coote,Windy,18.0,,Top 4 battle,Liverpool,Chelsea,Jurgen Klopp,Mauricio Pochettino,4-3-2-1,4-3-3,attack,balanced,,average,0,0,0,1,none,86,14,8,4,?,28.6,12.5,0.21,1.21,-0.21,-0.21,49.9,50.1,467,415,88.0,84.7,35,54,4,6,0,1,21,14,0,0,0,0,0,0,12,18,1,1,0,,5,5,0,4,1,0,28,28,9,17,17,24,12,3,9,13,6,20,29.5,39.2,17,5,44.0,51.9,110.7,103.4,264,160,1,2,,1,2.51,3.51,3.16,A,0,3
562,2020-21,2021-01-15,18,15:00,Kenilworth Road,8594,Robert Jones,Cloudy,21.9,49,Top 4 battle,Luton Town,Everton,Rob Edwards,Sean Dyche,4-2-3-1,4-2-3-1,defense,defense,good,bad,1,1,2,1,23;68,45,13,9,8,-3,61.5,66.7,2.38,0.76,-0.38,0.24,48.3,51.7,353,496,77.9,81.4,22,46,8,1,1,1,15,20,0,0,0,0,0,0,19,19,3,1,0,0,0,3,5,6,,nan,23,15,8,18,27,26,4,5,20,15,24,20,40.6,38.2,6,4,41.7,60.3,103.9,111.1,295,182,5,5,1,0,?,##,2.6,H,3,0
890,2021-22,2021-11-12,24,12:30,Craven Cottage,25139,Andy Madley,Sunny,10.3,95,Derby,Fulham,Sheffield United,Marco Silva,Chris Wilder,5-4-1,3-5-2,balanced,defense,average,bad,1,0,3,1,26;51+5;73,84,17,15,7,7,41.2,46.7,2.28,0.76,0.72,0.24,64.3,35.7,454,456,81.7,75.3,80,51,7,,1,0,21,6,1,0,0,0,0,0,16,11,0,2,0,0,5,2,6,4,1,3,17,18,6,8,38,38,7,7,16,10,5,12,39.0,21.2,11,8,49.6,55.1,109.4,103.8,177,190,2,5,0,0,2.42,4.39,2.78,H,3,0
459,2020-21,2020-11-07,18,15:00,London Stadium,52365,Robert Jones,Cloudy,16.6,53,League,West Ham,Nottm Forest,David Moyes,Nuno Espirito Santo,4-2-3-1,5-4-1,defense,defense,average,,0,0,2,2,20;52,28;82+4,18,9,4,5,22.2,55.6,2.51,2.42,-0.51,-0.42,47.8,52.2,370,500,86.0,82.6,70,20,4,8,2,1,16,15,0,0,0,1,0,1,12,15,1,1,0,,3,4,,2,2,2,21,22,17,5,20,22,9,6,9,16,9,18,42.7,19.0,18,16,61.1,69.5,?,105.6,,229,nan,3,1,0,2.38,,2.69,D,1,1
72,2019-20,2019-09-25,38,14:05,Bramall Lane,24609,Chris Kavanagh,Light Rain,8.2,66,Derby,Sheffield United,Tottenham,Chris Wilder,Ange Postecoglou,4-3-2-1,4-4-2,defense,attack,bad,bad,0,0,0,0,none,none,9,9,8,,88.9,55.6,0.1,0.46,-0.1,-0.46,29.6,70.4,660,,,85.8,63,,4,5,0,0,16,6,0,0,0,1,0,0,9,13,,1,0,0,1,4,5,8,,0,20,13,14,8,39,22,10,6,23,N/A,23,,30.7,29.7,6,11,44.9,49.9,110.8,107.8,190,144,0,5,3,1,3.16,4.2,,D,1,1
240,2019-20,2020-01-22,37,12:30,Tottenham Hotspur Stadium,52035,Michael Oliver,Cloudy,,58,League,Tottenham,Liverpool,Ange Postecoglou,Jurgen Klopp,4-1-4-1,4-3-3,attack,attack,average,good,N/A,,1,2,54,11;65,17,13,5,2,29.4,15.4,1.63,2.65,-0.63,-0.65,53.3,46.7,344,577,84.2,85.6,67,62,4,1,1,0,8,9,0,0,0,0,0,0,14,,2,2,0,0,6,5,0,4,2,1,10,11,11,12,10,37,9,2,19,11,24,19,37.8,19.8,15,10,65.2,53.8,104.4,106.8,164,202,2,5,2,1,2.39,5.01,2.62,A,0,3
76,2019-20,2019-09-30,4,14:05,City Ground,nan,Simon Hooper,,10.4,74,League,Nottm Forest,Tottenham,Nuno Espirito Santo,Ange Postecoglou,3-4-3,3-4-3,defense,attack,average,average,0,1,0,4,none,3+3;26;47;60,16,-1,9,5,56.2,71.4,0.1,,-0.1,0.99,48.6,51.4,529,577,83.5,88.1,46,34,4,8,0,0,12,13,0,0,0,1,0,1,14,7,,2,0,0,1,4,1,9,4,0,18,28,13,5,,33,6,3,20,20,11,16,29.4,33.3,8,7,44.5,null,?,107.3,247,183,2,3,0,0,,3.78,2.35,A,0,3
1684,2023-24,2023-12-02,12,20:00,Tottenham Hotspur Stadium,52193,Jarred Gillett,Cloudy,11.8,67,League,Tottenham,Aston Villa,Ange Postecoglou,Unai Emery,4-1-4-1,3-4-3,attack,attack,good,bad,1,1,nan,1,24;90,53,13,17,2,4,15.4,23.5,1.95,1.22,,-0.22,52.7,47.3,505,nan,82.1,82.6,38,40,5,8,2,1,22,16,0,1,0,1,0,0,12,10,3,4,0,0,6,5,3,0,1,,17,,,13,33,22,8,8,19,21,18,17,39.9,19.8,18,5,46.5,61.8,107.8,105.3,197,201,4,2,0,0,2.84,2.68,3.64,H,3,0
1281,2022-23,2022-11-10,2,19:45,Tottenham Hotspur Stadium,56647,Simon Hooper,Overcast,8.5,90,Relegation 6-pointer,Tottenham,Everton,Ange Postecoglou,Sean Dyche,4-3-3,4-3-3,attack,defense,,average,1,0,3,1,30+2;74;79,55,N/A,6,10,6,71.4,100.0,3.03,0.92,-0.03,0.08,56.9,43.1,618,624,86.3,80.6,79,23,10,9,1,1,19,15,0,0,0,1,0,0,16,17,2,0,0,0,1,0,5,7,1,3,20,22,10,16,23,31,12,7,20,6,7,9,34.2,15.2,15,15,,42.5,111.7,102.2,,237,,3,2,0,2.05,3.75,4.09,H,3,0
1946,2022-23,2023-05-09,20,20:00,Etihad Stadium,41513,Michael Oliver,Sunny,19.6,62,Derby,Manchester City,Bournemouth,Pep Guardiola,Andoni Iraola,4-2-3-1,4-2-3-1,balanced,attack,average,good,1,0,2,1,13+1;70,54,10,17,10,2,100.0,11.8,1.78,0.59,0.22,0.41,66.5,33.5,630,596,,82.5,24,39,10,1,1,0,20,10,0,0,1,0,0,0,12,7,3,1,0,0,6,2,1,8,1,2,16,24,5,5,21,24,3,6,7,21,5,18,33.7,26.5,17,15,60.0,69.0,108.2,98.5,241,196,3,5,3,1,2.42,3.71,3.16,H,3,0
2003,2019-20,2019-11-05,8,15:00,Anfield,51542,Paul Tierney,Rainy,31.0,75,Relegation 6-pointer,Liverpool,Fulham,Jurgen Klopp,Marco Silva,4-2-3-1,4-3-2-1,attack,BALANCED,good,bad,2,0,5,0,3;11;25;49;60+1,none,12,7,4,3,33.3,42.9,6.11,0.1,-1.11,-0.1,55.9,44.1,622,516,91.0,80.0,57,36.0,4,9,2,0,11,16,1,0,2,nan,1,0,14,12,2,3,1,0,4,4,3,0,0,5,15,,18,15,28,38,4,2,22,,14,10,41.8,24.4,5,17,69.7,44.6,102.5,101.5,209,265,1,,0,0,2.46,3.9,2.96,H,,0
1425,2022-23,2023-02-20,15,17:30,Selhurst Park,20281,Stuart Attwell,Sunny,21.3,68,League,Crystal Palace,Liverpool,Oliver Glasner,Jurgen Klopp,5-4-1,3-5-2,defense,attack,good,bad,0,1,1,2,77,2;6,8,16,5,7,62.5,43.8,,1.71,-0.31,0.29,47.2,52.8,314,468,80.3,91.4,71,40,2,9,0,1,17,16,0,0,0,1,0,1,9,17,2,2,0,0,4,,5,4,2,1.0,,13,19,17,21,33,9,8,21,9,14,6,24.2,24.9,13,4,66.3,66.2,104.2,101.7,168,189,4,1,0,0,3.75,3.61,2.19,A,0,3
1648,2023-24,2023-11-11,14,15:00,Bramall Lane,30013,Robert Jones,Foggy,5.3,93,League,Sheffield United,Newcastle,Chris Wilder,Eddie Howe,4-2-3-1,4-2-3-1,defense,defense,good,average,1,,2,2,12;63,50;65,14,10,6,7,null,70.0,2.92,1.81,-0.92,0.19,,63.3x,471,337,73.5,80.0,34,34,3,7,1,1,8,17,0,0,0,0,0,0,15,14,1,1,0,0,0,1,5,4,2,2,17,24,11,10,34,10,7,6,15,7,18,10,,35.3,11,4,60.4,62.4,111.3,108.7,221,159,1,1,0,0,3.51,4.44,2.04,D,1,1
283,2019-20,2020-02-22,36,12:30,Bramall Lane,27978,Andy Madley,Windy,-6.0,62,Cup,Sheffield United,Arsenal,Chris Wilder,Mikel Arteta,3-4-3,4-2-3-1,defense,attack,good,avg,0,3,0,4,none,15+1;34;41;77,20,9,nan,3,20.0,33.3,0.16,3.85x,-0.16,0.15,25.2,74.8,518,576,77.3,91.8,52,24,3,7,0,2,7,13,0,0,0,1,0,-1,16,15,,N/A,0,0,4,2,0,4,4,0,14,14,10,14,33,31,7,10,5,,15,21,20.6,43.1,9,,52.8,41.3,105.8,92.7,160,188,2,4,1,0,3.71,3.44x,2.28,A,0,3
405,2020-21,2020-09-26,8,12:30,Turf Moor,16678,Chris Kavanagh,Light Rain,12.5,51,Title race,Burnley,Brighton,Vincent Kompany,Roberto De Zerbi,3-4-3,4-1-4-1,defense,balanced,average,average,,0,0,5,none,22;24;59;67+4;76,9,7,7,6,77.8,85.7,0.1,,-0.1,-0.81,41.6,58.4,524,278,73.3,87.7,25,61,8,7,0,0,19,9,0,0,0,2,0,2,17,8,4,0,0,0,0,nan,1,7,5,0,17,17,20,14,39,19,2,7,24,17,15,16,25.0,19.6,17,6,48.1,71.2,108.8,110.5x,260,170,2,5,2,0,3.29,3.67,2.36,A,,3
119,2019-20,2019-11-02,24,19:45,Kenilworth Road,9052,Robert Jones,Sunny,3.6,55,League,Luton Town,Brighton,Rob Edwards,Roberto De Zerbi,3-4-3,4-3-2-1,defense,balanced,average,average,0,0,1,1,60,51,10,13,8,3,80.0,23.1,1.11,1.62,-0.11,-0.62,38.9,61.1,343,496,78.5,82.3,66,55,11,3,1,1,9,18,0,0,2,0,0,0,19,17,2,1,0,0,4,4,2,7,1,1,13,,15,,39,16,3,10,21,12,16,10,36.2,20.7,5,14,55.3,48.8,102.9,105.4,,143,3,2,0,0,2.68,5.64,2.22,D,1,1
2051,2019-20,2020-06-04,20,20:00,City Ground,28608,Robert Jones,Overcast,1.5,82,Derby,Nottm Forest,Wolves,Nuno Espirito Santo,Gary O'Neil,3-5-2,4-2-3-1,defense,defense,average,avg,0,0,2,1,29;53,74+2,16,16,3,1,,6.2,1.82,1.68,-,-0.68,47.6,52.4,514,537,81.5,,72,67,6,2,1,0,6,6,0,0,1,1,,1,14,,2,1,0,0,1,0,0,1,1,2,,26,13,17,17,14,10,,20,11,7,12,43.5,34.8,,13,45.6,64.2,115.3,111.0,271,182,5,4,2,2,2.15,5.02,2.98,H,3,0
804,2021-22,2021-09-13,34,17:30,Kenilworth Road,9373,Michael Oliver,Overcast,-,60,Relegation 6-pointer,Luton Town,Liverpool,Rob Edwards,Jurgen Klopp,5-4-1,,defense,attack,Good,good,0,2,0,2,none,17+4;35,16,8,2,7,12.5,87.5,0.2,1.43,-0.2,0.57,40.8,59.2,449,421,-,88.6,-70,63,4,4,0,2,18,8,0,0,0,0,0,0,14,12,4,3,0,0,2,5,5,2,2,0,22,12,16,7,26,35,11,5,19,11,14,?,17.2,39.8,9,12,46.8,57.8,110.9,108.7,188,178,3,2,0,0,3.78,3.21,2.36,A,0,3
224,2019-20,2020-01-17,10,14:05,Etihad Stadium,52423,Andy Madley,Foggy,2.8,79,Relegation 6-pointer,Manchester City,Liverpool,Pep Guardiola,Jurgen Klopp,4-2-3-1,4-3-3,balanced,attack,average,Good,0,1,1,1,77,52,12,16,3,7,25.0,43.8,0.73,1.3,0.27,-0.3,45.9,54.1,560,480,,,65,46,7,3,0,1,12,8,0,0,1,0,1,0,11,8,3,2,0,0,3,0,6,2.0,1,1,26,24,13,9,11,35,6,,22,9,7,11,41.7,18.7,17,12,42.6,58.8,102.7,107.0,153,201,3,1,0,0,2.88,3.04,3.09,D,1,1
1973,2023-24,2024-02-11,31,16:30,Tottenham Hotspur Stadium,49998,Michael Oliver,Cloudy,11.2,95,Relegation 6-pointer,Tottenham,Nottm Forest,Ange Postecoglou,Nuno Espirito Santo,4-1-4-1,5-4-1,attack,,average,AVERAGE,1,0,,1,67,42,19.0,12,10,7,52.6,58.3,1.0,0.98,0.0,0.02,54.1,45.9,437,374,87.4,73.6,53,74,7,1,1,1,8,7,1,,0,0,0,0,18,14,2,3,1,0,4,1,6,9,1,1,22,,,15,26,17,6,3,25,5,9,,22.3,16.3,,14,67.9,65.2,107.0,111.1,230,183,2,6,1,0,2.34,3.36,3.64,D,1,1
1478,2022-23,2023-03-29,13,12:30,St. James' Park,51152,David Coote,Cloudy,6.9,81,Cup,Newcastle,Luton Town,Eddie Howe,Rob Edwards,4-2-3-1,3-4-3,defense,defense,average,bad,0,0,1,0,51,none,15,10,4,8,26.7,80.0,0.75,0.39,0.25,-0.39,63.2,36.8,442,452,,74.8,75,46,9,7,,0,6,17,0,0,0,0,0,0,18,11,2,1,N/A,0,0,4,8,3,0,1,25,20,15,5,37,24,7,3,16,10,19,13,23.1,41.9,8,5,63.6,71.4,109.4,102.9,,279,3,4,1,1,1.97,6.05,3.05,H,3,0
219,2019-20,2020-01-12,33,17:30,Villa Park,41824,Paul Tierney,Overcast,?,94,Cup,Aston Villa,Chelsea,Unai Emery,Mauricio Pochettino,4-2-3-1,4-3-3,attk,balanced,average,good,1,0,1,1,90,41,13,11,10,2,76.9,18.2,1.24,1.34,-0.24,-0.34,42.8,57.2,497,468,88.3,83.4,63,66,6,8,0,0,18,12,1,0,0,0,0,0,10,12,1,3,0,1,0,0,1,9,1,1,30,27,11,15,20,35,6,3,15,19,18,14,19.1,20.8,20,8,65.1,59.5,103.8,101.7,251,245,2,2,0,0,nan,6.8,2.57,D,1,1
979,2021-22,2022-01-14,18,16:30,Selhurst Park,23257,David Coote,Overcast,3.2,88,Title race,Crystal Palace,West Ham,Oliver Glasner,David Moyes,5-4-1,4-4-2,defense,defense,bad,bad,0,,3,2,43;86;89,7;59,9,15,3,5,33.3,33.3,2.9,2.2,0.1,-0.2,47.0,53.0,621,489,,83.7,52,74,7,6,2,0,13,9,1,nan,0,2,0,2,12,20,2,2,0,0,1,3,3,0,2,3,21,26,14,8,30,14,11,3,,22,19,19,,35.2,14,11,65.8,66.6,108.6,107.6,182,255,1,4,0,0,2.28,5.56x,2.62,H,3,0
1724,2023-24,2024-01-02,11,19:45,Kenilworth Road,8406,David Coote,Sunny,23.2,61,Relegation 6-pointer,Luton Town,Newcastle,Rob Edwards,,4-4-2,4-4-2,defense,defense,good,good,0,0,0,3,none,22;68+2;82,20,12,7,7,35.0,58.3,0.13,3.1,-0.13,-0.1,36.2,63.8,437,337,74.4,83.2,59,29,7,1,0,1,6,18,0,0,0,0,0,0,6,20,3,2,0,0,0,5,4,7,3,0,27,28,16,14,37,37,7,3,25,12,6,13,,,20,8,41.5,49.5,102.8,,257,148,2,4,2,0,2.7,5.13,2.3,A,0,3
801,2021-22,2021-09-10,12,15:00,Vitality Stadium,11151,Anthony Taylor,Cloudy,5.5,55,Cup,Bournemouth,Luton Town,Andoni Iraola,Rob Edwards,4-4-2,5-4-1,attack,defense,good,good,nan,0,3,0,9;47;56,none,8,14,6,3,75.0,21.4,2.74,0.33,0.26,-0.33,48.1,51.9,427,543,82.6,77.0,57,27,11,9,0,0,20,9,0,0,2,0,1,0,20,16,2,4,0,0,3,2,3,3,,3,25,23,11,17,30,38,,6,21,17,14,20,35.2,29.4,6,17,71.3,50.9,103.3,null,259,150,2,2,0,0,2.4,3.33,3.54,H,,0
1496,2022-23,2023-04-11,22,15:00,Emirates Stadium,56639,Michael Oliver,Sunny,12.6,null,Relegation 6-pointer,Arsenal,Crystal Palace,Mikel Arteta,Oliver Glasner,4-3-2-1,,attack,defense,average,good,2,1,,-2,16;20;21;71,34;68,20,14,5,6,25.0,42.9,4.24,2.82,-0.24,,60.2,39.8,382,515,92.0,77.2,28,43,10,9,0,N/A,9,15,0,0,1,,1,1,15,8,2,,1,0,2,2,4,1,2,4,28,23,17,6,33,28,10,10,15,9,20,15,44.7,32.2,14,18,,44.3,107.6,113.2,267,283,2,2,1,1,2.07,3.84,3.91,H,3,0
808,2021-22,2021-09-17,29,16:30,Kenilworth Road,9554,Michael Oliver,Light Rain,11.0,72,League,Luton Town,Tottenham,Rob Edwards,Ange Postecoglou,3-4-3,3-5-2,defense,attack,good,bad,1,0,3,3,1;72;80,5;12+5;36,15,15,9,5,60.0,33.3,3.52,3.7,-0.52,-0.7,34.7,65.3,677,455,72.5,85.5,47,37,6,5,1,1,12,18,0,1,1,2,1,2,6,18,2,0,0,0,0,4,2,6,3,3,27,19,10,16,28,-17,3,6,21,16,N/A,13,34.5,16.7,?,11,65.8,53.0,109.9,104.4,282,153,2,5,0,0,3.07,4.12,2.32,D,1,1
10,2019-20,2019-08-14,37,19:45,Gtech Community Stadium,14535,Michael Oliver,Foggy,24.9,69,Relegation 6-pointer,Brentford,Luton Town,Thomas Frank,Rob Edwards,4-3-3,5-4-1,attack,defense,bad,good,1,1,3,2,23+1;57+1;67,60;65,8,17,7,7,87.5,41.2,2.21,2.06,0.79,,65.1,34.9,328,515,84.8,73.1,26,N/A,9,2,0,1,21,9,1,0,0,1,0,1,8,17,1,2,0,0,3,4,5,4,2,3,20,22,6,9,24,24,2,10,8,20,22,8,15.6,,12,13,46.4,43.3,109.9,107.0,157,144,1,1,2,1,2.38,-,2.86,H,3,0
43,2019-20,2019-09-04,6,17:30,Emirates Stadium,45842,Jarred Gillett,Light Rain,26.5,53,League,Arsenal,Bournemouth,Mikel Arteta,Andoni Iraola,4-3-2-1,3-4-3,ATTACK,attack,average,average,0,1,2,2,16;41,82;86,16,6,,4,12.5,66.7,1.48,2.87,0.52,-0.87,58.4,41.6,339,546,93.2,76.8,66,40,8,6,0,2,12,19,0,nan,0,0,0,0,17,13,4,1,0,0,3,3,,0,2,2,11,27,9,18,23,11,9,?,-13,21,N/A,14,27.1,30.6,13,4,73.4,46.1,111.4,110.7,239,189,1,3,1,1,2.26,4.59,2.95,D,1,1
429,2020-21,2020-10-16,37,19:45,Old Trafford,69683,Stuart Attwell,Windy,11.7,74,League,Manchester United,Everton,Erik ten Hag,Sean Dyche,4-3-3,5-4-1,balanced,defense,bad,bad,0,0,,N/A,3;85+2,29;89,10,9,8,,80.0,33.3,1.67,1.37,0.33,0.63,62.2,37.8,421,300,89.7,75.0,43,50,5,3,2,0,17,7,0,0,0,2,0,2,11,14,3,2,0,0,0,2,1,6,2,2,11,23,19,8,22,34,7,2,24,10,8,9,19.8,33.9,7,16,,40.6,107.0,107.7,160,217,0,2,3,,2.15,4.19,3.39,D,1,1
218,2019-20,2020-01-08,10,15:00,Amex Stadium,29048,Jarred Gillett,Rainy,13.1,46,League,Brighton,Fulham,Roberto De Zerbi,Marco Silva,4-3-3,3-5-2,balanced,balanced,average,average,2,0,2,0,,none,17,16,6,4,35.3,25.0,1.71,0.5,,-0.5,57.3,42.7,621,493,82.6,76.4,49,41,5,7,0,0,,7,0,0,0,0,0,0,18,7,1,0,1,0,5,3,,4,0,2,17,14,12,12,23,15,9,10,16,14,,6,42.8,nan,9,13,62.2,53.4,##,101.1,276,148,3,4,0,0,2.33,4.88,2.73,H,3,0
1331,2022-23,2022-12-21,4,20:00,Amex Stadium,28060,,Light Rain,7.4,95,League,Brighton,Crystal Palace,Roberto De Zerbi,,4_2_3_1,,balanced,defense,bad,good,0,0,2,1,31;32+1,73+3,12,15,8,4,66.7,26.7,?,,0.81,-0.3,62.1,37.9,413,353,79.3,82.7,30,68,3,3,0,1,15,6,0,0,0,0,0,0,14,19,2,2,0,0,0,4,3,,1,2,26,13,5,,21,29,4,7,18,14,17,15,44.1,34.2,12,4,49.2,,104.7,nan,224,143,2,3,0,0,2.71,2.77,3.71,H,3,0
1504,2022-23,2023-04-17,25,16:30,Craven Cottage,19493,Jarred Gillett,Windy,15.0,61,Relegation 6-pointer,Fulham,Brighton,Marco Silva,Roberto De Zerbi,4-4-2,3-4-3,balanced,balanced,average,average,,0,3,1,46;74;78,13,15,9,9,5,60.0,55.6,2.69,1.29,0.31,-0.29,47.7,52.3,692,608,83.0,89.0,N/A,38,7,9,0,0,16,8,0,0,1,0,1,0,18,6,3,4,0,0,0,2,4,6,1,3,18,17,11,11,12,29,11,9,17,,9,21,37.6,16.6,20,7,40.3,48.5,107.3,109.3,190,nan,1,4,1,1,2.92,3.15,2.94,H,3,
1336,2022-23,2022-12-21,27,15:00,Emirates Stadium,54930,Thomas Bramall,Foggy,13.8,45,League,Arsenal,Everton,Mikel Arteta,Sean Dyche,4-2-3-1,3-4-3,attack,defense,average,Avg,1,0,2,0,18;25,none,10,16,8,7,80.0,43.8,1.61,0.1,nan,-0.1,59.9,40.1,681,416,84.4,78.3,21,20,5,6,2,0,21,12,0,0,0,0,0,0,8,N/A,,4,0,0,3,4,7,6,0,2,30,22,19,12,25,29,11,9,23,14,15,17,26.6,16.5,13,9,51.3,42.9,112.2,104.7,249,,0,4,0,0,2.3,4.23,3.04,H,3,0
853,2021-22,2021-10-15,31,12:30,Amex Stadium,26967,Jarred Gillett,Cloudy,20.5,91,League,Brighton,Wolves,Roberto De Zerbi,Gary O'Neil,5-4-1,4-3-2-1,balanced,defense,bad,average,3,1,3,1,18+2;63;68,33,13,15,7,3,53.8,20.0,2.94,1.57,,-0.57,61.2,38.8,461,410,81.7,75.5,72,35,6,1,2,1,6,5,0,0,1,0,0,,17,18,3,2,0,1,1,1,2,4,1,3,15,16,8,11,23,31,9,5,13,9,5,5,23.3,20.5,16,8,48.1,43.7,107.1,110.8,281,257,1,4,2,0,2.65,3.08,3.36,H,3,0
263,2019-20,2020-02-14,15,12:30,Old Trafford,58628,Andy Madley,Sunny,14.9,52,League,Manchester United,Brentford,,Thomas Frank,4-4-2,3-5-2,balanced,attack,bad,average,1,0,,3,47,6+1;69;85,9,10,4,3,44.4,30.0,1.09,3.41,-0.09,-0.41,56.6,43.4,494,362,84.6,78.6,80,66,8,,1,1,16,,0,0,0,0,0,0,13,6,0,4,0,0,3,1,0,3,3,1,28,22,6,13,37,27,3,,23,16,19,4,40.6,44.5,15,16,50.0,48.5,103.1,111.4,224,209,-2,2,2,,2.36,5.73,2.49,A,0,3
1573,2023-24,2023-09-14,34,14:05,City Ground,28046,Jarred Gillett,Rainy,6.8,73,League,Nottm Forest,Crystal Palace,Nuno Espirito Santo,Oliver Glasner,5-4-1,5-4-1,defense,defense,good,average,0,0,1,0,53,none,17,7,2,2,11.8,28.6,0.79,-,0.21,-0.1,52.6,47.4,373,347,78.8,79.1,62,44,10,1,0,0,13,7,0,0,0,1,0,0,11,9,2,1,0,0,5,2,2,1,0,1,29,27,16,,20,15,7,4,21,5,nan,19,27.1,22.7,,10,56.6,62.3,111.7,111.4,187,233,2,2,0,0,2.63,3.97,2.72,H,3,0
868,2021-22,2021-10-28,19,12:30,Etihad Stadium,44994,Jarred Gillett,Clear,-4.9,null,Top 4 battle,Manchester City,Everton,Pep Guardiola,Sean Dyche,4-2-3-1,,balanced,defense,bad,average,0,0,2,0,57;69,none,18,7,9,5,50.0,71.4,2.28,0.36,-0.28,-0.36,68.2,31.8,525,304.0,94.8,79.9,23,75,6,6,0,0,19,11,0,0,0,,0,0,8,6,3,0,0,0,5,3,5,7,0,2,18,28,18,7,21,12,7,9,13,13,19,18,35.7,20.3,11,14,67.6,45.5,106.7,109.8,248,218,1,4,N/A,0,2.17,3.16,4.49,H,3,0
1227,2022-23,2022-10-07,19,17:30,City Ground,28834,Jarred Gillett,Overcast,17.4,42,Title race,Nottm Forest,Tottenham,Nuno Espirito Santo,Ange Postecoglou,4-4-2,3-4-3,defense,attack,good,bad,0,0,0,0,none,none,9,10,9,1,100.0,10.0,0.1,0.1,-0.1,,48.9,,570,629,81.2,90.6,73,51,6,3,0,0,13,14,0,?,0,0,0,0,7,8,2,2,0,0,4,2,1,9,0,0,nan,18,,7,31,33,3,4,13,8,5,16,35.5,34.3,12,4,62.4,56.8,113.8,106.2,272,153,0,2,3,0,,,2.71,D,1,1
1969,2022-23,2023-05-19,37,15:00,Craven Cottage,20002,Andy Madley,Light Rain,8.2,52,Relegation 6-pointer,Fulham,Manchester United,Marco Silva,Erik ten Hag,4-2-3-1,4-1-4-1,bal,balanced,good,average,0,1,0,2,none,59;73,10,6,2,6,20.0,100.0,0.19,2.5,-0.19,-0.5,51.1,48.9,353,414,80.7,88.8,79,26,3,4,0,2,13,10,0,0,0,0,,0,9,8,2,2,,1,3,4,4,2,2,0,13,25,7,17,37,32,9,10,12,16,10,7,44.0,44.1,18,5,42.5,59.7,102.1,111.5,226,281,4,3,2,,2.62,3.59,2.95,A,0,3
857,2021-22,2021-10-19,25,20:00,Old Trafford,62635,David Coote,Clear,8.3,74,League,Manchester United,Manchester City,Erik ten Hag,Pep Guardiola,3-4-3,4-2-3-1,balanced,balanced,average,good,3,0,3,3,79;79;79+1,24;58;78,20,6,5,5,25.0,83.3,3.87,3.17,-0.87,-0.17,47.0,53.0,634,335,87.8,90.4,71,58,2,6,0,0,17,16,0,0,0,1,0,0,20,6,2,0,0,0,4,3,2,2,3,3,15,26,17,14,15,24,6,6,11,19,19,12,29.2,-,16,11,55.3,41.8,117.9,109.9,269,235,1,,0,0,2.49,4.34,2.71,D,1,1
332,2019-20,2020-04-02,24,12:30,City Ground,24252,John Brooks,Rainy,1.7,94,League,Nottm Forest,Fulham,Nuno Espirito Santo,Marco Silva,4-1-4-1,4-4-2,defense,balanced,average,good,0,1,0,1,none,11,nan,12,2,4,22.2,33.3,0.2,1.04,-0.2,-0.04,40.0,60.0,300,280,78.9,81.2,45,70,9,1,0,0,8,7,0,1,0,1,0,0,9,12,1,1,1,1,4,0,3,,1,0,22,15,13,18,23,20,9,5,13,7,13,11,37.7,26.2,?,10,56.6,65.7,103.1,103.6,174,261,?,3,1,1,3.26,2.79,,A,0,3
1894,2023-24,2024-04-30,27,15:00,Tottenham Hotspur Stadium,58191,Paul Tierney,Overcast,14.6,63,League,Tottenham,Chelsea,Ange Postecoglou,Mauricio Pochettino,,4-3-2-1,attack,balanced,good,average,0,0,2,1,11;18+4,88,8,6,6,1,75.0,,1.97,1.42,0.03,-0.42,50.7,,435,561,82.1,88.8,28,26,8,9,,1,21,17,0,0,1,0,1,0,15,10,1,0,0,0,6,4,0,4,N/A,2,23,12,19,15,27,34,10,3,7,15,14,10,27.0,16.6,8,5,68.1,72.0,108.4,105.3,199,239,1,4,0,0,3.06,3.18,2.79,H,3,0
936,2021-22,2021-12-16,27,14:05,Vitality Stadium,10627,Robert Jones,Windy,11.3,95,League,Bournemouth,Everton,Andoni Iraola,Sean Dyche,5-4-1,5-4-1,attack,defense,bad,bad,1,1,3,1,18;43;71,34,17,13,10,6,58.8,46.2,4.07,,-1.07,-0.26,47.5,52.5,425,351,81.6,82.5,31,49,7,1,0,0,9,8,0,0,2,0,2,0,9,19,1,1,0,0,6,1,5,7,1,3,22,17,15,7,24,37,11,9,13,14,22,11,31.3,36.2,16,13,40.3,70.5,112.9,111.1,198,231,2,2,1,1,2.44,4.54,2.7,H,3,0
1375,2022-23,2023-01-21,28,19:45,City Ground,29845,Paul Tierney,Cloudy,14.9,84,Relegation 6-pointer,Nottm Forest,Manchester United,Nuno Espirito Santo,Erik ten Hag,4-2-3-1,4-4-2,defense,balanced,average,average,1,0,1,2,51,33;45,10,14,6,5,60.0,35.7,0.98,1.74,N/A,0.26,50.1,49.9,518,,79.2,90.1,35,31,10,6,0,0,12,8,1,,0,0,0,0,16,18,1,1,0,0,2,2,3,5,2,1,30,25,9,8,N/A,30,8,10,21,20,20,4,25.8,36.4,8,6,62.5,71.2,107.6,111.0,232,175,2,3,1,0,2.89,4.96,2.21,A,0,3
841,2021-22,2021-10-08,18,17:30,Vitality Stadium,10623,,Foggy,12.9,54,League,Bournemouth,West Ham,Andoni Iraola,David Moyes,3-4-3,4-3-2-1,attack,defense,average,bad,1,1,3,1,21;31;59,49,20,16,6,6,30.0,37.5,2.64,1.27,0.36,-0.27,40.0,60.0,459,530,77.0,84.4,75,71,6,5,1,1,19,9,0,0,1,0,1,0,,18,2,0,N/A,0,1,,5,3,1,3,21,19,,12,30,31,12,4,17,15,25,5,23.4,29.3,12,6,48.5,54.8,106.7,107.4,203,290,3,7,2,1,2.97,4.18,2.36,H,3,0
1268,2022-23,2022-11-02,13,15:00,Stamford Bridge,30749,Chris Kavanagh,Rainy,,67,League,Chelsea,Crystal Palace,Mauricio Pochettino,Oliver Glasner,5-4-1,4-1-4-1,balanced,defense,good,average,2,0,2,0,13;14,none,11,16,10,4,90.9,25.0,1.58,0.1,0.42,-0.1,48.3,51.7,406,340,80.7,80.0,26,41,11,1,0,0,9,10,0,0,0,0,0,0,,17,2,3,0,0,1,4,4,8,0,2,15,13,18,9,16,18,2,5,22,13,12,16,40.9,nan,9,10,46.8,53.0,107.5,108.3,214,236,1,,2,2,2.17,6.08,2.68,H,3,0
1487,2022-23,2023-04-06,12,17:30,Anfield,58631,David Coote,Rainy,15.5,79,Cup,Liverpool,West Ham,Jurgen Klopp,David Moyes,4-3-2-1,4-3-2-1,attack,defense,average,good,3,0,4,0,10;33+2;59;76,none,14,6,7,3,50.0,50.0,4.6,0.16,-0.6,-0.16,59.8,40.2,439,307,86.9,85.2,69,,8,3,1,0,10,9,0,0,1,0,1,0,11,17,4,2,0,0,1,2,3,3,0,4,27,14,13,8,33,13,11,4,11,22,16,13,23.6,32.2,11,11.0,42.4,60.7,106.3,114.4x,?,248,3,1,2,1,2.07,4.66,3.31,H,,0
1241,2022-23,2022-10-16,27,16:30,Old Trafford,57213,David Coote,Foggy,21.0,70,League,Manchester United,West Ham,Erik ten Hag,David Moyes,4-2-3-1,3-5-2,balanced,defense,good,good,3,nan,3,1,27;59;87,6,15,15,8,2,53.3,,4.13,1.73,-1.13,-0.73,55.2,44.8,538,635,86.9,79.7,39,61,10,3,0,0,9,20,0,0,,0,0,0,16,19,4,1,0,0,2,3,1,5,1,3,20,17,16,14,23,38,5,2,11,8,11,11,34.8,34.0,19,8,67.7,51.9,N/A,108.5,228,169,4,5,1,0,2.42,4.22,2.85,H,3,0
645,2020-21,2021-03-18,37,16:30,Turf Moor,18371,Anthony Taylor,,2.9,43,Top 4 battle,Burnley,Chelsea,Vincent Kompany,Mauricio Pochettino,3-4-3,3-5-2,defense,balanced,good,bad,0,0,2,2,18;56,5;8,8,7,4,3,50.0,42.9,2.87,2.29,-0.87,,40.7%,59.3,549,348,78.2,89.6,61,44,,4,1,1,19,8,1,1,0,0,0,0,10,19,2,2,0,0,5,,1,2,2,2,24,26,14,8,19,18,12,9,21,22,16,4,28.5,22.2,10,18,45.4,49.4,110.5,105.0,239,191,3,2,2,0,3.11,3.34,2.64,D,1,1
881,2021-22,2021-11-07,4,15:00,Gtech Community Stadium,14156,David Coote,Overcast,7.3,89,League,Brentford,Chelsea,Thomas Frank,Mauricio Pochettino,3-5-2,4-1-4-1,attk,BALANCED,good,average,0,3,0,,none,13;27;83,17,17,,4,23.5,23.5,0.1,3.73,-0.1,-0.73,38.2,61.8,314,383,83.5,90.0,63,68,6,6,0,1,9,14,0,0,0,0,0,0,11,8,?,2,0,0,,0,1,4,3,0,16,15,8,7,26,13,12,5,17,18,-7,4,30.1,36.8,13,15,48.6,56.5,106.8,106.7,269,211,2,3,,0,2.88,3.13,3.0,A,0,3
1981,2020-21,2021-02-12,24,20:00,Stamford Bridge,35242,Chris Kavanagh,Cloudy,11.7,60,Derby,Chelsea,Arsenal,Mauricio Pochettino,Mikel Arteta,4-4-2,4-3-2-1,,attack,bad,good,1,1,1,2,18,50;67,18,8,5,6,27.8,75.0,1.24,2.46,,-0.46,53.7,46.3,358,402,81.1,89.5,34,66,5,8,0,1,16,11,0,0,0,1,0,1,10,6,2,1,0,0,5,1,4,4,2,1,12,19,5,5,16,16,10,4,14,15,5,6,23.1,34.3,5,7,49.4,41.0,108.0,106.7,222,253,3,2,2,0,2.84,3.44,2.8,A,0,3
1878,2023-24,2024-04-22,34,12:30,Bramall Lane,25267,Robert Jones,Cloudy,11.0,,League,Sheffield United,Brighton,Chris Wilder,Roberto De Zerbi,3-4-3,4-1-4-1,defense,balanced,bad,good,0,2,1,2,74,25;90,10,7,7,2,70.0,28.6,1.16,2.51,-0.16,-0.51,29.9,70.1,331,638,76.7,87.4,26,49,5,9,0,2,19,9,0,0,1,0,,0,19,19,1,0,0,0,4,,0,6,,1,15,13,20,12,32,9,6,2,16,14,25,19,19.0,24.8,16,14,65.3,45.3,115.7,111.9,266,269,3,1,0,0,3.29,4.07,2.22,A,0,3
1160,2022-23,2022-08-15,14,16:30,Stamford Bridge,38642,Jarred Gillett,Cloudy,7.1,59,League,Chelsea,Tottenham,Mauricio Pochettino,Ange Postecoglou,5-4-1,4-1-4-1,balanced,,Avg,bad,0,1,2,1,40;56,60,8,6,2,4,25.0,-,2.39,1.46,-0.39,-0.46,44.2,55.8,481,438,83.3,84.9,52,32,10,8,2,,15,11,0,0,0,0,0,0,11,10,2,2,1,0,1,2,3,0,1,2,13,11,20,5,24,20,2,8,16,7,22,19,44.7,35.2,nan,14,43.5,52.6,101.8,108.1,228,N/A,?,,1,0,3.01,3.58,2.58,H,3,0
792,2021-22,2021-09-05,10,17:30,Amex Stadium,26735,Robert Jones,Rainy,1.3,90,Derby,Brighton,Newcastle,Roberto De Zerbi,Eddie Howe,5-4-1,4-3-3,balanced,defense,bad,good,2,1,2,2,62;86,25;54,,12,9,7,52.9,58.3,2.35,1.61,-0.35,0.39,42.8,57.2,547,620,83.3,86.3,58,72,3,9,1,0,14,18,0,0,0,1,0,1,7,19,1.0,3,0,0,1,0,5,7,2,2,27,27,15,9,35,17,12,2,19,15,20,18,36.5,39.5,5,7,64.7,61.8,108.6,102.1,278,238,1,5,0,0,2.53,5.08,2.45,D,1,1
755,2020-21,2021-06-07,29,17:30,Selhurst Park,22388,Jarred Gillett,Overcast,,46,Relegation 6-pointer,Crystal Palace,Nottm Forest,Oliver Glasner,,4-4-2,4-2-3-1,defense,defense,good,average,1,1,2,1,,7,,7,7,2,38.9,28.6,2.73,0.89,-0.73,0.11,60.2,39.8,496,461,76.6,78.8,75,,4,6,1,1,19,17,0,0,1,1,1,0,17,14,3,1,0,0,,5,1,5,1,2,,13,8,15,34,15,5,4,18,13,23,21,44.6,19.4,19,6,64.0,71.7,110.2,112.7,184,225,0,1,0,,2.77,2.99,3.28,H,3,0
491,2020-21,2020-11-28,13,17:30,Etihad Stadium,47515,Simon Hooper,Cloudy,9.3,71,League,Manchester City,Fulham,Pep Guardiola,Marco Silva,4-1-4-1,3-5-2,balanced,balanced,good,bad,0,0,2,2,40;47,37;50,17,6,6,6,,100.0,1.85,2.24,0.15x,-0.24,59.8,40.2,532,517,88.0,78.1,71,56,6,5,1,1,17,7,0,1,0,1,0,1,15,?,2,2,0,1,5,2,4,4,2,2,24,10,6,16,35,21,11,6,23,10,18,7,24.6,,13,12,58.2,70.1,103.3,110.5,259,149,1,1,,0,2.23,3.78,,D,1,1
164,2019-20,2019-12-05,20,20:00,Bramall Lane,29018,Michael Oliver,Clear,12.2,##,League,Sheffield United,Aston Villa,Chris Wilder,Unai Emery,5-4-1,4-2-3-1,,attack,average,bad,0,1,0,2,none,,20,7,8,7,40.0,100.0,0.43,2.27,-0.43,-0.27,34.8,65.2,338,520,72.0,83.4,67,34,5,6,0,,11,14,0,0,0,0,0,0,8,15,2,1,0,1,6,5,5,8,2,0,29,13,9,15,16,,5,3,7,14,8,8,35.5,38.8,16,7,?,61.6,113.6,105.1,154,148,1,3,2,0,2.59,4.71,2.49,A,,3
917,2021-22,2021-12-03,30,15:00,Turf Moor,21006,Chris Kavanagh,Cloudy,16.2,45,League,Burnley,Chelsea,Vincent Kompany,,5-4-1,4-2-3-1,defense,balanced,avg,good,0,0,0,1,none,90,20,8,6,4,30.0,50.0,0.1,,-0.1,0.19,37.4,62.6,481,421,70.1,83.9,58,44,2,,0,0,6,9,0,0,1,1,0,1,18,10,3,2,0,0,3,5,3,6,1,0.0,13,21,19,8,38,17,12,3,23,11,11,17,38.6,30.3,,15,67.1,65.6,##,108.2,187,177,1,0,1,,4.13,2.7,2.58,A,0,3
1532,2023-24,2023-08-19,27,20:00,St. James' Park,50052,Paul Tierney,Rainy,9.1,92,League,Newcastle,Everton,,Sean Dyche,3_5_2,4-3-2-1,DEFENSE,defense,average,bad,3,0,4,2,44;58;81;90,44;54,18,16,9,7,50.0,43.8,5.29,1.49,-1.29,0.51,48.7,51.3,345,615,81.2,76.4,30,41,4,3,,1,,13,1,0,0,1,,1,18,20,3,2,1,0,6,0,5,5,2,4,23,13,18,17,25,19,3,6,11,12,17,4,41.4,18.4,20,14,57.2,,107.4,104.9,268,169,2,4,1,0,2.21,4.58,3.04,H,3,0
1182,2022-23,2022-09-03,8,16:30,Old Trafford,73777,Anthony Taylor,Clear,25.0,87,League,Manchester United,Fulham,Erik ten Hag,,4-2-3-1,4-2-3-1,balanced,balanced,good,good,0,1,1,2,32,9;68+2,18,17,8,1,44.4,5.9,1.21,1.83,-0.21,0.17,56.8,43.2,348,464,89.9,,71,52,11,4,1,0,20,20,0,0,1,1,0,1,15,9,3,3,0,0,3,1,0,7,2,1,28,26,19,,10,16,8,5,17,13,,20,30.9,27.4,9,5,58.0,67.4,107.2,107.5,151,162,3,3,0,0,2.66,4.07,,A,0,3
79,2019-20,2019-10-04,24,20:00,Craven Cottage,20212,Robert Jones,Rainy,10.8,87,League,Fulham,Manchester United,Marco Silva,Erik ten Hag,4-1-4-1,4-2-3-1,balanced,balanced,bad,good,3,1,,3,22;51;62,24;25;41,,15,7,2,35.0,13.3,3.01,4.02,-0.01,nan,39.4,60.6,379,497,78.2,83.8,58,73,5,7,1,1,12,16,1,0,0,1,0,1,7,7,0,2,0,0,6,2,0,4,3,3,15,12,14,17,20,30,10,7,19,11,22,19,,36.8,15,7,60.1,66.4,108.1,110.8,152,196,0,,0,0,2.27,7.32,2.37,D,1,1
502,2020-21,2020-12-05,35,17:30,Etihad Stadium,45880,Robert Jones,Cloudy,17.2,92,Relegation 6-pointer,Manchester City,Arsenal,Pep Guardiola,Mikel Arteta,4-3-2-1,3-4-3,balanced,attack,good,bad,0,0,1,0,53,none,19,12,4,4,21.1,33.3,-,0.1,-0.19,-0.1,57.4,42.6,375,513,91.2,89.4,74,28,7,7,0,0,15,9,0,0,0,0,0,0,13,19,1,3,0,0,3,4,4,3,0,1,22,11,15,16,37,24,8,7,16,12,7,21,,35.5,8,12,50.1,71.4,111.3,102.8,187,146,2,2,0,0,2.37,5.46,2.53,H,3,0
1607,2023-24,2023-10-11,8,15:00,Craven Cottage,20357x,David Coote,Light Rain,15.0,69,League,Fulham,Chelsea,Marco Silva,Mauricio Pochettino,4-3-2-1,4-3-2-1,balanced,balanced,bad,average,0,0,2,1,28+1;82+2,17+2,9,16,2,5,22.2,31.2,1.97,1.09,0.03,-0.09,46.6,53.4,309,379,77.0,88.9,63,,2,5,1,0,20,9,1,0,1,0,1,0,12,14,4,3,0,1,2,2,4,0,1,2,24,26,,16,12,36,11,5,7,14,7,9,15.0,33.7,20,18,62.2,51.8,102.1,109.2,207,283,,3,3,0,2.46,6.86,2.23,H,3,0
335,2019-20,2020-04-04,27,16:30,City Ground,24224,Michael Oliver,Rainy,22.5,89,Top 4 battle,Nottm Forest,Arsenal,Nuno Espirito Santo,Mikel Arteta,4-4-2,4-4-2,defense,attack,good,poor,0,0,0,2,none,52;57,18,14,4,5,22.2,35.7,0.33,2.1,-0.33,-0.1,35.6,64.4,534,454,80.2,88.8,76,,10,,0,1,10,8,0,0,0,0,0,0,19,15,2,2,?,0,0,5,3,4,2,0,18,13,15,,14,18,4,,5,18,13,20,20.7,25.7,?,12,53.6,49.8,101.8,111.7,298,,3,4,0,0,3.08,4.65,2.17,A,0,3
1764,2023-24,2024-01-27,10,15:00,Bramall Lane,24155,Chris Kavanagh,Rainy,13.2,87,Top 4 battle,Sheffield United,West Ham,Chris Wilder,David Moyes,4-4-2,3-5-2,defense,defense,bad,good,0,0,0,0,none,none,8,7,5,7,62.5,100.0,0.29,0.1,-0.29,-0.1,37.9,62.1,,332,70.1,86.9,,21,9,9,0,0,12,14,0,0,0,0,0,0,7,11,0,0,0,0,6,,7,,0,0,24,19,9,6,34,23,10,5,,19,21,9,31.4,44.4,,9,45.0,,105.9,102.6,167,168,4,5,1,0,4.07,3.1,2.32,D,1,1
1700,2023-24,2023-12-19,5,19:45,Vitality Stadium,10590,Michael Oliver,Rainy,17.7,75,Derby,Bournemouth,Burnley,Andoni Iraola,Vincent Kompany,4-1-4-1,4-3-2-1,attack,DEFENSE,good,BAD,1,1,3,1,14;26;37,85,16,12,6,6,37.5,50.0,,0.81,0.9,0.19,,39.2,361,454,76.0,76.1,30,68,3,7,2,1,18,16,0,0,0,0,0,0,18,16,1,2,0,,,1,,3,1,3,21,11,14,13,27,10,3,8,13,10,20,15,23.2,21.0,13,9,68.2,51.6,107.7,102.8,N/A,146,N/A,6,2,0,2.2,4.36,3.17,H,3,0
1928,2020-21,2020-12-08,2,16:30,Old Trafford,73969,Robert Jones,Sunny,-,89,Derby,Manchester United,Burnley,Erik ten Hag,Vincent Kompany,3-5-2,4-4-2,balanced,defense,average,,1,1,2,1,15;38,72,14,11,6,1,42.9,9.1,2.16,1.06,-0.16,-0.06,58.7,-,N/A,625,86.0,75.7,54,60,11,8,2,1,7,18,0,1,,0,0,0,13,20,1,,0,0,3,5,0,4,1,2,23,23,15,7,33,38,3,3,14,6,19,11,40.8,36.0,7,4,61.2,55.3,103.6,101.4,297,278,3,3,2,0,2.22,3.11,4.36,H,3,0
1698,2023-24,2023-12-13,11,16:30,Gtech Community Stadium,15976,Stuart Attwell,Windy,15.7,68,Relegation 6-pointer,Brentford,Manchester City,Thomas Frank,Pep Guardiola,4-1-4-1,3-5-2,,balanced,average,good,0,0,nan,1,none,49,20,6,10,3,50.0,50.0,0.31,,-0.31,0.09,43.3,56.7,424,270,79.8,87.9,31,22,5,8,0,1,20,20,0,1,0,0,0,0,9,12,2,1,,0,0,5,2,10,1,0,26,18,19,8,34,9,9,7,12,20,15,12,27.5,19.2,7,5,64.4,50.9,108.8,104.5,261,238,5,4,3,,2.62,5.23,2.34,A,0,3
864,2021-22,2021-10-27,4,19:45,Turf Moor,21827,Simon Hooper,Windy,13.3,88,League,Burnley,Sheffield United,Vincent Kompany,Chris Wilder,4-4-2,5-4-1,defense,defense,good,good,0,1,3,2,21;75;87,72;82,15,12,6,3,40.0,25.0,2.91,null,0.09,0.3,57.0,43.0,523,,77.9,72.7,76,31,7,2,1,0,16,15,0,0,1,0,1,0,9,9,1,1,,0,4,3,1,3,2,?,22,13,17,5,29,11,7,8,14,?,9,10,32.5,32.7,7,7,59.0,44.1,106.2,105.5,292,274,0,1,2,0,2.54,3.06,3.58,H,3,0
1857,2023-24,2024-04-07,24,20:00,Tottenham Hotspur Stadium,54231,Stuart Attwell,Sunny,14.8,41,Top 4 battle,Tottenham,Burnley,Ange Postecoglou,Vincent Kompany,4-2-3-1,3-5-2,attack,defense,bad,bad,0,0,3,0,47;55+1;66,none,16,6,7,-2,43.8,83.3,2.27,0.1,0.73,-0.1,66.2,33.8,656,449,84.5,,39,18,5,9,1,0,19,9,0,0,,1,2,0,19,14,1,2,0,1,5,3,5,4,0.0,3,15,16,8,11,24,9,9,5,18,18,12,19,31.3,40.5,15,17,64.3,53.6,108.4,111.3,192,149,2,3,0,0,2.05,5.86x,2.93,H,3,0
1377,2022-23,2023-01-20,15,14:05,Bramall Lane,25501,Michael Oliver,Foggy,21.3,74,League,Sheffield United,Burnley,Chris Wilder,Vincent Kompany,3-4-3,4-4-2,defense,defense,average,average,0,0,4,,11;21+5;33;70+3,none,9,7,5,4,55.6,57.1,2.99,0.21,1.01,-0.21,43.4,56.6,386,646,69.1,69.8,78,52,7,7,2,0,14,16,0,0,2,0,2,0,N/A,,2,0,0,0,0,4,4,1,0,4,26,18,18,12,12,27,7,9,23,16,23,,33.6,37.6,19,18,,70.6,112.2,109.5,165,245,2,5,3,1,2.95,3.1,2.95,H,3,0
1844,2023-24,2024-03-27,36,12:30,Goodison Park,32936,Andy Madley,Rainy,-0.7,43,League,Everton,Wolves,Sean Dyche,Gary O'Neil,4-4-2,4-4-2,defense,defense,,good,2,0,3,3,24;32;52,33;33;35,15,9,4,2,26.7,,3.45,3.21,-0.45,-0.21,41.5,58.5,462,649,77.6,75.6,43,36,5,4,,0,7,17,0,0,2,1,1,1,-14,12,2,2,0,0,3,5,0,1,3,3,10,22,12,11,22,34,nan,3,25,16,22,12,30.4,22.6,10,16,54.6,52.5,105.5,111.1,232,229,0,3,2,2,2.17,5.15,2.9,D,1,1
461,2020-21,2020-11-08,37,12:30,Molineux Stadium,25784,Michael Oliver,Rainy,7.1,83,Derby,Wolves,Brighton,Gary O'Neil,Roberto De Zerbi,3-5-2,4-1-4-1,,balanced,bad,average,0,1,2,2,23+2;47,61;61,9,16,4,1,44.4,6.2,2.19,,-0.19,-0.2,51.5,,336,613,76.3,80.9,71,46,9,5,2,?,22,12,0,0,0,1,0,1,20,7,2,2,0,0,5,0,0,2,2,2,23,17,9,10,15,13,10,3,19,13,14,12,43.1,28.6,15,17,42.9,67.6,109.6,104.9,299,143,4,2,2,0,2.45,5.13x,2.52,D,1,1
250,2019-20,2020-02-02,22,20:00,Selhurst Park,22979,Andy Madley,Windy,6.4,43,Relegation 6-pointer,Crystal Palace,Manchester City,Oliver Glasner,Pep Guardiola,4-2-3-1,4-2-3-1,,balanced,good,bad,0,1,0,1,none,80,13,10,,4,46.2,40.0,0.48,1.17,,-0.17,35.2,64.8,598,354,79.5,92.8,53,22,5,3,0,0,,18,0,0,0,0,0,0,17,6,2,2,0,0,4,4,3,6,1,0,29,17,10,14,12,34,9,5,21,9,21,6,24.2,42.1,6,17,74.7,42.3,106.2,102.2,173,163,2,1,2,0,3.74,3.9,2.1,A,0,3
485,2020-21,2020-11-25,13,14:05,Tottenham Hotspur Stadium,54605,Thomas Bramall,Sunny,20.6,83,Title race,Tottenham,Manchester City,Ange Postecoglou,Pep Guardiola,4-3-2-1,3-5-2,attack,balanced,average,good,2,0,2,1,14+1;34,61,14,16,6,8,42.9,50.0,2.77,1.49,,-0.49,49.2,50.8,454,481,81.7,93.0,,57,11,2,0,0,16,14,1,0,0,1,0,nan,9,18,3,2,0,0,0,5,7,4,1,2,14,26,14,10,29,20,8,8,9,7,7,6,43.8,37.1,16,9,43.6,50.6,106.6,109.5,206,173,4,6,1,0,2.26,4.84,2.86,H,3,0
533,2020-21,2020-12-27,6,12:30,Stamford Bridge,38671,Stuart Attwell,Light Rain,11.7,93,Top 4 battle,Chelsea,Newcastle,Mauricio Pochettino,Eddie Howe,4-3-2-1,3-4-3,balanced,defense,average,average,1,2,1,3,86,3;6;80,8,7,6,3,75.0,42.9,1.15,3.82,,-0.82,56.4,43.6,642,371,88.6,81.0,49,64,6,7,nan,0,19,13,0,0,0,1,0,1,11,14,2,1,0,0,5,4,0,5,3,1,19,23,8,13,40,13,8,8,16,7,8,5,,20.7,15,18,,40.6,112.7,105.4,184,270,3,3,1,1,2.26,6.71,2.44,A,0,3
1799,2023-24,2024-02-26,10,15:00,Old Trafford,60316,Michael Oliver,Sunny,24.8,##,Title race,Manchester United,Liverpool,Erik ten Hag,Jurgen Klopp,4-2-3-1,3-4-3,balanced,attack,bad,poor,1,0,,2,11;24,21;79,20,10,6,6,30.0,60.0,1.79,2.68,0.21,-0.68,54.1,45.9,576,579,84.2,-,43,27,9,1,2,1,11,18,0,0,0,0,0,0,7,20,1,2,0,1,1,4,4,4,2,2,15,14,16,12,27,37,3,10,,17,,16,38.9,32.1,15,8,74.0,,107.7,113.1,282,271,1,4,0,0,2.54,4.04,2.78,D,1,1
1991,2021-22,2022-02-11,3,14:05,Bramall Lane,31920,Thomas Bramall,Cloudy,6.6,89,Cup,Sheffield United,Fulham,Chris Wilder,Marco Silva,4-4-2,,defense,balanced,avg,,2,1,2,3,36;49,54;58;90+5,16,11,2,3,12.5,27.3,2.11,3.2,-0.11,-0.2,44.7,55.3,524,323,71.5,83.1,62,32,2,3,1,1,N/A,10,1,0,0,0,0,0,16,nan,1,1,0,0,3,,0,0,3,,25,19,13,10,10,37,4,,22,18,21,12,30.3,nan,6,6,72.6,57.0,113.4,104.4,220,185,3,4,,1,2.5,5.02,2.5,A,0,3
1158,2022-23,2022-08-17,8,16:30,Craven Cottage,24208,Robert Jones,Sunny,14.8,87,Relegation 6-pointer,Fulham,Everton,Marco Silva,Sean Dyche,4-4-2,5-4-1,balanced,defense,average,average,1,0,3,3,8;40;83,6;77;85,20,6,8,2,40.0,33.3,4.09,2.69,,0.31,48.0,52.0,580,462,82.5,82.9,N/A,56,3,6,2,0,19,20,0,0,1,2,1,1,16,10,1,2.0,1,0,5,1,0,5,3,3,27,19,16,5,13,22,4,2,14,19,8,,17.9,20.4,6,18,45.1,70.6,114.5,108.4,166,242,5,4,1,0,2.19,5.38,2.79,D,1,1
1944,2023-24,2023-09-14,29,12:30,Amex Stadium,24685,Andy Madley,,8.9,72,Relegation 6-pointer,Brighton,Fulham,Roberto De Zerbi,Marco Silva,4-1-4-1,4-3-3,balanced,balanced,average,good,0,0,1,1,44,1,19,15,8,5,42.1,33.3,0.94,1.08,0.06,-0.08,59.0,41.0,376,356,89.1,80.4,29,31,10,5,1,0,14,17,0,0,,,0,0,10,19,1,2,0,0,3,3,4,7,1,1,23,18,18,11,27,28,7,3,10,20,11,18,42.3,28.1,11,8,45.2,48.1,105.5,103.2,178,140,2,2,3,1,2.56,3.58,3.03,D,1,1
56,2019-20,2019-09-18,38,12:30,Emirates Stadium,50699,Chris Kavanagh,Light Rain,9.9,54,League,Arsenal,West Ham,Mikel Arteta,David Moyes,3-4-3,3-4-3,attack,defense,good,,2,0,2,1,9;82,60+1,19,15,10,6,52.6,40.0,2.24,1.39,-0.24,-0.39,,45.5%,,539,,82.5,27,20,5,9,0,0,12,10,0,0,0,1,0,1,12,6,2,,0,0,1,1,5,8,1,2,28,22,16,9,19,37,9,6,23,16,20,13,15.9,28.3,5,9,62.3,43.0,114.6,100.6,163,140,0,4,3,1,2.04,7.18,2.7,H,3,0
1047,2021-22,2022-03-07,8,20:00,Turf Moor,21469,Paul Tierney,Cloudy,13.8,71,League,Burnley,Bournemouth,Vincent Kompany,Andoni Iraola,4-3-3,4-2-3-1,defense,attack,,average,0,0,1,1,49+5,21,-2,10,5,6,41.7,60.0,0.61,1.44,0.39,-0.44,38.0,62.0,639,557,75.9,81.1,23,19,6,6,1,1,7,15,0,0,0,0,0,0,8,12,0,3,0,0,1,2,5,4,1,1,29,18,9,8,40,11,8,8,,7,5,17,24.9,,19,16,51.7,44.1,109.1,104.2,178,218,3,7,2,1,2.35,7.94,2.23,D,1,1
1252,2022-23,2022-10-24,18,15:00,Old Trafford,69570,Anthony Taylor,Windy,8.4,61,League,Manchester United,Arsenal,,Mikel Arteta,4-2-3-1,4-1-4-1,balanced,attack,bad,bad,1,0,1,2,67+5,36+4;54,16,7,9,5,56.2,71.4,0.52,2.32,0.48,-0.32,46.7,53.3,679,359,82.1,89.3,71,22,5,1,1,1,9,15,0,0,0,0,0,0,6,19,3,1,0,0,1,1,3,8,2,1,11,13,17,11,24,30,12,9,13,9,21,8,40.8,30.4,16,9,55.6,57.0,108.5,102.5,nan,,2,4,3,0,2.29,5.92,2.54,A,0,3
1745,2023-24,2024-01-15,6,14:05,Villa Park,40725,Stuart Attwell,Clear,29.6,58,Relegation 6-pointer,Aston Villa,Sheffield United,Unai Emery,Chris Wilder,3-5-2,4-2-3-1,attack,defense,average,good,1,0,3,0,2+3;35;64,none,16,9,10,5,62.5,55.6,2.73,0.46,,-0.46,65.2,34.8,590,480,88.7,70.0,52,61,8,3,2,0,9,6,1,0,0,0,0,,17,7,2,2,0,0,4,5,5,7,0,3,30,14,17,14,22,nan,4,6,21,19,25,7,36.4,33.8,13,9,,40.7,nan,111.2,179,186,3,2,3,1,2.24,4.3,3.11,H,3,0
814,2021-22,2021-09-16,30,20:00,Tottenham Hotspur Stadium,59019,Michael Oliver,Overcast,14.8,64,Title race,Tottenham,Fulham,Ange Postecoglou,Marco Silva,4-2-3-1,4-1-4-1,,balanced,bad,average,1,2,3,2,11;31;40,1;41,18,12,4,6,22.2,50.0,2.09,1.45,0.91,0.55,58.6,41.4,,622,89.5,84.5,74,73,5,5,1,2,7,14,0,1,1,1,0,0,7,,1,1,0,0,6,?,4,1,2,3,12,18,11,13,21,9,3,8,7,16,14,21,29.1,39.0,17,4,42.0,56.7,106.4,103.0,254,168,1,2,1,0,2.32,4.98,2.72,H,3,0
185,2019-20,2019-12-15,30,19:45,Gtech Community Stadium,14377,Chris Kavanagh,Rainy,8.5,52x,League,Brentford,Aston Villa,Thomas Frank,Unai Emery,,4-3-2-1,attack,attack,average,,0,0,,1,42+3,61,17,17,4,1,23.5,5.9,1.06,1.11,-0.06,-0.11,,54.3,479,471,78.1,79.5,20,68,11,4,0,0,10,13,1,0,0,1,0,1,18,20,2,2,0,0,6,3,0,3,1,1,14,21,7,,21,15,10,2,22,17,21,12,17.3,27.5,14,5,62.8,55.9,106.3,105.0,160,179,2,6,0,0,2.37,4.72,2.73,D,1,1
897,2021-22,2021-11-15,12,20:00,Gtech Community Stadium,16489,Anthony Taylor,Foggy,7.7,91,League,Brentford,Fulham,Thomas Frank,Marco Silva,4-1-4-1,5-4-1,attack,balanced,good,,1,0,2,0,9;23,none,16,,7,4,43.8,50.0,2.16,0.49,-0.16,-0.49,52.4,47.6,381,553,80.1,80.5,20,43,7,3,2,0,21,18,0,0,0,0,0,0,8,15,1,3,0,0,0,5,4,5,0,2,27,25,12,9,,38,10,4,6,6,14,15,31.0,37.1,19,18,73.2,45.4,107.8,108.4,208,288,1,N/A,2,1,2.78,3.74,2.68,H,3,0
1677,2023-24,2023-12-02,24,14:05,Kenilworth Road,8173,Michael Oliver,Foggy,22.3,55,League,Luton Town,Fulham,Rob Edwards,Marco Silva,4-4-2,4-2-3-1,defense,balanced,average,good,0,0,0,1,?,59+5,16,12,10,7,62.5,58.3,0.1,1.08,-0.1,-0.08,38.6,61.4,421,352,76.3,81.9,56,38,5,8,0,0,9,9,0,0,0,0,0,0,8,17,0,1,0,1,5,4,6,10,1,0,27,15,13,10,13,10,4,10,9,9,10,20,35.3,32.6,14,8,44.1,49.9,101.9,108.2,203,276,4,3,1,1,3.05,5.01,2.12,A,0,3
1163,2022-23,2022-08-20,4,16:30,Gtech Community Stadium,13046,Jarred Gillett,Cloudy,18.1,45,Cup,Brentford,Fulham,Thomas Frank,Marco Silva,4-4-2,4-1-4-1,attack,balanced,bad,BAD,1,2,,2,29,12;76,11,13,2,4,18.2,30.8,1.06,2.54,-0.06,-0.54,47.7,nan,581,465,83.2,82.9,53,30,8,9,0,1,19,10,0,0,,0,0,nan,18,15,3,2,0,0,4,1,2,1,2,1,26,14,9,13,35,27,11,10,13,5,25,5,44.3,36.3,7,17,53.4,66.8,106.0,105.9,255,214,1,2,0,0,2.95,,2.98,A,0,3
1793,2023-24,2024-02-20,25,12:30,Selhurst Park,23014,Michael Oliver,Light Rain,6.3,68,League,Crystal Palace,West Ham,Oliver Glasner,David Moyes,3-5-2,4-1-4-1,defense,defense,good,,,1,1,1,78,77,13,11,6,6,46.2,54.5,1.06,0.46,-0.06,0.54,40.6,59.4,421,455,78.1,79.7x,40,31,2,8,0,0,17,13,0,0,0,0,0,0,16,14,1,2,0,0,4,3,5,5,1,1,25,20,18,10,13,35,10,8,22,17,20,22,19.3,41.9,12,10,68.3,66.6,112.1,108.3,171,241,2,2,2,0,2.16,8.75,2.37,D,1,1
1585,2023-24,2023-09-23,26,12:30,Old Trafford,409448,David Coote,Clear,,##,League,Manchester United,Tottenham,Erik ten Hag,Ange Postecoglou,4-3-2-1,3-4-3,balanced,attack,good,bad,0,0,2,0,24;81+3,none,20,6,7,6,35.0,100.0,1.28,0.1,0.72,-0.1,42.4,57.6,501,404,86.4,83.2,49,65,2,7,1,0,11,15,0,0,0,,0,0,18,6,1,1,0,0,4,3,6,5,0,2,13,28,7,14,24,28,8,10,25,5,13,,31.7,39.8,?,12,61.5,52.5,105.2,106.5,190,148,1,4,0,0,,3.41,2.66,H,3,0
287,2019-20,2020-02-28,17,17:30,London Stadium,55086,Thomas Bramall,Rainy,7.9,47,Title race,West Ham,Manchester United,David Moyes,Erik ten Hag,4-1-4-1,4-3-2-1,defense,balanced,good,good,0,0,0,1,none,50,15,13,2,4,13.3,30.8,0.1,1.45,-0.1,-0.45,48.7,51.3,464,321,77.5,,46,24,5,1,0,,16,15,0,,0,0,0,0,18,14,4,2,0,0,6,4,3,2,1,0,29,10,15,16,13,33,8,10,6,20,7,16,44.5,15.4,7,14,72.3,56.0,103.7,106.6,295,205,3,1,3,0,2.45,4.33,2.77,A,N/A,3.0
1759,2023-24,2024-01-24,19,14:05,Stamford Bridge,38760,Thomas Bramall,Rainy,19.1,71,Cup,Chelsea,Nottm Forest,Mauricio Pochettino,Nuno Espirito Santo,4-2-3-1,3-4-3,balanced,defense,bad,bad,0,1,0,3,none,35;50;56,20,13,7,5,35.0,38.5,0.1,3.64,-0.1,-0.64,61.7,38.3,311,601,89.2,75.1,39,62,4,5,0,1,20,11,nan,0,0,1,0,1,11,11,2,3,0,0,6,0,2,7,3,0,25,21,17,18,,,8,4,17,6,6,7,26.6,16.1,17,8,43.1,47.4,104.6,nan,?,163,2,5,1,0,2.46,3.85,3.0,A,0,3
1271,2022-23,2022-11-04,35,12:30,St. James' Park,44800,Stuart Attwell,Foggy,21.4,87,League,Newcastle,Arsenal,Eddie Howe,Mikel Arteta,3-5-2,3-5-2,defense,attack,,BAD,1,1,1,1,46,71,12,17,,4,16.7,23.5,1.66,1.33,-0.66,-0.33,41.3,58.7,413,417,80.3,93.5,32,49,6,1,1,0,17,10,0,0,0,1,0,0,17,16,3,1,0,1,3,0,3,1,1,1,19,17,17,11,23,29,3,5,12,5,11,8,25.7,19.2,12,4,68.5,43.9,118.9,103.8,253,250,1,1,2,2,,3.3,2.67,D,1,1
724,2020-21,2021-05-10,1,17:30,Stamford Bridge,-,John Brooks,Cloudy,17.2,72,League,Chelsea,Liverpool,Mauricio Pochettino,Jurgen Klopp,4-2-3-1,3-4-3,balanced,attack,bad,good,3,2,3,2,1;31;61,31;90,19,17,3,4,15.8,23.5,4.26,1.6,-1.26,N/A,51.4,48.6,548,544,85.5,91.0,69,38,2,7,2,2,17,17,0,0,0,0,0,0,11,14,0,2,0,0,2,5,2,0,2,3,19,15,8,16,17,26,10,8,23,11,17,8,40.3,27.0,14,16,41.4,67.6,105.4,103.0,214,186,5,5,1,0,2.6,4.31,2.61,H,3,0
1516,2022-23,2023-04-28,15,19:45,London Stadium,52429,Chris Kavanagh,Sunny,-4.3,80,Relegation 6-pointer,West Ham,Burnley,David Moyes,Vincent Kompany,,4-3-2-1,defense,defense,average,bad,4,0,4,1,36+4;73;81+2;83,75,12,9,4,7,33.3,77.8,3.36,0.87,0.64,0.13,64.5,35.5,512,390,82.7,71.5,57,43,?,2,1,1,7,16,0,0,0,0,0,0,10,15,4,1,0,0,6,4,6,0,1,,12,15,10,7,22,34,7,10,17,20,10,22,31.0,41.4,20,12,47.8,60.2,107.3,104.1,241,190,0,2,1,0,2.34,3.42,3.57,H,3,0
2071,2020-21,2020-12-01,33,16:30,Kenilworth Road,10013,N/A,Cloudy,9.2,95,Cup,Luton Town,Chelsea,Rob Edwards,Mauricio Pochettino,4-2-3-1,4_4_2,defense,balanced,bad,bad,0,1,1,2,48,37;79,11,17,7,8,63.6,47.1,1.72,?,-0.72,0.61,43.6,56.4,480,582,69.9,84.1,77,64,8,9,1,1,12,15,0,0,0,0,0,,18,17,3,3,0,0,2,5,6,6,2,1,15,18,8,5,22,9,8,9,15,9,11,4,26.7,34.4,7,7,70.9,45.5,113.4,106.3,249,230,2,7,0,0,2.71,##,2.71,A,0,3
1653,2023-24,2023-11-09,33,20:00,Vitality Stadium,10823,Jarred Gillett,Sunny,-1.5,69,Top 4 battle,Bournemouth,Manchester City,Andoni Iraola,Pep Guardiola,4-4-2,3-5-2,attack,balanced,average,average,0,0,1,,81,35,11,8,9,5,81.8,62.5,1.13,0.74,nan,0.26,32.1,67.9,629,256,79.5,95.7,78,45,5,9,1,1,,13,?,0,0,0,0,0,17,7,2,1,0,0,2,0,4,8,1,1,20,21,16,16,27,10,9,6,8,,24,15,28.2,31.8,12,5,53.1,65.9,107.2,105.2,270,143,3,1,,0,2.74,3.94,2.62,D,1,1
1350,2022-23,2023-01-02,12,20:00,Turf Moor,19947,Chris Kavanagh,,14.8,94,Title race,Burnley,Sheffield United,Vincent Kompany,Chris Wilder,4-1-4-1,5-4-1,defense,defense,,average,3,1,4,3,11;11;26;37,10+5;34;76,16,10,4,5,25.0,50.0,3.62,4.02,0.38,-1.02,55.9,44.1,602,618,69.7,76.3,60,27,2,2,2,0,16,20,0,0,1,2,1,1,18,14,0,2,0,0,6,2,2,0,3,4,11,18,12,8,39,31,2,5,N/A,8,15,10,44.5,31.7,9,6,N/A,66.3,105.5,114.4,186,268,0,7,0,0,2.68,3.59,2.87,H,3,0
932,2021-22,2021-12-11,13,19:45,Anfield,57200,Anthony Taylor,Light Rain,21.1,46,League,Liverpool,Crystal Palace,Jurgen Klopp,Oliver Glasner,4-3-3,3-5-2,attack,defense,bad,AVERAGE,4,0,4,1,52;55;70;70,null,17,17,6,7,35.3,41.2,3.51,1.29,0.49,,54.3,45.7,561,417,91.9,78.8,70,29,9,7,2,1,6,6,0,0,0,0,0,0,19,18,1,4,1,0,5,5,6,2,1,4,29,26,17,18,32,30,8,5,7,18,21,10,19.1,40.3,15,-16,N/A,54.3,108.8,107.9,300,200,1,4,0,0,2.05,5.06,3.17,H,3,0
438,2020-21,2020-10-20,23,12:30,Vitality Stadium,9859,Simon Hooper,Overcast,7.3,87,Relegation 6-pointer,Bournemouth,Chelsea,Andoni Iraola,Mauricio Pochettino,4-3-2-1,4-3-2-1,attack,balanced,bad,average,0,0,2,0,32+5;76,none,15,13,4,3,26.7,23.1,2.2,0.47,-0.2,-0.47,46.0,,368,502,80.2,90.1,35,58,8,4,,0,15,15,0,0,1,0,1,0,9,16,1,1,0,0,1,0,3,2,0,2,19,28,14,11,,14,5,,16,6,22,18,19.4x,27.2,17,10,62.4,70.1,106.8,103.2,275,163,1,5,1,1,2.39,5.28,2.55,H,3,
1963,2019-20,2020-02-03,19,20:00,Gtech Community Stadium,15131,John Brooks,,7.7,83,Cup,Brentford,Wolves,Thomas Frank,Gary O'Neil,4-2-3-1,3-4-3,attk,defense,good,average,3,1,4,2,55;67;82;86,48;77+3,20,15,8,5,40.0,33.3,4.15,1.95,-0.15,0.05,59.3,40.7,,630,79.6,80.7,54,22,8,3,1,0,8,5,0,0,1,0,1,0,7,18,,1,0,0,1,2,3,4,2,4,18,16,14,15,27,23,4,5,21,5,13,11,35.3,32.2,13,16,61.7,,112.1,110.4,233,143,1,3,2,0,2.08,5.47,,H,3,0
1618,2023-24,2023-10-15,4,17:30,Bramall Lane,25431,Chris Kavanagh,Sunny,27.4,67,League,Sheffield United,Bournemouth,Chris Wilder,Andoni Iraola,4-3-2-1,4-3-2-1,defense,ATTACK,good,good,0,1,1,1,77,53,8,15,3,5,,33.3,0.71,0.98,0.29,0.02,40.5,59.5,353,618,68.9,76.5,69,69,8,7,1,1,21,5,1,0,0,0,0,N/A,6,17,2,2,0,0,3,0,4,2,1,1,22,19,5,9,28,30,5,2,19,6,10,11,40.4,32.6,12,17,49.1,45.1,111.6,102.8,267,202,2,2,0,0,2.92,4.5,2.29,D,1,1
628,2020-21,2021-03-04,24,14:05,Etihad Stadium,48222,Simon Hooper,Foggy,10.5,57,Derby,Manchester City,Burnley,Pep Guardiola,Vincent Kompany,4-2-3-1,5-4-1,balanced,defense,average,average,1,0,3,0,5;10+5;85,none,16,17,8,7,50.0,41.2,2.82,0.1,0.18,-0.1,74.9,25.1,,579,92.4,74.9,46,73,2,7,2,0,18,19,0,0.0,0,0,0,0,12,9,3,2,0,0,6,5,7,5,0,3,20,23,16,7,29,15,,8,21,8,10,15,40.9,43.8,18,9,57.9,57.1,109.9,96.8,240,,2,6,0,0,2.02,3.27,5.01,H,3,0
279,2019-20,2020-02-22,35,20:00,Emirates Stadium,55541,David Coote,Cloudy,21.2,41,League,Arsenal,Nottm Forest,Mikel Arteta,Nuno Espirito Santo,3-5-2,3-5-2,attack,defense,good,average,1,0,3,0,12+1;16;77+1,none,17,7,3,7,17.6,100.0,3.39,0.1,-0.39,-0.1,60.5,39.5,427,612,91.3,75.5,39,74,10,5,2,0,6,12,2,0,0,0,0,0,18,7,2,0,0,0,6,5,7,0,0,3,19,20,11,10,34,34,9,5,12,18,13,10,17.4,33.3,6,9,null,,108.4,111.9,224,215,0,5,0,0,2.14,3.79,3.72,H,3,0
1260,2022-23,2022-10-26,18,14:05,Stamford Bridge,34200,Andy Madley,Sunny,10.8,94,Title race,Chelsea,Sheffield United,Mauricio Pochettino,Chris Wilder,4-2-3-1,4-2-3-1,balanced,defense,average,,1,?,3,3,13;22;36,13;54;67,14,14,7,2,50.0,14.3,3.57,3.18,,-0.18,72.8,27.2,309,494,88.3,75.8,55,66,10,8,2,0,10,18,0,0,0,1,0,,12,6,4,3,0,0,2,1,0,4,,3,21,16,13,8,36,15,11,10,16,22,5,5,20.9,32.8,12,9,51.8,50.5,110.1,102.0,,151,1,2,1,0,2.18,3.47,3.95,D,1,1
952,2021-22,2021-12-24,22,12:30,Old Trafford,71669,John Brooks,Clear,14.2,81,League,Manchester United,Everton,Erik ten Hag,,4-1-4-1,3-4-3,balanced,defense,average,average,?,0,3,0,32;62;66,none,17,8,9,4,52.9,50.0,2.79,0.33,0.21,-0.33,53.4%,46.6,676,612,80.7,79.7,39,47,6,,1,0,14,,0,0,1,0,1,0,15,11,1,2,0,0,4,4,4,6,0,3,20,15,13,5,14,31,4,2,7,10,6,7,21.7,35.6,7,12,,56.6,109.1,104.0,173,151,1,2,2,0,2.52,4.42,2.65,H,3,0
1412,2022-23,2023-02-11,26,16:30,Anfield,46616,Chris Kavanaghx,Cloudy,null,80,League,Liverpool,Sheffield United,Jurgen Klopp,Chris Wilder,4-3-3,4-3-2-1,attack,defense,good,avg,0,0,1,0,41,none,18,16,7,1,38.9,6.2,,N/A,0.26,-0.4,65.2,34.8,554,470,87.4,74.4,60,34,11,9,1,0,20,18,0,0,0,0,0,0,12,7,1,1,0,0,5,4,1,6,0,1,13,21,,11.0,28,18,10,5,17,16,9,10,24.0,15.4,8,5,57.2,40.0,105.5,,299,189,2,2,0,0,2.18,3.01,4.76,H,3,0
731,2020-21,2021-05-19,25,12:30,Gtech Community Stadium,14170,Andy Madley,Rainy,7.4,91,League,Brentford,Brighton,Thomas Frank,Roberto De Zerbi,4-3-2-1,4-3-3,attack,balanced,good,good,0,,1,,47,44;84,13,15,3,5,23.1,,1.09,2.52,-0.09,,52.4,47.6,675,646,81.5,88.9,76,26,5,6,0,1,18,13,0,0,1,1,1,1,14,,1,2,0,0,2,2,3,2,2,1,16,21,19,16.0,N/A,13,9,10,20,10,22,4,,36.2,17,6,74.3,68.4,104.4,103.9,292,163,,4,1,0,2.53,4.6,2.58,A,0,3
717,2020-21,2021-05-08,7,19:45,Vitality Stadium,10455,Paul Tierney,Cloudy,11.2,74,League,Bournemouth,Sheffield United,Andoni Iraola,Chris Wilder,4-3-2-1,3-5-2,attack,defense,average,poor,2,0,3,0,2;2+3;51+5,none,8,15,4,2,50.0,13.3,2.86,0.45,0.14,-0.45,56.7,43.3,621,542,74.8,74.3,59,62,3,9,1,0,7,19,0,0,0,0,0,0,9,8,2,2,0,0,3,2,2,1,0,3,29,11,12,,10,29,-3,9,22,22,24,5,32.8,44.9,15,4,67.5,63.1,106.9,111.8,,245,1,4,0,0,,3.44,2.96,H,3,0
899,2021-22,2021-11-16,12,20:00,Gtech Community Stadium,16141,Michael Oliver,Rainy,3.8,,League,Brentford,Crystal Palace,Thomas Frank,Oliver Glasner,3_4_3,4-4-2,attack,defense,good,average,0,1,1,2,50,17;59,19,15,10,7,52.6,,1.08,1.89,-0.08,0.11,58.3,41.7,511,473,79.3,?,28,32,8,3,1,2,,18,1,0,0,0,0,0,8,7,1,1,0,0,4,4,5,,2,1,14,20,?,18,30,11,4,3,20,5,16,13,23.1,28.4,8,4,,49.0,102.5,109.2,274,218,2,3,0,0,2.56,3.16,3.42,A,0,3
1169,2022-23,2022-08-21,13,17:30,Bramall Lane,24670,Paul Tierney,Foggy,15.6,56,League,Sheffield United,Crystal Palace,Chris Wilder,Oliver Glasner,3-4-3,4-1-4-1,defense,defense,,bad,0,0,,1,,59,8,10,7,4,87.5,40.0,1.28,1.52,-0.28,-0.52,38.1,61.9,635,296,,78.6,51,36,4,9,1,1,14,19,0,0,0,0,0,0,13,8,3,2,0,0,5,nan,3,6,1,1,11,18,14,11,36,36,9,5,24,7,5,18,29.8,19.8,8,10,74.1,70.3,107.5,106.5,278,221,0,1,0,0,3.57,4.19,2.08,D,1,1
701,2020-21,2021-04-24,7,16:30,Stamford Bridge,33562,Robert Jones,Windy,11.7,47,League,Chelsea,West Ham,Mauricio Pochettino,David Moyes,4-3-2-1,3-5-2,balanced,defense,bad,Avg,1,0,1,0,4,null,14,13,6,1,42.9,7.7,0.83,0.25,0.17,-0.25,49.5,50.5,688,407,88.9,86.9,50,57,5,4,0,0,19,13,0,0,0,0,0,0,13,12,3,2,0,0,N/A,5,1,5,0,1,13,17,8,8,13,16,10,7,7,11,8,6,19.6,25.5,14,9,44.6,null,106.8,108.6,174,210,1,4,1,1,2.31,3.84,3.25,H,3,0
2050,2020-21,2021-02-28,20,19:45,Villa Park,37057,Chris Kavanagh,Overcast,25.3,59,Cup,Aston Villa,Manchester United,Unai Emery,Erik ten Hag,4-3-2-1,3-4-3,attack,balanced,bad,bad,2,0,2,,1;21,28,16,9,8,,nan,55.6,2.31,0.96,-0.31,0.04,52.2,47.8,315,375,,88.5,57,61,9,8,1,1,7,-13,0,0,0,0,0,0,19,18,2,2,0,0,1,5,4,6,1,2,15,12,,8,17,33,6,6,17,22,16,13,37.1,43.7,15,7,47.8,56.2,104.6,106.2,217,144,1,4,0,0,2.17,4.1,3.37,H,3,0
2062,2020-21,2021-02-18,1,12:30,Etihad Stadium,44109,Michael Oliver,Sunny,25.1,51,Relegation 6-pointer,Manchester City,Burnley,Pep Guardiola,Vincent Kompany,4-1-4-1,4_3_3,balanced,defense,average,bad,2,0,4,0,44;56;70;73,none,9,10,9,3,100.0,30.0,5.38,0.37,-1.38,-0.37x,71.1,28.9,588,435,88.5,70.3,47,71,5,3,,0,16,,0,0,0,0,0,0,19,15,2,2,0,0,6,4,3,5,0,4,15,-15,18,18,34,26,9,6,16,13,22,19.0,27.1,15.1,9,9,50.2,46.9,106.4,108.5,228.0,229,,4,1,1,2.12,3.16,4.71,H,3,0
664,2020-21,2021-04-04,18,16:30,Amex Stadium,31713,Chris Kavanagh,Rainy,17.8,51,Derby,Brighton,Crystal Palace,Roberto De Zerbi,Oliver Glasner,5-4-1,5-4-1,bal,,bad,avg,2,0,2,1,17;32+5,77,16,10,6,-2,37.5,40.0,2.41,0.91,-0.41,0.09,49.3,50.7,323,378,79.5,78.2,44,48,6,4,1,0,?,,0,1,0,0,0,0,13,7,2,4,0,0,0,0,3,,1,2,27,23,13,6,17,37,6,9,23,6,16,15,18.7,18.2,8,14,74.6,55.2,111.8,106.6,294,271,4.0,4,0,0,2.27,3.64,3.52,H,3,0
1302,2022-23,2022-11-30,32,15:00,Etihad Stadium,52983,John Brooks,Light Rain,11.9,75,League,Manchester City,Crystal Palace,Pep Guardiola,Oliver Glasner,,3-4-3,balanced,defense,,good,2,0,6,1,36;52;63;66;76+3;87,57,14,16,,4,50.0,25.0,5.6,0.86,,,55.0,45.0,657,310,93.9,81.3,80,49,4,6,2,0,nan,N/A,0,0,,1,1,1,17,10,2,1,0,0,,4,3,1,1,6,23,,6,12,40,29,12,2,12,22.0,9,21,36.4,31.4,12,,43.0,63.4,99.1,112.6,229,288,4,3,2,0,2.36,3.81,3.18,H,3,0
1747,2023-24,2024-01-21,18,12:30,Kenilworth Road,8953,Anthony Taylor,Overcast,12.7,81,League,Luton Town,Manchester City,Rob Edwards,Pep Guardiola,4-2-3-1,4-3-3,defense,bal,average,average,0,3,1,3,36+2,12;60+5;81,15,10,8,3,53.3,30.0,0.75,3.18,0.25,-0.18,36.2,63.8,454,349,75.0,94.0,34,N/A,9,8,0,1,17,10,0,0,1,0,1,0,15,14,2,2,1,0,5,5,0,7,3,1,30,10,15,7,18,35,2,5,16,12,13,12,-,15.4,,4,67.1,44.9,101.0,106.7,,275,,4,1,1,3.05,5.33,2.06,A,0,3
1539,2023-24,2023-08-25,34,15:00,Selhurst Park,24666,Simon Hooper,Clear,8.8,84,Relegation 6-pointer,Crystal Palace,Brentford,Oliver Glasner,Thomas Frank,3-4-3,4-3-3,balanced,attack,average,average,3,1,4,5,2;68;73;83,5;11;33;81;84,11,,10,nan,nan,50.0,4.36,6.72,-0.36,-1.72,54.6,45.4,331,462,78.3,80.8,58,18,11,7,0,2,8,14,0,,0,2,0,2,17,19,2,1,,0,0,1,0,6,,4,17,13,8,9,27,15,3,8,13,17,12,11,20.2,32.5,14,8,69.0,41.5,104.4,100.6,284,181,5,3,2,0,2.35,4.03,3.07,A,0,3
813,2021-22,2021-09-20,36,14:05,Goodison Park,##,Jarred Gillett,Light Rain,14.9,82,League,Everton,Liverpool,Sean Dyche,Jurgen Klopp,4-4-2,4_3_3,defense,attack,average,good,0,1,1,1,2,57,16,10,8,8,50.0,80.0,1.56,1.12,-0.56,-0.12,32.5,67.5,590,334,76.1,86.1,43,63,11,9,0,1,20,14,0,1,1,0,1,0,6,8,1,0,0,0,1,4,7,7,1,1,12,15,11,,39,29,11,10,22,14,9,20,33.9,24.6,11,18,73.4,61.1,101.4,107.6,188,245,4,4,0,0,3.49,3.72,2.25,D,1,1
1111,2021-22,2022-04-21,18,16:30,St. James' Park,39578,Thomas Bramall,Overcast,16.7,93,League,Newcastle,Chelsea,Eddie Howe,Mauricio Pochettino,4-1-4-1,4-3-2-1,defense,balanced,good,bad,1,1,3,1,16;34;55,38,,10,7,5,87.5,50.0,3.82,1.32,-0.82,-0.32,47.1,52.9,306,410,80.1,81.7,73,19,11,6,0,1,21,N/A,0,0,1,0,1,0,9,9,0,4,0,0,5,2,,4,1,3,14,N/A,8,12,12,36,12,6,23,18,24,13,32.7,38.6,13,11,65.5,56.6,107.3,107.8,,?,1,2,1,0,2.24,4.9,2.86,H,3,0
1446,2022-23,2023-03-07,21,15:00,Tottenham Hotspur Stadium,54495,Paul Tierney,Rainy,7.0,52,Relegation 6-pointer,Tottenham,Brentford,Ange Postecoglou,Thomas Frank,4-3-2-1,3-5-2,attack,attack,poor,average,1,2,2,3,21;31,16;37;85,12,9,10,3,83.3,33.3,1.52,3.6,0.48,-0.6,47.7,52.3,675,558,88.0,84.5,20,42,2,9,1,0,11,,1,0,1,1,1,1,15,10,4,,0,0,4,2,0,8,3,2,25,11,16,10,,27,7,4,23,11,8,5,42.3,36.5,nan,13,69.0,63.9,,109.6,-185,141,2,5,1,1,2.51,3.67,3.04,A,0,3
574,2020-21,2021-01-24,24,19:45,Turf Moor,17075,John Brooks,Light Rain,-4.2,70,League,Burnley,Sheffield United,Vincent Kompany,Chris Wilder,4-4-2,4-3-2-1,defense,defense,good,good,2,0,,0,52;89,none,16,13,6,6,37.5,46.2,2.24,0.1,-0.24,-0.1,49.7,50.3,579,466,74.9,77.6,33,50,,3,2,0,11,15,0,0,0,0,0,0,12,14,1,3,0,0,6,0,6,4,0,2,15,24,13,10,34,11,5,3,13,16,22,15,32.7,25.7,9,16,,49.5,113.7,106.7,243,252,4,4,2,0,2.07,8.15,2.54,H,3,0
1518,2022-23,2023-04-29,21,20:00,Molineux Stadium,24618,Simon Hooper,Cloudy,15.9,89,League,Wolves,Newcastle,Gary O'Neil,Eddie Howe,3-4-3,4-2-3-1,defense,defense,,avg,0,0,0,1,none,10,14,15,5,8,35.7,,0.39,1.23,-0.39,-0.23,40.9,59.1,674,337,84.2,86.4,61,73,7,5,0,1,21,19,0,0,0,0,0,0,14,20,0,,0,0,4,1,7,5,1,0,22,18,16,12,nan,29,3,3,15,8,16,15,44.4,17.3,12,8,44.4,51.4,107.9,113.7,234,184,3,3,0,0,2.52,4.47,2.64,A,0,3
70,2019-20,2019-09-24,31,15:00,Vitality Stadium,8566,Anthony Taylor,Windy,5.9,95,Relegation 6-pointer,Bournemouth,Liverpool,Andoni Iraola,Jurgen Klopp,5-4-1,3-5-2,attack,,average,good,0,0,2,3,7;55,29;66;69,,15,5,-2,27.8,46.7,1.88,4.11,,-1.11,43.3,56.7,329,404,75.0,90.3,66,21,9,6,0,1,7,10,,0,2,0,2,0,9,13,2,2,0,0,6.0,5,4,nan,3,2,26,22,20,10,22,15,2,9,9,9,19,19,22.8,,17,7,50.7,44.4,104.6,113.3,284,233,N/A,4,1,0,2.79,3.59,2.75,A,0,3
1940,2023-24,2024-05-09,3,19:45,Amex Stadium,25492,Thomas Bramall,Sunny,,49,Relegation 6-pointer,Brighton,Manchester City,Roberto De Zerbi,Pep Guardiola,4-4-2,4-3-3,balanced,BALANCED,average,average,0,1,2,,53;66,34+3,19,15,9,7,47.4,46.7,2.41,1.38,,-0.38,49.9%,50.1,408,598,84.3,93.8,24,66,2,4,1,1,6,17,0,1,1,0,1,0,15,8,2,,0,0,5,4,6,7,1,2,24,21,6,15,15,12,3,4,12,18,19,10,21.6,41.9,8,11,50.5,50.5,112.9,109.5,170,254,2,4,0,0,2.46,3.82,3.02,H,3,0
839,2021-22,2021-10-04,16,14:05,Anfield,,Chris Kavanagh,Rainy,2.9,56,League,Liverpool,Bournemouth,Jurgen Klopp,Andoni Iraola,,3-5-2,ATTACK,attack,good,bad,0,0,4,1,9;11;32+1;72,8+5,13,16,10,?,76.9,18.8,5.01,0.75,-1.01,0.25,62.8,37.2,401,481,86.2,75.6,39,48,6,1,0,1,8,12,1,?,0,0,0,0,10,18,3,1,0,1,5,1,2,6,1,4,21,20,20,7,40,9,6,3,7,19,7,5,40.7,37.6,8,12,59.1,59.5,110.6,108.5,201,235,3,,1,1,1.9,4.37,4.09,H,3,0
1235,2022-23,2022-10-08,17,19:45,City Ground,24346,Thomas Bramall,Foggy,5.0,78,League,Nottm Forest,Brighton,Nuno Espirito Santo,Roberto De Zerbi,3-5-2,3-5-2,defense,balanced,bad,good,0,2,3,3,7;35;43+3,30;46+2;58+2,9,8,6,6,66.7,75.0,2.95,3.22,0.05,-0.22,36.6%,63.4,426,455,77.3,89.0,70,28,6,4,0,1,19,11,0,0,2,0,2,0,13,16,2,1,0,0,2,2,3,3,3,3,25,17,10,11,15,17,8,5,13,12,11,20,,16.4,14,14,48.7,52.1,113.4,102.3,204,266,1,2,0,0,2.29,9.38,2.19,D,1,1
1679,2023-24,2023-11-28,35,16:30,Goodison Park,32957,Andy Madley,Clear,13.9,46,League,Everton,Brentford,Sean Dyche,Thomas Frank,4-3-2-1,4-3-3,DEFENSE,attack,good,good,2,1,3,1,2;9+5;60,23,10,7,,1,,14.3,3.41,1.21,-0.41,-0.21,43.0,57.0,325,398,77.3,86.0,46,63,2,3,2,1,21,17,0,0,0,0,0,0,9,7,2,1,0,0,1,2,0,,1,3,14,24,8,14,12,37,11,2,19,5,6,,43.5,30.8,8,5,42.0,63.5,98.7,##,290,244,2,3,0,0,2.99,3.06,2.95,H,3,0
2,2019-20,2019-08-11,30,12:30,London Stadium,51640,Paul Tierney,Windy,14.1,89,League,West Ham,Manchester City,David Moyes,Pep Guardiola,5-4-1,3-4-3,defense,balanced,bad,,,0,0,0,none,none,8,-2,4,2,50.0,12.5,0.1,0.48,-0.1,-0.48,39.2,60.8,531,535,77.6,86.7,63,49,10,4,0,0,6,19,0,0,0,0,0,0,16,14,0,2,0,0,2,1,2,4,0,0,25,22,7,12,29,28,12,5,14,6,7,8,25.0,34.5,14,13,59.9,40.4,103.7,109.9,,195,1,5,0,0,2.63,4.06,2.68,D,1,1
741,2020-21,2021-05-25,18,12:30,St. James' Park,51780,Stuart Attwell,,,47,Relegation 6-pointer,Newcastle,Arsenal,Eddie Howe,Mikel Arteta,3-5-2,4-2-3-1,defense,attack,average,good,1,2,3,2,9;46;84,2+4;46,20,6,3,2,15.0,33.3x,3.67,1.9,-0.67,0.1,40.5,59.5,321,-601,84.5,86.8,47,,6,1,0,1,9,18,1,1,2,0,1,0,19,10,2,,0,1,2,4,0,0,2,3,11,28,19,13,33,12,7,7,11,6,24,22,20.3,34.2,16,16,50.6,68.2,115.5,103.1,298,227,4,2,0,0,,3.26,2.57,H,3,0
4,2019-20,2019-08-10,14,12:30,Villa Park,?,Michael Oliver,Windy,11.8,52,League,Aston Villa,Brighton,Unai Emery,Roberto De Zerbi,3-4-3,4-3-3,attack,BALANCED,avg,bad,0,1,3,1,10;75;77,23,11,7,2,4,18.2,57.1,2.78,1.21,,-0.21,50.5,49.5,466,332,,88.0,73,46,3,5,1,0,12,8,0,1,2,0,2,0,20,16,1,2,0,0,6,2,3,0,1,3,16,24,12,7,nan,17,11,5,12,12,N/A,6,26.9,44.8,12,14,68.3,60.9,102.7,108.9,271,199,1,4,,0,3.08,2.88,3.05,H,3,0
972,2021-22,2022-01-11,28,14:05,Selhurst Park,19895,Jarred Gillett,Clear,-3.3,61,Top 4 battle,Crystal Palace,Everton,Oliver Glasner,Sean Dyche,4-1-4-1,3-5-2,defense,DEFENSE,average,average,2,1,3,,2+3;44;46,16;74,13,12,5,2,38.5,16.7,4.14,1.79,-1.14,0.21,46.2,53.8,369,415,82.8,83.6,57,72,7,2,0,0,8,19,0,0,1,1,1,0,14,17,1,,1,0,6,3,0,2,2,3,15,13,8,9,28,10,5,10,21,15,21,8,31.5,35.6,13,11,70.6,49.1,101.8,108.1,287,169,0,3,,1,##,3.78,2.73,H,3,0
2056,2021-22,2021-12-08,4,19:45,Stamford Bridge,,Michael Oliver,Cloudy,9.7,,Relegation 6-pointer,Chelsea,West Ham,Mauricio Pochettino,David Moyes,5-4-1,4-3-3,balanced,defense,avg,average,2,0,4,3,19;21;57;85,42;46;62,19,14,,7,21.1,50.0,3.83,3.84,0.17,-0.84,61.2,,354,,83.7,82.9,28,25,7,5,1,,16,15,0,0,0,0,0,0,8,19,2,4,0,0,4,5,4,0,3,4,15,18,5,9,30,21,3,5,15,13,19,13,21.0,25.2,7,12,50.8,50.8,107.8,109.8,179,153,2,6,1,1,2.29,5.71,2.57,H,3,0
1071,2021-22,2022-03-22,33,20:00,Vitality Stadium,9324,Jarred Gillett,Windy,,89,League,Bournemouth,Manchester City,Andoni Iraola,Pep Guardiola,3-4-3,5-4-1,attack,balanced,average,average,,0,1,0,79,none,17,17,5,,29.4,41.2,0.68,0.16,0.32,-0.16,41.6,58.4,533,362,,86.6,48,40,5,8,1,0,19,15,1,0,1,0,0,0,7,10,1,1,,0,4,3,7,,0,1,30,24,8,13,33,19,5,,11,7,25,12,30.6,43.0,5,6,63.4,42.7,107.0,108.5,,154,,4,,0,3.44,3.58,,H,3,0
1371,2022-23,2023-01-17,23,12:30,Craven Cottage,21616,David Coote,Sunny,7.7,49,Derby,Fulham,Nottm Forest,Marco Silva,Nuno Espirito Santo,5-4-1,3-5-2,balanced,defense,average,Avg,1,1,1,1,,17,20,13,9,2,45.0,15.4,0.87,1.21,0.13,-0.21,46.2,53.8,N/A,530,81.8,78.4,49,,6,7,?,0,8,10,0,0,0,0,0,0,20,13,2,1,0,,0,5,1,8,1,1,15,,12,5,11,24,7,7,12,12,13,20,23.0,37.4,20,6,,69.6,112.8,111.7,295,,2,0,,0,2.31,3.63,3.43,D,1,1
961,2021-22,2022-01-05,23,15:00,City Ground,30425,Stuart Attwell,Foggy,-1.6,68,Top 4 battle,Nottm Forest,Chelsea,Nuno Espirito Santo,Mauricio Pochettino,4-3-3,4-4-2,defense,balanced,bad,,1,2,2,4,11;20,,18,8,10,6,55.6,75.0,1.85,2.95,0.15,1.05,35.5,64.5,390,616,82.3,82.0,75,57,2,5,2,0,6,,0,0,0,1,0,,20,14,1,2,0,0,2,1,2,8,4,2,17,12,,7,32,32,8,2,20,5,17,17,16.8,,15,17,,59.8,108.7,104.7,209,217,3,3,1,1,2.94,3.12,2.95,A,0,3
426,2020-21,2020-10-16,31,12:30,Emirates Stadium,57074,Simon Hooper,Overcast,18.9,95,Top 4 battle,Arsenal,Brighton,Mikel Arteta,Roberto De Zerbi,4-2-3-1,4-3-3,attack,balanced,average,BAD,0,0,2,0,2+2;18,none,12,13,3,8,25.0,61.5,1.47,0.1,,-0.1,48.2,51.8,380,581,92.4,83.8,63,72,6,4,2,0,15,14,1,0,1,0,0,0,15,13,3,3,0,0,1,4,8,1,0,2,28,16,9,7,26,35,8,10,6,14,25,15,16.2,16.3,20,12,46.8,71.4,114.5,106.0,276,171,4,2,1,0,2.84,3.13,3.05,H,,0
580,2020-21,2021-01-31,21,12:30,Turf Moor,19076,John Brooks,Foggy,7.2,74,League,Burnley,Luton Town,Vincent Kompany,Rob Edwards,5-4-1,4-3-3,defense,defense,bad,average,1,1,2,2,18;70,36;77,14,11,2,4,14.3,36.4,1.95,2.11,0.05,-0.11,55.7,44.3,575,276,72.6,71.8,68,72,4,4,?,1,7,14,0,0,0,0,0,0,17,17,3,0,0,0,3,1,2,0,2,2,25,10,8,13,23,29,9,4,10,14,23,,null,26.9,8,18,44.2,51.9,,102.9,253,165,2,4,1,1,2.17,4.41,3.2,D,1,1
20,2019-20,2019-08-20,3,14:05,St. James' Park,47685,Michael Oliver,Cloudy,15.3,87,Title race,Newcastle,Chelsea,Eddie Howe,Mauricio Pochettino,4-3-2-1,5-4-1,defense,balanced,good,bad,1,3,,5,26;26;90,3;9;38;54+5;79,16,13,10,,62.5,23.1,3.57,,-0.57,0.19,##,58.4,539,306,84.3,83.5,67,75,7,6,2,2,13,11,0,1,0,2,0,2,9,18.0,1,3,0,0,5,2,0,7,5,3,28,23,12,,40,25,7,6,6,16,7,19,,27.9,19,7,52.0,46.1,##,104.3,199,159,1,,0,0,3.16,3.52,2.5,A,0,3
1633,2023-24,2023-10-31,31,17:30,Tottenham Hotspur Stadium,54599,Chris Kavanagh,Clear,10.0,68,League,Tottenham,Fulham,Ange Postecoglou,Marco Silva,4-3-2-1,,attack,balanced,average,good,1,N/A,3,1,82+1;87;89,68,12,16,,,66.7,?,2.96,0.9,0.04,0.1,54.5,,527,404,85.1,nan,49,31,9,?,2,1,6,7,0,0,1,0,1,0,13,18,2,2,0,0,4,0,2,5,1,3,10,18,14,,11,12,9,5,14,15,14,9,18.8,41.7,10,14,69.6,40.3,102.1,110.1,262,183,1,3,1,1,2.28,4.78,2.84,H,3,0
1685,2023-24,2023-12-06,19,12:30,Gtech Community Stadium,15844,Robert Jones,Windy,3.1,52,Relegation 6-pointer,Brentford,Nottm Forest,Thomas Frank,Nuno Espirito Santo,4-4-2,4-1-4-1,,,avg,average,2,0,,2,9;16;55,6;43,9,15,2,6,22.2,40.0,2.7,2.66,0.3,-0.66,51.9,48.1,700,330,78.2,77.4,46,62,9,1,0,1,9,18,0,0,1,1,1,1,9,19,3,2,0,0,3,0,4,0,2,3,24,18,11,17,30,25,12,6,10,15,22,6,40.3,31.6,8,11,49.2,40.9,109.7,110.4,275,235,1,3,1,,2.74,4.0,2.59,H,3,0
445,2020-21,2020-10-27,2,14:05,Kenilworth Road,9789,Michael Oliver,Rainy,15.2,42,Cup,Luton Town,Chelsea,Rob Edwards,Mauricio Pochettino,4-2-3-1,3-4-3,defense,balanced,good,average,2,1,2,2,16;59,55;62,20,15,3,5,15.0,,1.52,1.91,0.48,0.09,30.9,69.1,418,554,76.2,85.3,42,21,9,8,1,,18,,0,0,0,0,0,0,10,9,1,4,0,0,5,5,3,,2,2,12,19,6,17,27,28,2,6,9,16,19,22,25.3,42.5,14,12,66.4,40.4,113.4,105.2,250,174,2,3,0,0,2.55,7.23,2.13,D,1,1
1617,2023-24,2023-10-18,15,17:30,Molineux Stadium,30650,Robert Jones,Cloudy,16.1,95,Top 4 battle,Wolves,Manchester City,Gary O'Neil,Pep Guardiola,3-4-3,3-5-2,defense,balanced,average,average,0,2,1,2,13+1,28;82,20,9,7,4,35.0x,44.4,1.11,1.79,-0.11,0.21,36.2,63.8,,,75.2,87.5,72,,9,7,1,2,21,14,0,0,0,0,0,0,8,16,0,2,0,0,1,3,2,6,2,1,24,22,6,7,23,35,6,7,15,17,16,14,32.6,18.7,17,9,74.8,50.0,,112.9,263,233,,3,2,2,2.42,4.94,2.6,A,0,3
1149,2022-23,2022-08-13,22,12:30,Stamford Bridge,31884,Anthony Taylor,,1.2,nan,League,Chelsea,Wolves,Mauricio Pochettino,Gary O'Neil,4-4-2,,balanced,defense,average,bad,0,?,0,0,none,none,15,9,6,4,40.0,44.4,0.1,0.1,-0.1,-0.1x,56.5,43.5,595,264,81.9,78.1,40,67,9,5,0,0,22,18,0,0,0,0,0,0,,19,0,1,0,0,3,3,4,6,0,0,17,21,8,,16,31,8,4.0,6,5,12,7,20.4,28.1,5,12,43.6,61.3,106.2,99.0,163,182,2,4,2,1,2.74,3.04,3.26,D,1,1
284,2019-20,2020-02-27,22,16:30,Craven Cottage,23349,Robert Jones,Rainy,19.2,?,League,Fulham,Tottenham,Marco Silva,Ange Postecoglou,3-5-2,5-4-1,balanced,attack,avg,average,0,0,2,2,73;77,34;65,16,7,6,2,37.5,28.6,2.38,1.54,-0.38,,42.3,57.7,306,596,78.7,88.6,52,46,2,2,2,1,21,20,0,0,0,0,0,0,18,N/A,3,2,0,nan,0,2,0,4,2,2,12,11,11,5,35,19,12,10,6,16,12,11,22.0,41.1,19,15,-,67.4,105.0,111.1,262,230,3,7,2,1,2.84,3.25,2.94,D,1,1
1583,2023-24,2023-09-22,7,19:45,London Stadium,54355,Michael Oliver,Rainy,5.2,74,Relegation 6-pointer,West Ham,Burnley,David Moyes,Vincent Kompany,4-2-3-1,4-3-2-1,defense,defense,average,bad,2,1,3,3,,,20,?,6,3,30.0,27.3,,3.07,,-0.07,66.2,33.8,341,646,86.4,75.8,32,60,3,3,0,2,16,14,0,0,1,0,,0,15,7,4,2,0,0,6,4,0,3,3,3,13,15,7,12,21,16,12,9,19,13,24,10,17.9,24.6,20,10,60.3,71.8,,106.5,285,279,3,,0,0,1.93,4.97,3.57,D,1,1
322,2019-20,2020-03-23,27,15:00,Vitality Stadium,9409,Andy Madley,Light Rain,-2.2,85,League,Bournemouth,Fulham,Andoni Iraola,,4-1-4-1,4-2-3-1,attack,balanced,good,,0,0,1,0,44,none,10,17,9,4,90.0,23.5,1.43,0.36,-0.43,-0.36,44.1,55.9,631,639,77.2,77.6,50,65,9,8,0,0,,9,0,0,1,0,0,0,8,11,2,1,0,0,1,4,4,8,0,1,22,13,17,6,34,37,12,8,10,15,16,10,39.0,39.6,15,17,74.2,55.4,107.3,103.1,163,198,5,,1,0,2.89,3.33,2.83,H,3,0
32,2019-20,2019-08-29,4,20:00,Old Trafford,?,David Coote,Overcast,9.6,74,League,Manchester United,Newcastle,Erik ten Hag,Eddie Howe,4-3-2-1,5-4-1,balanced,defense,poor,average,1,1,2,2,52;60,12;74,13,15,7,3,,20.0,2.01,2.49,-0.01,-0.49,-,43.8,642,340,81.9,81.1,71,74,11,9,,1,16,8,0,0,0,2,0,0,,10,0,1,0,1,1,3,1,5,2,2,13,17,17,9,28,11,?,8,,5,23,20,17.7,28.5,11,4,?,71.7,100.9,108.6,155,290,3,,1,0,2.43,5.18,2.53,D,1,1
1423,2022-23,2023-02-21,24,16:30,Vitality Stadium,9067,John Brooks,Overcast,,81,League,Bournemouth,Arsenal,Andoni Iraola,Mikel Arteta,3-4-3,4-1-4-1,attack,attack,bad,Good,0,3,0,3,none,11;35;66,8,7,5,,62.5,42.9,0.1,3.01,-0.1,-0.01,42.1,57.9,624,271,80.3,93.3,20,55,5,2,0,2,7,6,0,0,0,0,0,0,9,13,,3,0,0,1,1,0,5,3,0,12,18,20,14,23,31,3,10,15,14,13,15,19.2,25.3,11,14,60.7,54.2,112.7,106.7,229,,4,5,3,1,3.32,3.37,2.49,A,0,3.0
1670,2023-24,2023-11-21,35,19:45,Molineux Stadium,31535,Robert Jones,Rainy,10.9,86,League,Wolves,West Ham,,David Moyes,3-4-3,4-3-2-1,defense,defense,good,bad,1,0,2,1,10;21+2,79,11,7,9,4,81.8,,2.24,1.01,-0.24,-0.01,52.0,48.0,321,,80.9,80.6,24,56,2,6,1,0,14,17,0,1,1,0,1,0,19,10,,1,,0,6,5,3,7,1,2,21,16,16,N/A,18,32,11,9,7,19,25,5,25.7,24.6,8,8,74.2,N/A,106.9,110.3,277,?,2,5,nan,1,3.08,3.44,2.6,H,3,0
85,2019-20,2019-10-05,4,12:30,Emirates Stadium,59427,,Overcast,-1.2,88,League,Arsenal,Chelsea,Mikel Arteta,Mauricio Pochettino,4-3-3,4-2-3-1,attack,balanced,bad,average,1,0,2,0,28;70,none,17,14,8,6,47.1,42.9,2.75,0.22,-0.75,-0.22,59.6,,684,385,91.3,,,56,6,8,0,0,19,18,nan,N/A,0,0,0,0,20,18,4,1,0,0,2,0,6,,0,,19,26,13,12,10,26,4,5,22,7,13,11,,43.2,8,9,59.1,47.4,104.6,-,158,201,4,4,0,0,2.77,,3.48,H,3,0
1720,2023-24,2023-12-27,35,14:05,Molineux Stadium,32030,John Brooks,Rainy,14.4,72,Cup,Wolves,Manchester United,Gary O'Neil,Erik ten Hag,3-5-2,,defense,balanced,average,good,0,2,0,3,none,6;27;38+1,16,9,5,2,31.2,nan,0.1,3.73,-0.1,-0.73,50.8,49.2,350,595,80.6,83.7,65,57,5,8,0,0,17,18,0,0,0,1,0,N/A,12,11,1,2,0,0,3,4,,5,3,0,18,27,19,10,10,24,11,3,5,8,25,5,37.9,33.0,18,8,66.4,44.9,99.8,104.1,297,149,4,2,3,0,2.74,3.22,3.08,A,0,3
1164,2022-23,2022-08-18,2,17:30,Gtech Community Stadium,16636,Paul Tierney,Cloudy,17.0,77,League,Brentford,Bournemouth,Thomas Frank,Andoni Iraola,3-5-2,4-4-2,attack,attack,good,good,2,0,2,1,24;32,3,15,12,8,2,53.3,16.7,2.93,1.26,-0.93,-0.26,58.9,41.1,627,477,79.8,75.0,51,36,5,8,2,1,9,10,,0,0,0,0,0,?,18,2,3,0,0,6,3,1,6,1,2,23,20,10,10,34,22,3,N/A,10,15,18,7,23.4,25.6,19,4,52.0,50.5,102.8,114.2,279,171,nan,4,1,0,2.05,,3.71,H,3,0
1881,2023-24,2024-04-22,32,15:00,Emirates Stadium,47937,Michael Oliver,Sunny,-1.6,94,Cup,Arsenal,Tottenham,Mikel Arteta,Ange Postecoglou,3-5-2,4-2-3-1,attack,attack,average,good,0,0,3,,8;11;76,48;63,19,10,-1,7,15.8,70.0,3.57,2.46,-0.57,,46.3,53.7,532,536,91.4,87.7,22,65,7,4,0,1,6,17,0,0,1,1,1,1,10,13,2,2,0,0,0,0,5,0,2,3,20,12,19,11,29,38,12,7,25,6,20,19,19.2,33.1,8,13,53.9,,112.0,108.1,158,260,3,1,2,2,2.64,3.77,2.81,H,3,0
118,2019-20,2019-10-30,16,19:45,Turf Moor,20867,David Coote,Cloudy,19.8,95,Top 4 battle,Burnley,West Ham,Vincent Kompany,David Moyes,4-1-4-1,5-4-1,defense,defense,bad,average,0,2,2,2,49;70,24;89,14,9,6,-5,42.9,55.6,1.51,1.89,0.49,0.11,42.7,57.3,315,535,70.9,86.8,77,60,5,8,2,2,,14,0,0,0,0,0,0,12,13,1,2,0,0,0,5,3,4,2,2,12,14,nan,7,30,10,11,9,7,22,15,14,30.1,20.0,19,11,67.3,50.2,107.4,100.0,265,166,2,7,1,0,3.52,4.0,2.15,D,1,1
935,2021-22,2021-12-15,19,16:30,Vitality Stadium,,Chris Kavanagh,Rainy,23.2,82,Relegation 6-pointer,Bournemouth,Wolves,Andoni Iraola,Gary O'Neil,4-3-2-1,3_5_2,attack,defense,average,average,0,0,1,1,2,50,10,6,10,5,100.0,83.3,1.62,0.48,-0.62,0.52,48.1,51.9,534,621,80.3,79.9,33,48,3,9,0,0,13,5,0,1,1,0,1,nan,7,16,2,nan,0,1,1,2,4,9,1,1,24,,19,12,19,38,12,4,15,,7,17,27.2,20.5,12,15,72.3,55.5,105.6,105.0,287,219,5,3,0,0,2.17,5.14,2.9,D,1,1
2012,2021-22,2021-09-05,33,19:45,Etihad Stadium,49152,Michael Oliver,Cloudy,18.5,48,Derby,Manchester City,Liverpool,Pep Guardiola,Jurgen Klopp,4-4-2,4-4-2,balanced,attack,good,good,0,0,1,0,25,null,17,16,6,1,?,6.2,0.69,0.11,0.31,-0.11,46.5,53.5,442,373,88.0,,76,65,6,6,0,0,8,10,0,0,0,1,0,0,9,14,2,1,0,0,2,4,1,5,0,1,10,21,20,11,10,26,6,4,8,11,16,5,?,22.1,16,13,49.7,,108.1,100.5,202,263,1,2,1,0,2.64,3.13,3.32,H,3,0
494,2020-21,2020-11-29,6,20:00,St. James' Park,39813,Thomas Bramall,Clear,13.6,40,Cup,Newcastle,Crystal Palace,Eddie Howe,Oliver Glasner,4-1-4-1,3-5-2,defense,,good,good,,1,2,1,63;70,19,19,6,3,3,15.8,50.0,2.9,1.58,-0.9,-0.58,60.2,39.8,313,371,88.4,77.7,79,50,7,8,2,1,22,20,0,1,0,0,0,0,20,18,1,3,0,0,,3,2,1,1,2,12,20,16,10,26,,10,2,20,22,5,13,41.5,31.3,15,9,52.9,71.4,111.7,106.8,262,250,1,2,2,2,2.43,3.6,3.21,H,3,0
992,2021-22,2022-01-25,34,19:45,Molineux Stadium,31024,David Coote,Light Rain,7.9,87,League,Wolves,Manchester United,Gary O'Neil,Erik ten Hag,3-4-3,4-1-4-1,defense,balanced,average,average,2,0,2,3,43;61,63;87;90,8,12,3,8,37.5,66.7,2.63,3.23,-0.63,-0.23,38.2,61.8,381,,75.3,86.4,69,61,3,2,2,0,22,17,0,1,0,1,0,0,18,12,1,1,0,0,3,1,5,1,3,2,18,24,18,15,32,9,8,4,7,12,,21,28.9,42.8,6,4,73.9,43.6,104.6,108.6,290,154,2,1,1,0,2.32,8.62,2.21,A,0,3
769,2021-22,2021-08-17,34,12:30,Gtech Community Stadium,14883,Stuart Attwell,Rainy,11.3,94,League,Brentford,Wolves,Thomas Frank,,4-3-2-1,3-5-2,attack,defense,bad,average,1,0,2,0,##,none,16,9,3,6,18.8,66.7,3.02,,-1.02,,,42.5,660,524,86.4,81.2,55,62,7,9,2,?,22,18,0,0,0,0,0,0,6,8,1,0,0,0,2,2,6,,0,2,,27,11,8,12,14,3,10,22,,11,6,41.6,28.6,15,16,67.1,57.3,104.5,104.9,246,272,2,2,1,0,2.54,4.27,2.69,H,3,0
462,2020-21,2020-11-11,18,17:30,Emirates Stadium,54068,Anthony Taylor,Sunny,13.4,N/A,Top 4 battle,Arsenal,Aston Villa,Mikel Arteta,Unai Emery,4-1-4-1,4-2-3-1,attack,attack,good,average,2,1,2,1,19;26,30,18,8,8,4,44.4,50.0,1.41,1.47,0.59,-0.47,61.9,38.1,539,328,92.7,80.4,51,53,3,2,2,1,12,13,0,0,0,0,0,0,13,14,2,0,,0,5,3,3,6,1,2,16,28,19,11,38,25,4,5,12,11,13,15,42.8,29.6,13,12,49.7,50.7,102.8,108.6,291,206,1,,1,1,2.14,7.05,2.56,H,3,0
1133,2021-22,2022-05-04,3,14:05,Selhurst Park,19972,Stuart Attwell,Cloudy,13.3,60,League,Crystal Palace,Manchester City,Oliver Glasner,Pep Guardiola,4-3-2-1,4-3-2-1,defense,balanced,good,average,?,1,1,2,85,1;40,19,7,5,2,26.3,28.6,1.19,##,-0.19,0.1,44.6,55.4,593,562,84.8,91.9,66,49,,7,0,1,7,16,0,0,2,0,,0,14,8,2,2,0,0,6,1,0,4,2,1,nan,24,8,9,27,17,6,6,12,19,10,22,25.2,36.3,12,7,74.1,49.7,118.0,109.5,235,213,1,2,3,1,3.28,3.02,2.75,A,0,3
1426,2022-23,2023-02-22,5,12:30,Vitality Stadium,10950,Robert Jones,Sunny,2.7,84,League,Bournemouth,Burnley,Andoni Iraola,Vincent Kompany,3-4-3,4-3-3,attack,defense,average,good,3,0,4,0,38+3;48;54;82,none,20,16,5,1,,6.2,3.72,0.49,0.28,-0.49,57.2,42.8,556,469,nan,74.6,37,62,11,7,0,0,7,5,0,0,0,0,0,,15,8,4,1,0,0,5,1,1,1,0,4,10,10,9,8,29,19,5,8,11,,7,22,N/A,15.3,14,4,69.4,52.6,109.5,108.2,217,216,2,7,0,0,2.57,3.85,2.85,H,3,0
373,2019-20,2020-05-01,17,20:00,Anfield,57610,Simon Hooper,Sunny,14.3,-,League,Liverpool,Crystal Palace,Jurgen Klopp,Oliver Glasner,4-3-2-1,4-1-4-1,attack,defense,good,,0,1,2,-1,13;87,22,19,12,10,4,52.6,33.3,1.46,0.8,0.54,0.2,60.9,39.1,-318,331,93.3,78.6,75,,11,4,2,1,19,9,2,0,0,0,0,0,18,7,4,,0,0,4,0,3,8,1,2,23,23,12,7,11,15,10,5,8,18,22,19,30.7,17.6,9,12,69.9,47.0,?,113.3,174,173,2,,0,0,2.36,2.98,,H,3,0
329,2019-20,2020-03-29,15,14:05,Tottenham Hotspur Stadium,52415,Chris Kavanagh,Rainy,18.1,83,League,Tottenham,Arsenal,Ange Postecoglou,Mikel Arteta,5-4-1,3-4-3,attack,attack,good,good,0,0,0,0,none,none,12,14,10,4,83.3,28.6,0.1,0.22,-0.1,-0.22,52.3,47.7,458,,90.6,92.9,53,67,3,5,0,0,22,5,,0,0,0,0,0,18,12,1,1,0,0,3,4,4,10,0,0,17,17,16.0,9,23,31,7,10,13,13,14,22,17.7,31.5,11,12,51.5,46.3,112.0,116.8,217,266,1,3,2,0,2.24,5.55,2.68,D,1,1
2082,2020-21,2021-01-21,21,16:30,Turf Moor,20067,Anthony Taylor,Windy,13.8,92,Cup,Burnley,West Ham,Vincent Kompany,David Moyes,3-4-3,3-4-3,defense,defense,Avg,average,0,1,5,2,19+2;34;67+5;70;90,62;70,9,17,3,2,33.3,11.8,4.63,1.62,0.37,0.38,31.8,68.2,458,547,71.0,82.4,46,67,,4,0,0,10,19,0,1,2,0,2,0,13,9,0,4,0,0,2,4,0,0,2,5,28,28,9,8,23,20,10,2,,7,6,9,35.4,34.7,5,11,61.6,42.7,109.3,,291,182,3,1,2,0,2.69,4.23,2.55,H,3,0
1048,2021-22,2022-03-03,1,14:05,Anfield,,Michael Oliver,Windy,14.7,65,Top 4 battle,Liverpool,Chelsea,Jurgen Klopp,Mauricio Pochettino,4_3_3,4-1-4-1,attack,balanced,average,average,1,0,2,0,11;76+2,none,9,17,7,2,77.8,11.8,,0.1,-0.23,-0.1,nan,43.5,324,366,91.9,86.1,27,35,8,9,2,0,15,11,1,0,0,1,0,0,7,14,1,2,0,0,1,0,2,5,0,2,27,,9,9,14,23,5,10,25,8,?,18,34.6,23.6,14,17,58.6,71.3,107.7,102.3,234,142,1,1,0,0,2.04,8.62,2.53,H,3,0
930,2021-22,2021-12-08,25,20:00,City Ground,29258,Thomas Bramall,Windy,8.6,95,League,Nottm Forest,Bournemouth,Nuno Espirito Santo,Andoni Iraola,5-4-1,3-5-2,defense,attack,,good,1,2,2,3,41;64,1+2;49;72,17,14,10,5,58.8,35.7,2.77,3.63,-0.77,-0.63,45.4,54.6,591,?,76.3,80.8,64,55,6,8,1,2,21,14,N/A,1,2,0,1,0,17,15,2,2,0,1,6,0,2,8,3,2,14,12,12,18,19,35,?,2,22,11,17,5,21.7,29.8,10,8,65.2,41.6,109.4,102.7,297,203,2,4,0,0,2.13,6.75,2.62,A,0,3
815,2021-22,2021-09-23,22,20:00,Turf Moor,17657,Robert Jones,Light Rain,-1.3,77,League,Burnley,Nottm Forest,Vincent Kompany,Nuno Espirito Santo,4-3-3,4-4-2,defense,DEFENSE,good,good,1,0,2,1,57;72,17,nan,6,10,5,90.9,83.3,2.41,1.27,-0.41,-0.27,?,60.2,392,N/A,75.8,82.5,43,28,10,6,0,0,17,5,0,0,0,0,0,0,17,17,2,,0,0,1,3,4,8,1,2,28,16,7,14,?,15,4,3,15,15,6,5,43.4,29.9,18.0,12,55.1,54.7,108.8,108.5,290,248,4,2,1,1,2.79,3.46,2.84,H,3,0
522,2020-21,2020-12-20,15,12:30,Selhurst Park,20270,David Coote,Rainy,14.9,83,Top 4 battle,Crystal Palace,Everton,Oliver Glasner,Sean Dyche,3_5_2,4-2-3-1,defense,defense,bad,avg,2,1,2,1,36;37,54,10,,7,3,70.0,42.9,1.72,1.0,0.28,0.0,57.3,42.7,569,643,77.4,78.1,42,72,11,2,0,0,17,13,0,0,1,0,0,0,16,14,,4,0,0,2,5,2,5,1,2,28,18,17,10,19,9,2,7,22,9,11,5,37.2,41.1,19,5,72.6,43.6,105.5,107.3,244,nan,3,0,1,0,2.59,4.43,2.57,H,3,?
1582,2023-24,2023-09-21,24,15:00,Kenilworth Road,##,Jarred Gillett,,17.4,81,Top 4 battle,Luton Town,Tottenham,Rob Edwards,,4-4-2,4-3-3,defense,attack,good,AVERAGE,0,0,0,0,none,none,17,9,5,1,29.4,11.1,0.1,0.15,-0.1,-0.15,36.8,63.2,466,555,77.9,90.8,55,23,9,6,0,0,19,17,0,0,0,0,0,0,8,6,3,0,0,0,3,2,1,5,0,0,11,12,17,6,20,33,10,4,23,,6,,30.4,37.4,5,17,52.8,42.0,106.8,112.6,167,156,2,6,1,0,null,3.24,2.26,D,1,1
1398,2022-23,2023-01-31,37,12:30,City Ground,29350,Paul Tierney,Clear,21.1,76,League,Nottm Forest,Everton,Nuno Espirito Santo,Sean Dyche,4-4-2,4-3-3,defense,defense,average,average,2,0,2,0,83;88,none,13,17,4,6,,35.3,2.45,0.1,,-0.1,44.1,55.9,495,506,79.6,75.2,42,48,7,1,1,0,19,10,0,0,0,0,0,0,10,9,2,nan,1,0,3,1,6,2,0,2,23,21,9,13,29,32,6,8,14,16,5,7,23.9,21.3,14,,52.0,66.2,102.9,108.7,188,207,3,4,1,0,2.14,7.95,2.46,H,3,0
584,2020-21,2021-01-31,17,12:30,Bramall Lane,29396,Jarred Gillett,Sunny,16.8,65,League,Sheffield United,Burnley,Chris Wilder,Vincent Kompany,3-5-2,3-5-2,defense,defense,bad,good,0,1,0,2,none,2;42,12,17,2,2,16.7,11.8,0.26,2.47,-0.26,-0.47,41.7,58.3,653,362,71.3,71.6,71,57,10,3,0,1,7.0,6,0,1,0,1,0,1,19,9,3,1,0,0,5,4,0,2,2,0,18,19,?,8,21,25,,3,25,19,9,6,15.6,33.7,11,17,63.8,55.2,108.9,108.2,279,270,0,3,0,0,2.79,4.76,2.32,A,0,3
252,2019-20,2020-01-31,12,15:00,Selhurst Park,24966,John Brooks,Clear,6.6,41,League,Crystal Palace,Burnley,Oliver Glasner,Vincent Kompany,4-2-3-1,4-3-2-1,defense,def,average,bad,3,1,3,1,18+3;57;78,12,13,12,3,2,23.1,16.7,?,0.92,-0.62,0.08,65.0,35.0,450,595,84.1,77.1,67,62,2,2,1,1,12,8,1,0,1,0,0,0,13,12,3,3,0,0,4,5,1,0,1,3,11,19,14,16,24,23,4,7,24,15,15,21,35.7,16.5,,16,73.5,63.8,101.1,106.9,,274,1,0,0,,2.59,3.2,3.32,H,3,0
1451,2022-23,2023-03-11,3,12:30,Bramall Lane,28978,Stuart Attwell,Sunny,13.0,84,League,Sheffield United,Manchester United,Chris Wilder,Erik ten Hag,4-1-4-1,4-1-4-1,defense,balanced,average,bad,3,3,3,3,25;37;77,19;34;87,9,15,4,5,44.4,33.3,3.11,2.88,-0.11,0.12,34.5,65.5,598,483,74.7,85.9,65,71,7,3,2,1,13,6,0,0,1,0,0,0,11,19,2,3,0,0,5,4,2,1,3,3,25,25,12,9,26,9,9,3,21,21,19,15,45.0,26.7,15,18,56.7,##,112.6,105.0,255,151,2,2,1,0,3.32,4.82,2.04,D,,1
1524,2023-24,2023-08-14,20,20:00,St. James' Park,39789,Michael Oliver,Light Rain,12.0,46,Relegation 6-pointer,Newcastle,Tottenham,Eddie Howe,Ange Postecoglou,4-4-2,3-5-2,defense,attack,bad,average,0,1,-3,2,52;66;84,57;60,19,13,8,2,42.1,15.4,2.7,2.74,,-0.74,55.9,44.1,629,262,83.8,88.2,-59,,5,3,1,1,22,13,0,0,2,0,2,0,18,,1,3,0,0,5,0,0,5,2,3,25,14,5,15,16,23,6,3,,20,9,12,24.0,45.0,13,16,nan,47.3,108.5,110.3,272,142,2,3,1,0,2.27,6.7,2.44,H,3,0
1360,2022-23,2023-01-04,12,20:00,Stamford Bridge,30735,,Foggy,13.9,64,Cup,Chelsea,Bournemouth,Mauricio Pochettino,Andoni Iraola,4-2-3-1,4-4-2,balanced,attack,good,bad,0,0,1,2,90,9;60,16,12,2,8,12.5,66.7,0.73,2.47,0.27,-0.47,nan,42.6,661,618,87.5,83.1,20,46,11,5,,2,15,20,0,1,0,0,0,0,N/A,20,3,4,0,0,3,5,6,?,2,1,14,14,8,16,34,36,7,3,7,9,9,13,39.1,25.1,N/A,16,55.9,57.6,104.7,106.8,192,164,2,4,1,1,nan,4.86,3.26,A,0,3
1596,2023-24,2023-10-03,15,19:45,London Stadium,58235,Chris Kavanagh,,-11.1,49,Derby,West Ham,Manchester City,David Moyes,Pep Guardiola,3-4-3,4-2-3-1,defense,balanced,avg,average,0,0,0,3,none,25;41;70,10,11,5,nan,50.0,,0.17,3.71,-0.17,-0.71,47.3,52.7,,605,83.8,93.3,20,71,4,6,0,1,16,11,,2,0,0,0,,16,8,2,1,0,0,3,3,0,5,,0,17,11,15,5,13,17,9,4,5,7,21,18,16.5,20.8,17,16,71.5,48.9,115.3,113.2,250,230,4,4,3,0,2.57,4.01,,A,0,3
1115,2021-22,2022-04-19,22,14:05,Kenilworth Road,9537,David Coote,Cloudy,16.3,59,Derby,Luton Town,Chelsea,Rob Edwards,Mauricio Pochettino,3-4-3,3-4-3,defense,balanced,good,bad,,2,1,3,27,18;28;37,11,16,10,6,90.9,37.5,1.11,N/A,-0.11,0.44,29.6,70.4,581,579,70.1,85.5,60,31,6,6,1,0,20,9,0,1,0,0,0,0,8,10,0,2,0,0,2,0,3,9,3,1,19,28,12,18,40,14,8,10,17,10,15,9,30.7,40.2,7,4,69.7,59.0,104.3,106.5,252,288,2,6,2,0,3.86,2.78,2.62,A,0,3
1311,2022-23,2022-12-05,7,17:30,Gtech Community Stadium,13212,Stuart Attwell,Foggy,0.5,49,League,Brentford,Aston Villa,Thomas Frank,Unai Emery,5-4-1,4-2-3-1,attack,attack,bad,average,1,0,1,,50,23;79+2,10,14,-1,4,70.0,28.6,0.65,1.38,0.35,0.62,,47.6,524,407,81.0,87.4,75,49,9,1,1,1,22,14,0,0,0,0,0,0,10,18,0,0,0,0,2,,2,6,2,1,19,27,10,13,25,25,11,8,21,16,7,14,18.4,18.3,13,10,71.5,52.9,107.5,98.1,?,258,5,3,1,1,2.3,5.87,2.54,A,0,3
600,2020-21,2021-02-13,37,16:30,St. James' Park,51555,Andy Madley,Sunny,12.1,88,League,Newcastle,Wolves,Eddie Howe,Gary O'Neil,5-4-1,3-4-3,defense,defense,average,bad,0,0,2,2,63;80,41;69+2,20,8,9,8,45.0,100.0,2.4,2.27,-0.4,-0.27,49.4,50.6,316,463,83.3,82.0,37,60,11,7,1,1,21,9,0,nan,0,0,0,0,17,19,2,1,0,0,3,1,6,7,2,2,18,18,15,10,26,22,3,5,5,18,6,15,43.8,23.8,18,17,73.0,40.8,107.9,107.1,,174,0,2,3,,2.59,3.56,3.01,D,1,1
2004,2023-24,2023-12-30,29,19:45,St. James' Park,41357,Simon Hooper,Clear,10.0,,Derby,Newcastle,Aston Villa,,Unai Emery,4-3-2-1,3-4-3,,,good,average,2,2,3,,6+2;24;79,63+4;77;82,20,12,3,4,15.0,33.3,2.64,2.82,0.36,0.18,53.1,46.9,342,527,88.9,,21,23,3,6,1,0,19,10,0,0,0,0,0,0,12,7,?,2,,0,1,0,1,0,3,3,21,13,15,9,16,33,9,9,8,8,23,7,30.6,,17,18,50.7,68.2,113.9,103.6,186,212,1,3,1,0,2.89,3.17,2.95,D,1,1
623,2020-21,2021-03-05,5,20:00,Kenilworth Road,8844,Michael Oliver,Rainy,7.8,-,League,Luton Town,Tottenham,Rob Edwards,Ange Postecoglou,4-1-4-1,5-4-1,defense,attack,average,average,1,0,1,3,54,30;48+5;65,8,17,4,4,50.0,23.5,0.78,2.73,0.22,0.27,31.5,68.5,407,590,nan,81.7,27,71,4,1,1,1,14,16,0,0,0,0,0,0,7,9,1,2,0,,6,5,1,?,3,1,,18,6,15,20,31,5,6,18,8,15,16,,21.7,12,17,53.9,52.6,104.7,106.4,264,246,2,3,2,0,2.7,4.04,2.62,A,0,3
2027,2020-21,2021-07-03,12,19:45,Molineux Stadium,29044,Chris Kavanagh,Clear,8.0,72,Cup,Wolves,Everton,Gary O'Neil,Sean Dyche,4-3-2-1,4_3_2_1,defense,defense,bad,bad,0,0,1,1,78,9,19,,6,4,31.6,25.0,0.62,0.64,0.38,0.36,49.4,50.6,364,313,80.9,77.2,71,75,3,9,0,0,8,nan,0,1,1,0,1,0,7,20,4,4,0,0,1,5,3,5,1,1,19,12,15,8,26,36,11,5,20,20,12,16,null,23.7,13,5,?,66.3,108.8,106.3,178,173,0,3,1,0,2.44,5.61,2.43,D,1,1
490,2020-21,2020-11-27,27,15:00,Emirates Stadium,45352,Andy Madley,Light Rain,6.4,60,League,Arsenal,Manchester United,Mikel Arteta,Erik ten Hag,4-3-2-1,4-3-2-1,attack,balanced,average,bad,1,0,2,2,14+3;71,50;52,20,11,9,4,45.0,36.4,2.05,2.23,-0.05,-0.23,57.4,42.6,601,482,84.8,89.8,54,47,9,,2,1,11,17,0,1,0,1,,1,8,9,2,1,0,0,4,4,2,7,2,2,14,26,5,16,,19,7,8,14,9,7,14,43.2,26.7,18,8,50.8,57.5,109.3,,289,275,2,1,1,1,2.3,4.12,3.1,D,1,1
763,2021-22,2021-08-16,9,16:30,Tottenham Hotspur Stadium,57470,Robert Jones,Clear,24.5,91,League,Tottenham,Aston Villa,Ange Postecoglou,,3-5-2,4-3-3,attack,attack,average,average,1,,3,2,47;59;62,##,19,15,2,-2,10.5,53.3,,1.94,0.25,0.06,49.0,51.0,618,641,86.0,81.6,34,65,4,?,,2,22,20,0,0,1,0,1,0,9,10,1,1,0,0,6,5,6,0,2,3,16,?,6,7,14,9,10,2,17,11,19,5,40.8,24.5,7,10,66.1,59.3,105.8,107.5,262,240,2,6,1,0,2.82,4.11,2.49,H,N/A,
1786,2023-24,2024-02-15,19,16:30,Amex Stadium,26504,Paul Tierney,Clear,10.1,43,Relegation 6-pointer,Brighton,Wolves,Roberto De Zerbi,Gary O'Neil,3-4-3,5-4-1,balanced,defense,average,average,0,0,4,2,2+2;17;55;68,46;77,12,14,10,7,83.3,50.0,3.15,1.68,0.85,0.32,56.5,43.5,534.0,626,86.4,76.0,66,22,8,4,2,1,8,8,0,0,0,,0,1,7,9,2,0,1,0,1,2,5,6,2,4,15,15,18,7,35,17,10,9,7,8,5,21,28.4,,12,5,49.8,61.8,107.6,107.7,259,189,4,0,1,0,2.63,3.87,2.77,H,3,0
1226,2022-23,2022-10-05,37,12:30,Etihad Stadium,52705,Paul Tierney,Overcast,2.5,59,Top 4 battle,Manchester City,Nottm Forest,Pep Guardiola,Nuno Espirito Santo,4-3-2-1,4-3-2-1,balanced,DEFENSE,good,bad,1,0,2,2,40;88+3,32;90,13,13,5,6,38.5,46.2,1.52,1.99,0.48,0.01,61.3,38.7,605,279,96.2,78.6,43,68,6,6,0,2,17,12,0,0,0,0,0,0,12,18,2,3,0,0,0,0,4,?,2,2,19,17,17,12,20,34,12,10,14,11,8,9,43.2,39.9,8,8,65.3,44.9,100.7,111.5,239,287,1,2,1,,1.81,4.88,4.1,D,1,1
743,2020-21,2021-05-25,35,19:45,Etihad Stadium,50433,Simon Hooper,Cloudy,14.3,84,League,Manchester City,Luton Town,Pep Guardiola,,3-5-2,3-4-3,balanced,defense,average,good,1,0,5,0,7+3;21;38;67;70,none,19,10,5,1,26.3,10.0,5.5,0.41,-0.5,,60.8,39.2,,642,87.9,72.8,70,50,,7,0,0,11,8,0,0,1,0,1,0,,9,0,2,0,0,5,3,1,0,0,5.0,26,16,12,5,38,15,3,4,15,19,15,16,42.3,25.6,9,7,63.9,55.9,107.8,,251,146,2,2,1,1,1.76,7.32,3.4,H,3,0
1205,2022-23,2022-09-18,12,19:45,Etihad Stadium,44183,Andy Madley,Foggy,9.5,60,Title race,Manchester City,Bournemouth,Pep Guardiola,Andoni Iraola,,4-3-2-1,BALANCED,attack,good,bad,2,0,5,0,12;41;67;72;90,none,12,10,6,7,50.0,70.0,5.73,0.1,-0.73,-0.1,65.9%,34.1,313,528,88.0,80.2,57,46,8,4,1,0,9,14,2,0,2,0,2,0,6,20,1,3,0,0,0,1,7,,0,5,12,16,,8,28,12,10,3,13,,19,5,,26.1,10,12,64.8,72.0,105.4,107.4,169,267,2,4,0,0,2.49,3.21,3.49,H,3,0
740,2020-21,2021-05-22,7,20:00,Gtech Community Stadium,13106,Robert Jones,Light Rain,10.6,71,Relegation 6-pointer,Brentford,Newcastle,Thomas Frank,Eddie Howe,3_4_3,4-3-3,attack,defense,good,average,2,0,2,1,27+4;81,53,16,12,8,2,50.0,16.7,1.29,1.05,0.71,-0.05,53.9,,675,531,86.2,82.5,44,69,4,3,0,1,12,8,0,1,0,0,0,0,8,9,2,2,0,0,3,4,1,6,1,2,15,18,10,13,26,27,2,3,23,17,21,20,31.1,17.6,8,5,67.5,47.8,110.0,107.7,193,260,1,1,0,0,2.64,3.74,2.83,H,3,0
534,2020-21,2020-12-31,1,14:05,Vitality Stadium,9323,Thomas Bramall,Sunny,15.7,44,Derby,Bournemouth,Liverpool,Andoni Iraola,Jurgen Klopp,3-4-3,4-2-3-1,attack,attack,good,average,0,1,1,1,43,45,15,12,7,3,46.7,25.0,0.44,1.04,0.56,-0.04,37.0,63.0,340,508,74.5,86.9,75,51,3,3,1,0,19,14,0,0,0,0,0,0,13,11,3,1,0,0,2,1,2,6,1,1,20,24,20,5,13,32,nan,5,19,19,22,20,32.4,16.1,9,12,53.2,,108.6,104.9,197,234,2,1,0,0,2.67,5.06,2.34,D,1,1
669,2020-21,2021-04-03,3,14:05,Old Trafford,71356,Robert Jones,Rainy,2.8,48,League,Manchester United,Brentford,Erik ten Hag,,5-4-1,3-5-2,balanced,attack,bad,average,0,0,nan,1,,41,12,11,8,3,66.7,27.3,,0.94,-0.71,0.06,48.2%,51.8,348,461,86.5,81.6,44,55,9,2,,0,11,8,0,0,0,1,0,1,15,8,3,3,0,0,6,0,2,,1,2,26,23,18,13,10,11,9,10,17,10,25,16,25.5,?,6,16,40.0,65.8,110.1,103.6,202,264,0,3,1,1,2.22,,2.72,H,3,0
581,2020-21,2021-02-02,32,19:45,Old Trafford,66323,Michael Oliver,,4.8,52,Top 4 battle,Manchester United,Nottm Forest,Erik ten Hag,Nuno Espirito Santo,4-3-3,,balanced,defense,good,average,2,0,5,0,20;43;45;58;65,none,9,7,6,5,66.7,71.4,4.58,0.31,0.42,-0.31,54.7,45.3,489,287,86.1,73.7,63,61,7,1,2,0,6,12,0,,1,0,1,0,16,6,2,1,0,1,0,4,5,1,0,5,21,21,7,13,13,,11,6,18,5,15,18,17.8,24.3,14,7,57.3,41.7,107.4,101.1,223,211,2,4,1,0,1.95,5.91,3.16,H,3,0
585,2020-21,2021-02-03,31,19:45,Tottenham Hotspur Stadium,62192,Stuart Attwell,Clear,19.1,52,Title race,Tottenham,Manchester United,Ange Postecoglou,Erik ten Hag,4-3-3,4-3-3,attack,balanced,good,avg,1,0,1,1,24,46,8,8,6,2,75.0,25.0,1.34,0.96,-0.34,0.04,57.5,42.5,379,633,88.4,,52,53,4,6,1,1,17,16,0,0,0,0,0,0,7,15,3,2,0,0,6,0,1,5,1,1,22,13,19,17,32,31,9,9,17,17,9,6,33.5,21.0,19,9,,65.7,110.3,114.1,,174,4,4,nan,1,2.53,3.18,3.45,D,1,1
706,2020-21,2021-04-27,35,12:30,Stamford Bridge,32223,Robert Jones,Light Rain,18.8,57,League,Chelsea,Fulham,Mauricio Pochettino,Marco Silva,4-3-3,4-3-3,balanced,balanced,bad,bad,0,0,1,0,45,none,12,11,9,3,75.0,27.3,0.83,0.1,0.17,-0.1,52.5,47.5,441,633,83.6,78.5,40,55,7,7,1,0,20,5,1,0,0,0,0,0,12,13,2,0,0,0,0,0,3,-8,0,1,15,15,9,9,29,12,8,3,,20,22,5,34.9,17.8,16,7,nan,45.9,105.5,112.4,172,251,5,2,1,0,2.85,2.72,3.56,H,3,0
1483,2022-23,2023-04-02,4,14:05,City Ground,25175,Thomas Bramall,Overcast,1.8,80,League,Nottm Forest,Arsenal,Nuno Espirito Santo,Mikel Arteta,5-4-1,3-5-2,defense,attack,good,good,0,1,0,4,none,15;17+1;38;53,12,7,8,4,66.7,57.1,,5.01,-0.44,-1.01,39.8,60.2,376,590,75.3,86.6,69,40,4,7,0,0,8,8,0,0,0,1,0,1,19,13.0,,2,0,0,6,3,0,8,4,0,29,11,12,18,34,11,5,4,7,13,7,8,38.7,24.5,,6,63.0,70.1,,108.3,275,142,0,1,2,1,3.71,2.85,2.63,A,0,3
1068,2021-22,2022-03-17,6,16:30,Bramall Lane,24479,Simon Hooper,Cloudy,22.0,62,Cup,Sheffield United,Luton Town,Chris Wilder,Rob Edwards,4-4-2,5-4-1,defense,balanced,bad,bad,0,0,2,2,47;89,14;66,9,9,4,5,44.4,55.6,1.53,2.1,0.47,-0.1,50.6,49.4,642,426,70.4,77.2,,33,8,5,0,1,21,13,0,0,1,1,1,1,15,13,4,2,0,0,,4,3,2,2,2,10,27,15,7,20,9,7,6,18,20,19,9,32.8,31.4,14,6,44.7,62.9,110.9,106.5,278,209,2,1,1,0,2.99,3.68,2.54,D,1,1
2093,2021-22,2021-10-17,19,20:00,City Ground,28777,Jarred Gillett,Windy,7.0,75,Relegation 6-pointer,Nottm Forest,Arsenal,Nuno Espirito Santo,Mikel Arteta,4-3-3,3-4-3,defense,attack,bad,average,1,?,1,2,5+4,1;54,17,7,4,7,23.5,,1.11,2.63,-0.11,-0.63,37.8,62.2,580,537,75.0,93.2,28,75,4,6,1,0,12,5,1,1,1,0,0,0,7,9,2,2,0,0,5,1,5,3,,1,19,11,6,13,34,17,,6,21,17,20,6,28.0,38.6,18,13,41.0,67.1,108.6,104.3,242,179,3,6,1,0,3.56,2.82,2.74,A,0,3
661,2020-21,2021-03-29,21,19:45,Gtech Community Stadium,13770,Thomas Bramall,Windy,nan,88,League,Brentford,Wolves,Thomas Frank,Gary O'Neil,3-4-3,4-3-2-1,attack,defense,average,good,2,0,2,0,41;84,none,14,8,2,5,14.3,62.5,2.33,0.1,-0.33,-0.1,52.1,47.9,380,334,,76.5,48,50,3,7,1,0,16,6,0,0,0,0,0,0,11,11,3,2,0,0,1,4,5,0,0,2,18,15,19,14,31,20,4,9,22,8,21,16,25.4,33.5,6,13,48.6,70.1,108.6,107.6,241,262,0,3,0,0,2.14,nan,3.0,H,3,0
1924,2023-24,2023-09-10,18,14:05,City Ground,25489,Paul Tierney,Clear,6.4,89,Relegation 6-pointer,Nottm Forest,Chelsea,Nuno Espirito Santo,Mauricio Pochettino,5-4-1,4-3-3,defense,balanced,average,average,1,0,2,1,,64,13,10,10,6,76.9,60.0,2.78,1.37,-0.78,-0.37,44.9,55.1,584,363,82.0,85.1,72,62,11,8,1,1,9,7,1,0,1,,1,0,14,9,,1,0,0,1,0,5,8,1,,27,14,5,12,30,8,12,8,19,-22,5,19,,34.9,20,14,40.3,44.5,111.7,103.8,246,205,4,7,0,0,2.94,-,2.14,H,3,0
220,2019-20,2020-01-13,34,20:00,Stamford Bridge,31015,Michael Oliver,Sunny,9.8,53,Top 4 battle,Chelsea,Sheffield United,Mauricio Pochettino,Chris Wilder,4-3-3,4-3-3,balanced,,good,average,0,0,2,0,51;74,none,13,10,9,,69.2,10.0,1.73,0.22,0.27,-0.22,58.9,41.1,428,251,81.7,73.8,38,26,6,1,0,0,16,6,0,0,0,0,0,,17,7,1,4,0,0,3,2,1,7,0,2,11,14,12,10,13,,12,8,5,9,11,15,,27.0,13,18,61.0,61.6,98.5,104.1,153,146,0,3,0,0,2.03,5.05,3.22,H,3,0
1263,2022-23,2022-10-27,10,19:45,Old Trafford,59214,Simon Hooper,Sunny,23.0,87,Top 4 battle,Manchester United,Chelsea,Erik ten Hag,Mauricio Pochettino,4-3-3,4-3-2-1,BALANCED,balanced,bad,bad,0,0,1,0,51,none,16,10,7,3,43.8,30.0,0.9,0.28,0.1,-0.28,41.8,-,367,597,87.1,83.5,32,55,nan,7,1,0,12,5,0,0,1,0,0,0,17,12,,1,0,0,2,0,3,6,0,1,21,26,12,17,15,15,11,2,14,19,14,15,27.0,24.9,6,7,46.4,,105.6,106.8,229,228,?,2,2,1,2.6,4.2,2.65,H,3,0
1362,2022-23,2023-01-08,30,16:30,St. James' Park,40979,Thomas Bramall,Rainy,14.1,45,Derby,Newcastle,Fulham,Eddie Howe,Marco Silva,,5-4-1,defense,balanced,good,good,2,1,2,,54;70,49;63;78,14,10,4,1,28.6,10.0,2.02,,-0.02,-0.83,48.0,52.0,394,568,84.4,85.3,40,67,4,6,1,0,9,9,0,1,0,2,0,2,9,,1,1,0,0,2,3,0,2,3,2,29,16,10,,32,21,2,5,6,17,24,10,42.5,44.0,19,13,71.2,,109.1,110.3,193,215,1,4,0,0,2.21,4.15,3.27,A,0,3
1990,2019-20,2020-05-10,14,19:45,Kenilworth Road,9032,Thomas Bramall,Windy,10.6,47,Relegation 6-pointer,Luton Town,Arsenal,Rob Edwards,Mikel Arteta,5-4-1,4-2-3-1,defense,attack,good,bad,0,2,1,2,23,2;65,11,8,-1,7,36.4,87.5,0.75,1.74,0.25,0.26,36.9,63.1,486,329,72.8,85.4,35,20,6,5,1,0,6,16,0,0,0,0,0,0,8,20,2,2,,0,0,1,,3,2,1,16,16,6,12,31,21,,8,9,15,9,18,,38.5,9,17,72.3,59.4,109.2,109.3,253,261,1,6,0,0,3.36,3.17,2.58,A,0,3
1415,2022-23,2023-02-12,33,20:00,Bramall Lane,27534,David Coote,Foggy,9.2,87,League,Sheffield United,Aston Villa,Chris Wilder,Unai Emery,5-4-1,5-4-1,defense,attack,bad,bad,1,2,1,2,84,13;37,15,6,,4,46.7,66.7,0.69,,0.31,-0.16,36.0%,64.0,,N/A,76.3,86.1,39,50,2,5,0,2,10,6,0,0,0,0,0,0,9,8,1,2,0,0,5,2,2,N/A,2,1,20,21,15,13,39,34,12,5,17,14,12,12,43.4,17.9,8,10,59.0,,100.5,107.5x,222,203,3,4,1,1,3.36,4.26,2.14,A,0,3
1153,2022-23,2022-08-11,20,17:30,Kenilworth Road,10339,John Brooks,Rainy,0.2,41,League,Luton Town,Wolves,,Gary O'Neil,4-2-3-1,3-5-2,defense,defense,average,average,1,1,1,1,42,,16,7,3,3,18.8,42.9,1.42,1.13,-0.42,-0.13,42.5,57.5,346,492,75.2,81.1,46,19,10,3,0,1,12,5,0,0,0,0,0,0,8,14,2,3,0,0,4,1,2,2,1,1,22,23,20,16,nan,21,11,10,20,21,14,5,21.8,28.0,14,14,51.4,64.6,nan,109.8,-191,246,3,3,1,0,3.0,3.77,,D,1,1
1885,2023-24,2024-04-28,11,16:30,Gtech Community Stadium,14693,Anthony Taylor,Sunny,15.5,83,Top 4 battle,Brentford,Manchester United,Thomas Frank,Erik ten Hag,4-2-3-1,3-5-2,attack,balanced,good,average,1,1,4,2,8;44;48+3;83,25;85,14,,7,8,50.0,##,5.05,2.61,-1.05,null,N/A,51.7,495,619,77.2,83.3,40,59,7,7,1,2,12,8,0,1,1,0,1,0,13,13,3,0,0,0,5,2,6,3,2,4,18,27,18,16,13,19,10,8,6,6,20,21,26.9,22.0,5,5,71.4,,106.7,109.0,294,221,2,4,1,0,3.32,2.77,2.96,H,3,0
138,2019-20,2019-11-11,11,12:30,Villa Park,36399,Paul Tierney,Foggy,13.0,72,League,Aston Villa,Nottm Forest,Unai Emery,Nuno Espirito Santo,3-5-2,4-4-2,attack,defense,good,average,0,2,2,2,64;72,34;39,9,6,6,2,66.7,33.3,2.02,2.14,,-0.14,52.3,47.7,582,,86.0,79.8,61,44,3,3,0,0,8,11,0,0,0,0,0,0,18,9,4,N/A,0,0,4,3,,4,2,2.0,30,28,,9,37,35,8,8,18,8,24,13,15.1,33.9,7,6,52.6,?,106.9,103.9,288,253,2,2,0,0,2.53,3.16,3.47,D,1,1
611,2020-21,2021-02-25,24,16:30,Goodison Park,36229,David Coote,Cloudy,12.3,50,League,Everton,Bournemouth,Sean Dyche,Andoni Iraola,4-4-2,4-1-4-1,defense,attack,bad,average,1,2,2,-2,39;54,58;76,17,14,4,4,23.5,28.6,1.93,,0.07,-0.35,56.4,43.6,499,566,81.2,74.1,70,42,2,4,2,1,18,15,0,0,0,0,0,0,19,16,1,2,0,0,0,3,2,2,N/A,,,19,18,18,19,25,9,3,19,8,20,19,32.6,,12,11,68.3,48.7,109.6,106.5,211,181,2,2,2,0,2.75,4.15,2.53,D,1,1
732,2020-21,2021-05-20,6,14:05,Craven Cottage,21332,Jarred Gillett,Cloudy,12.4,93,League,Fulham,Manchester United,,Erik ten Hag,3-5-2,5-4-1,balanced,balanced,average,average,0,0,1,2,63,61;78+3,11,9,6,,54.5,22.2,1.31,2.21,-0.31,-0.21,53.0,47.0,346,575,,84.8,70,60,5,3,1,2,8,16,1,0,0,0,0,0,20,8,2,2,0,0,2,1,0,5,2,1,17,21,9,15,20,nan,11,2,25,20,19,5,42.8,41.3,19,11,47.1,49.5,103.3,106.7,272,271,2,1,1,0,2.39,7.28,2.25,A,,3
595,2020-21,2021-02-10,23,15:00,Anfield,48837,David Coote,Windy,14.2,40,Title race,Liverpool,Sheffield United,Jurgen Klopp,Chris Wilder,4-3-3,4-4-2,attack,defense,good,good,,0,3,1,47;82;83+1,35,16,16,10,4,62.5,25.0,2.95,0.95,0.05,0.05,75.6,24.4,552,602,90.6,76.2,27,60,,7,0,0,,5,1,0,1,1,1,1,20,9,0,2,0,0,1,5,3,7,1,3,16,21,10,15,35,24,3,10,5,6,12,11,35.5,24.0,19,13,71.3,43.0,109.7,111.1,299,143,1,-2,1,0,2.06,4.81,3.26,H,3,0
602,2020-21,2021-02-13,38,15:00,Craven Cottage,,Paul Tierney,Light Rain,7.0,56,Relegation 6-pointer,Fulham,Aston Villa,Marco Silva,Unai Emery,4-2-3-1,,balanced,attack,good,average,0,0,3,2,49;50;80,4;46,14,17,9,2,64.3,11.8,2.93,1.68,,,53.1,46.9,627,321,84.3,84.3,71,48,8,6,1,2,16,17,0,0,0,0,0,0,13,18,2,0,0,0,0,2,0,6,2,3,30,23,10,8,15,21,6,10,8,20,23,17,32.7,29.0,12,16,65.9,54.4,103.8,113.4,278,209,3,4,0,0,2.36,5.08,2.63,H,3,0
1551,2023-24,2023-09-01,27,19:45,Goodison Park,33191,John Brooks,Clear,5.2,89,League,Everton,Arsenal,Sean Dyche,Mikel Arteta,4-3-3,,defense,attack,bad,good,0,4,2,4,6;54,32;47;84;89,20,16,4,8,20.0,50.0,2.45,,-0.45,-0.41,32.5,67.5,388,406,80.3,86.4,,60,6,9,0,2,6,7,0,0,2,0,2,0,6,12,1,1,0,0,1,3,4,2,4,2,,23,16,12,12,14,6,8,9,17,14,16,36.8,18.7,10,17,65.1,71.1,105.3,,205,237,3,1,1,0,3.59,##,null,A,0,3
1613,2023-24,2023-10-18,11,19:45,Etihad Stadium,53370,Jarred Gillett,Light Rain,15.6,66,League,Manchester City,Newcastle,Pep Guardiola,Eddie Howe,3-5-2,4-4-2,balanced,defense,good,average,1,0,3,1,14;30;90,51+5,8,9,4,5,50.0,55.6,3.96,1.36,-0.96,-0.36,62.4,37.6%,411,632,86.9,85.2,54,46,4,5,0,1,8,11,0,0,1,0,1,0,11,15,4,,0,0,6,5,4,1,1,3,18,22,19,18,38,11,10,10,20,16,16,4,42.0,44.2,11,12,45.1,43.6,108.1,110.0,211,209,2,3,2,1,2.27,4.97,2.8,H,3,0
1757,2023-24,2024-01-24,27,20:00,Kenilworth Road,9222,Paul Tierney,Sunny,null,66,Relegation 6-pointer,Luton Town,Crystal Palace,Rob Edwards,Oliver Glasner,4_3_3,5-4-1,defense,defense,bad,good,3,1,3,?,50+3;52;66,55,8,12,7,3,87.5,25.0,4.15,0.87,-1.15,0.13,37.3,62.7,533,468,72.8,80.0,57,56,9,8,2,1,13,12,1,0,0,0,0,0,15,11,1,1,0,0,1,0,2,4,1,3,20,23,16,10,14,19,4,2,24,19,16,4,37.1,44.7,16,4,59.8,65.7,110.2,109.6,267,165,2,4,2,,2.5,4.33,2.71,H,3,0
1726,2023-24,2024-01-03,36,16:30,Vitality Stadium,9323,Paul Tierney,Windy,14.6,60,League,Bournemouth,Everton,Andoni Iraola,Sean Dyche,4-3-3,4-3-3,attack,defense,good,,0,0,0,1,none,41,14,12,4,2,28.6,16.7,0.1,1.21,-0.1,-0.21,53.0,47.0,,327,74.3,76.5,,57,2,3,0,,,16,0,?,0,?,0,0,15,18,4,3,0,0,3,3,1,4,1,0,,23,14,11,23,22,12,6,17,17,,15,,24.0,,17,74.0,52.9,110.9,108.7,250,195,N/A,4,2,0,2.39,4.14,2.94,A,0,3
877,2021-22,2021-11-03,34,15:00,Molineux Stadium,29584,Jarred Gillett,Windy,9.3,57,League,Wolves,Fulham,Gary O'Neil,Marco Silva,3-4-3,3-5-2,,balanced,average,good,1,0,2,2,33;62,59;89,15,-1,9,2,60.0,11.8,1.53,2.41,0.47,-0.41,50.7,49.3,424,498,83.2,77.8,21,52,2,9,1,0,7,10,0,0,1,0,1,0,6,17,4,?,0,0,0,0,0,7,2,2,24,20,9,10,18,33,9,9,7,6,14,8,31.3,17.0,7,15,62.0,41.8,111.7,101.9,256,186,3,3,1,0,2.45,3.84,3.02,D,1,1
1127,2021-22,2022-05-01,10,15:00,Stamford Bridge,38876,Stuart Attwell,Rainy,9.8,70,League,Chelsea,Sheffield United,,Chris Wilder,4-3-3,4-4-2,BALANCED,defense,bad,average,0,0,5,0,20;26;69+5;83;84,none,?,,3,7,,53.8,5.28,0.1,-0.28,-0.1,58.0,42.0,,287,82.6,76.0,66,37,3,3,0,,10,9,0,0,2,0,2,0,7,N/A,1,2,0,0,1,3,7,0,0,5,26,15,13,17,39,18,11,4,21,6,13,4,24.5,34.8,17,,,63.7,113.0,104.4,243,,3,3,1,0,2.01,4.03,3.93,H,3,0
1978,2021-22,2021-11-19,32,16:30,Emirates Stadium,57052,Stuart Attwell,Rainy,nan,41,Cup,Arsenal,Crystal Palace,,Oliver Glasner,4-3-2-1,4-1-4-1,,defense,good,average,1,0,2,0,27;80,none,19,11,10,8,52.6,72.7,1.66,0.3,0.34,-0.3,54.6,45.4,331,606,87.7,82.6,40,62,10,9,2,0,16,20,,0,0,0,0,0,14,15,3,2,1,0,4,3,,8,0,2,15,18,14,18,25,11,9,3,12,7,22,18,44.6,28.3,11,12,42.6,62.5,114.5,115.0,264,167,1,1,1,1,2.63,4.06,2.68,H,3,0
1233,2022-23,2022-10-10,5,20:00,London Stadium,56410,Paul Tierney,Light Rain,12.1,81,League,West Ham,Nottm Forest,David Moyes,Nuno Espirito Santo,3-5-2,4-3-3,defense,defense,good,average,0,?,2,,79;83,22+5,19,13,8,4,,30.8,1.53,0.92,,0.08,53.4,46.6,679,396,82.4,73.7,40,38,8,9,2,1,11,18,1,0,0,,0,0,20,19,2,1,0,1,3,5,3,6,1,2,25,24,8,5,15,29,3,10,8,8,10,15,-,30.4,7,15,59.3,53.4,102.4,102.1,190,230,3,5,0,0,2.31,nan,3.54,H,3,0
1074,2021-22,2022-03-21,28,15:00,Craven Cottage,23707,Simon Hooper,Cloudy,24.3,79,League,Fulham,Manchester City,Marco Silva,Pep Guardiola,3-4-3,3-4-3,balanced,balanced,bad,good,0,0.0,2,1,55;63,81,,16,5,6,35.7,37.5,1.49,0.96,0.51,0.04,34.7,65.3,499,262,82.4,87.1,21,66,11,6,2,0,18,13,0,0,0,0,0,0,19,19,2,1,0,0,1,1,5,3,1,2,21,12,13,17,nan,30,3,4,23,10,14,5,18.2,15.4,8,9,71.9,71.6,,104.3,277,194,3,2,2,1,##,3.16,2.68,H,3,0
449,2020-21,2020-10-28,32,19:45,St. James' Park,50168,Robert Jones,Light Rain,14.3,61,Relegation 6-pointer,Newcastle,Sheffield United,Eddie Howe,Chris Wilder,3-4-3,4-1-4-1,defense,defense,bad,good,3,0,5,N/A,10;15;16;38;63,none,9,17,4,7,44.4,41.2,3.83,0.1,1.17,-0.1,62.3,37.7,647,537,86.5,77.4,75,50,9,2,2,0,11,14,1,0,1,0,1,0,18,11,0,1,0,1,3,3,7,0,0,5,21,13,13,9,29,33,12,3,5,5,11,7,23.6,18.0,20,12,59.6,66.1,110.5,,266,197,1,3,0,0,2.19,4.96,2.93,H,3,0
951,2021-22,2021-12-29,21,19:45,Etihad Stadium,49378,Thomas Bramall,Foggy,20.8,61,Cup,Manchester City,Aston Villa,Pep Guardiola,Unai Emery,3-5-2,3-4-3,balanced,,bad,average,1,1,1,2,83,39;68,17,6,7,1,41.2,16.7,1.03,2.18,-0.03,##,56.1,43.9x,645,624,95.0,79.1,38,39,6,8,1,0,9,9,0,0,0,1,0,1,18,13,0,0,0,0,0,,0,6,2,1,27,22,5,9,nan,22,8,6,25,21,10,9,30.5,17.8,6,18,nan,61.8,108.9,103.2,,285,4,1,3,0,2.37,3.89,3.11,A,,3
1136,2021-22,2022-05-06,7,14:05,Craven Cottage,,Robert Jones,Light Rain,12.6,74,League,Fulham,Wolves,Marco Silva,Gary O'Neil,3-5-2,3-4-3,balanced,defense,good,Good,1,0,3,3,29;45;90,46;73;89,11,11,9,3,81.8,27.3,3.65,,-0.65,,55.7x,44.3,510,617,78.6,81.2,?,22,6,5,1,0,14,13,1,0,,0,0,0,17,15,1,3,0,,4,0,0,6,3,3,17,25,17,6,12,20,11,2,17,6,12,18,17.1,41.4,11,8,,47.9,103.0,105.9,187,181,3,3,0,0,2.93,3.77,2.54,D,1,1
1,2019-20,2019-08-10,12,19:45,Old Trafford,,Anthony Taylor,Windy,16.5,46,Derby,Manchester United,Burnley,Erik ten Hag,Vincent Kompany,4-1-4-1,3-4-3,,defense,average,good,0,1,5,1,6;11;17;24;87,34,17,nan,6,8,35.3,47.1,5.3,1.7,-0.3,-0.7,63.8,36.2,544,509,89.6,76.3,53,,6,9,0,1,10,18,0,0,0,?,0,0,7,9,2,3,0,0,5,,7,1,1,5,17,,17,12,15,?,8,10,10,12,17,14,27.6,25.7,7,15,52.8,50.8,102.0,108.6,248,224,2,3,1,0,2.06,3.36,4.58,H,3,
685,2020-21,2021-04-14,17,20:00,Goodison Park,37513,Andy Madley,Foggy,,65,League,Everton,Aston Villa,Sean Dyche,Unai Emery,3-5-2,5-4-1,defense,attack,,bad,0,0,,0,none,none,8,17,7,5,87.5,29.4,0.1,0.14,-0.1,-0.14,43.9,56.1,402,539,82.4,81.7,66,58,9,3,0,0,21,19,0,0,0,2,0,0,18,11,1,1,0,,2,0,5,7,0,0,?,19,14,6,17,27,10,5,6,8,22,12,31.5,40.4,15,4,50.2,43.9,109.3,105.4,269,247,2,2,1,,2.73,5.27,2.25,D,1,1
291,2019-20,2020-02-29,12,19:45,Emirates Stadium,54981,Stuart Attwell,Light Rain,9.1,75,Title race,Arsenal,Liverpool,Mikel Arteta,Jurgen Klopp,5-4-1,4-1-4-1,attack,attack,good,bad,1,0,2,1,60;69,63,18,?,?,2,22.2,22.2,2.75,1.02,-0.75,-0.02,54.4,45.6,445,331,88.2,88.4,22,69,6,N/A,0,0,7,11,0,0,0,0,0,0,16,8,0,4,0,0,3,3,1,2,1,2,10,16,20,5,34,9,9,9,23,17,7,12,44.5,27.9,16,10,72.3,,?,113.9,291,149,1,5,0,0,2.96,3.57,2.62,H,3,0
1337,2022-23,2022-12-23,33,19:45,Molineux Stadium,28044,Paul Tierney,Light Rain,19.3,43,League,Wolves,Aston Villa,Gary O'Neil,Unai Emery,4-3-3,,defense,,average,good,1,2,1,3,8,35;62;70,11,8,4,8,36.4,100.0,0.9,2.43,0.1,0.57,52.5,47.5,699,540,83.6,84.5,69,43,4,9,0,,17,15,0,0,0,0,0,0,15,14,3,3,0,0,2,2,5,3,3,1,23,27,17,11,13,,9,2,14,14,23,8,,18.3,18,8,74.0,58.6,105.7,108.0,179,262,2,1,0,0,2.85,3.13,3.04,A,0,3
924,2021-22,2021-12-03,28,14:05,Selhurst Park,24754,Thomas Bramall,Cloudy,4.3,91,Cup,Crystal Palace,Brighton,Oliver Glasner,Roberto De Zerbi,4-1-4-1,3-4-3,attack,balanced,average,avg,0,0,1,3,10,8;84;87,18,10,7,3,38.9,30.0,,2.93,nan,0.07,41.2,-,437,439,83.2,88.9,68,46,8,2,0,0,12,14,0,0,0,1,,0,10,13,0,0,0,1,0,4,0,,3,1,,28,10,14,23,13,4,4,7,15,24,14,39.0,,10,15,44.8,50.5,107.0,109.8,233,284,2,,2,0,2.76,3.69,2.73,A,0,3
940,2021-22,2021-12-19,15,16:30,London Stadium,54060,Andy Madley,Foggy,22.0,51,League,West Ham,Manchester United,David Moyes,Erik ten Hag,4-4-2,4-4-2,defense,balanced,bad,bad,1,0,4,0,3;12;47;73,none,10,14,3,?,30.0,50.0,4.46,0.1,-0.46,-0.1,44.2,55.8,602,496,-,88.2,?,44,2,N/A,1,0,9,9,2,0,1,0,1,0,18,8,2,2,0,0,3,5,7,0,0,4,28,20,6,17,36,38,4,5,12,17,5,18,40.8,,5,7,47.6,,99.9,110.6,282,239,N/A,1,1,0,3.09,3.03,2.89,H,3,0
53,2019-20,15/09/2019,15,12:30,Tottenham Hotspur Stadium,495075,Simon Hooper,Overcast,2.7,95,League,Tottenham,Brentford,Ange Postecoglou,Thomas Frank,4-2-3-1,4-2-3-1,attack,attack,average,avg,3,0,6,1,7+2;20+3;67;69;72+4;73,60,9,17,4,2,44.4,11.8,7.04,1.07,-1.04,-0.07,50.7,49.3,419,298,89.0,86.3,48,72,5,7,2,0,16,6,0,nan,2,0,2,0,15,17,2,1,0,0,5,5,1,?,1,6,30,,20,16,25,13,8,6,7,14,,16,36.4,42.4,,14,,65.9,?,113.4,275,253,2,3,2,1,2.01,4.19,3.79,H,3,0
100,2019-20,2019-10-16,38,16:30,Villa Park,39948,Jarred Gillett,Cloudy,17.5,57,League,Aston Villa,Manchester United,,Erik ten Hag,3-4-3,4-3-2-1,attack,,bad,average,0,1,2,1,55;85,67,13,17,9,6,69.2,35.3,2.02,,,-0.03,47.9,52.1,548,392,86.5,88.2,,22,10,1,0,0,22,12,0,0,0,0,0,0,10,15,1,2,1,0,0,2,5,7,1,2,21,21,10,11,14,22,?,9,20,5,20,13,20.3,36.7,12,18,43.3,49.5,113.5,103.5,179,237,0,2,0,0,2.46,6.14,2.32,H,3,0
1711,2023-24,2023-12-21,4,14:05,Gtech Community Stadium,14676,David Coote,Windy,17.1,76,Top 4 battle,Brentford,Bournemouth,Thomas Frank,Andoni Iraola,4-3-2-1,4-4-2,attack,attack,good,good,3,0,4,1,11+2;35;37;59,90,16,7,10,,62.5,42.9,4.37,0.68,-0.37,,48.7,51.3,640,417,82.4,83.1,41,23,11,7,0,1,17,10,0,0,1,0,1,0,9,15,2,1,0,0,5,3,2,6,1,4,12,10,18,12,31,27,10,4,16,10,17,22,32.4,,14,17,60.4,44.6,114.1,108.4,257,239,3,3,0,0,,3.51,3.47,H,3,
888,2021-22,2021-11-08,33,16:30,Old Trafford,64368,,Light Rain,9.4,59,League,Manchester United,Chelsea,Erik ten Hag,Mauricio Pochettino,4-3-2-1,3-5-2,balanced,balanced,good,good,1,0,3,2,11;61;81,15;89,15,15,9,7,60.0,46.7,2.38,2.24,0.62,-0.24,51.9,,486,285,83.8,87.6,66,20,9,7,1,0,10,-18,0,0,0,1,0,1,8,12,2,2,0,0,0,1,5,6,2,3,16,16,10,8,40,9,4,5,20,17,5,4,43.5,22.4,5,15,68.5,-,107.0,107.5,297,253,1,3,2,0,2.6,3.09,,H,3,0
289,2019-20,2020-03-01,18,20:00,Turf Moor,?,Robert Jones,Rainy,12.7,95,Top 4 battle,Burnley,Arsenal,Vincent Kompany,Mikel Arteta,4-3-3,5-4-1,defense,attack,average,bad,0,0,0,3,none,51;53;74+2,8,10,2,7,25.0,,0.1,3.63,-0.1,-0.63,28.2,71.8,424,259,76.5,,,57,8,3,0,1,8,15,,0,0,0,0,0,14,17,0,3,0,0,3,1,4,2,3,0,13,18,18,12,12,9,2,5,23,22,11,4,31.2,31.1,8,5,45.7,48.2,108.1,102.0,,198,1,5,0,0,2.66,7.16,2.07,A,0,3
862,2021-22,2021-10-22,3,14:05,Stamford Bridge,31920,Andy Madley,Rainy,14.6,40,League,Chelsea,Brighton,Mauricio Pochettino,Roberto De Zerbi,3-4-3,4-4-2,balanced,balanced,average,,0,1,1,2,18,24+5;51,9,,8,3,88.9,25.0,1.55,2.49,-0.55,-0.49,nan,50.8,536,260,86.8,80.1,66,58,5,3,1,1,14,15,0,1,0,0,0,0,12,11,2,1,0,0,5,1,1,7,2,,13,18,5,14,35,16,9,9,6,15,10,4,31.5,24.7,5,18,58.5,50.8,109.5,99.6,192,203,1,6,0,0,2.91,4.13,2.42,A,0,3
1318,2022-23,2022-12-06,8,20:00,Gtech Community Stadium,15568,John Brooks,Overcast,5.2,46,Derby,Brentford,Manchester City,Thomas Frank,Pep Guardiola,3-4-3,4-2-3-1,attack,,good,average,0,0,0,0,none,none,20,14,2,4,10.0,28.6,0.37,0.1,-0.37,-0.1,41.4,58.6,505,,81.9,95.5,52,59,4,4,0,0,6,19,0,0,0,0,0,0,9,14,2,0,0,0,3,,4,2.0,0,0,16,15,18,,,-12,8,4,11,16,5,5,34.8,23.1,16,14,60.0,41.4,109.9,111.1,236,268,1,4,2,0,2.69,5.86,2.19,D,1,1
1223,2022-23,2022-09-30,26,20:00,City Ground,23687,Andy Madley,Windy,8.0,47,League,Nottm Forest,Crystal Palace,Nuno Espirito Santo,Oliver Glasner,4-3-3,4-2-3-1,defense,defense,good,bad,0,0,2,0,25+3;30,none,14,17,10,3,71.4,17.6,1.61,0.26,0.39,-0.26,40.1,59.9,313,448,?,79.2,74,73,4,3,1,0,22,11,0,0,0,0,0,0,8,19,2,1,1,0,3,2,3,8,0,2,25,18,12,12,10,19,2,9,20,10,16,16,43.0,44.3,7,6,53.0,71.0,104.5,104.7,174,215,4,3,1,1,2.43,6.25,2.33,H,,0
257,2019-20,2020-02-09,36,12:30,Stamford Bridge,32372,Chris Kavanagh,Overcast,14.0,78,Top 4 battle,Chelsea,Brentford,Mauricio Pochettino,Thomas Frank,5-4-1,3-5-2,BALANCED,attack,bad,average,1,0,1,1,81,38,14,8,2,2,,25.0,1.41,0.9,,0.1,59.7,40.3,640,529,89.5,,52,20,6,2,1,1,14,17,0,1,0,0,0,0,20,16,2,3,,0,5,1,1,1,1,1,25,14,12,16,32,,11,2,24,nan,25,8,22.0,22.6,,13,66.3,53.3,106.6,103.9,182,175,2,2,1,0,2.16,3.93,3.53,D,1,1
517,2020-21,2020-12-19,8,17:30,Amex Stadium,28575,Chris Kavanagh,Foggy,4.0,64,Title race,Brighton,Sheffield United,Roberto De Zerbi,Chris Wilder,4-2-3-1,4-4-2,balanced,defense,bad,good,2,1,3,2,nan,47+2;90,13,12,,6,38.5,50.0,3.36,1.38,,0.62,71.1,28.9,431,454,85.5,70.9,41,52,9,4,2,1,9,6,0,1,0,2,0,,9,19,3,2,0,0,6,5,4,2,2,3,12,22,10,16,25,35,,6,7,21,15,9,28.8,19.6,11,N/A,54.7,67.6,113.7,112.4,184,192,2,,1,1,1.89,3.91,4.67,H,3,0
986,2021-22,2022-01-21,6,15:00,Villa Park,35637,Jarred Gillett,Clear,8.3,69,League,Aston Villa,Crystal Palace,Unai Emery,Oliver Glasner,,4-3-3,attack,defense,good,good,1,0,2,0,26;73+2,none,18,7,3,4,16.7,57.1,2.29,nan,-0.29,nan,48.0,52.0,486,636,79.6,,76,,10,6,,0,13,14,0,0,0,1,0,0,10,16,2,1,0,0,1,5,4,1,0,2,19,16,12,17,19,23,6,4,13,12,13,7,22.3,36.6,,8,64.0,40.8,107.3,111.9,218,247,,3,1,0,2.25,3.73,3.48,H,3,0
1449,2022-23,2023-03-13,8,19:45,Turf Moor,19908,Simon Hooper,Overcast,13.4,86,League,Burnley,Wolves,Vincent Kompany,Gary O'Neil,4-4-2,4-3-3,defense,defense,average,bad,1,0,1,0,10,none,9,16,5,6,55.6,37.5,1.02,0.1,-0.02,-0.1,41.1,58.9,340,493,77.6,82.4,41,53,8,8,1,0,9,8,0,0,0,1,0,0,11,14,2,2,0,N/A,1,2,6,4,0,1,16,23,13,16,12,11,9,7,17,8,11,20,25.3,42.1,5,8,40.4,47.3,109.0,105.0,198,255,4,-2,N/A,0,2.56,4.7,2.52,H,3,0
794,2021-22,2021-09-07,18,20:00,Vitality Stadium,10537,Anthony Taylor,Rainy,7.8,79,Title race,Bournemouth,Crystal Palace,Andoni Iraola,Oliver Glasner,4_3_2_1,3-5-2,attack,defense,good,average,2,1,3,3,1;8;36,47;74;81,18,16,10,2,55.6,,2.68,3.46,0.32,-0.46,46.9,,499,585,N/A,85.3,26,35,10,5,0,1,17,12,0,0,0,1,N/A,1,12,18,1,3,0,0,0,nan,0,7,3,3,20,27,12,10,12,14,3,4,14,6,15,20,36.3,30.1,17,14,72.5,44.3,101.5,100.1,194,218,3,1,N/A,0,3.2,3.53,2.47,D,1,1
1296,2022-23,2022-11-26,28,14:05,Villa Park,36534,David Coote,Light Rain,14.7,42,Derby,Aston Villa,Nottm Forest,Unai Emery,Nuno Espirito Santo,4-2-3-1,4-2-3-1,attack,defense,average,average,0,2,3,,21+1;27;40,1;48,8,6,3,2,37.5,33.3,3.54,2.16,,-0.16,50.1,49.9,407,,80.5,82.3,45,51,10,9,1,1,9,13,0,0,0,0,0,0,17,16,2,2,0,0,0,3,0,0,2,3,19,N/A,10,6,24,15,11,5,9,22,12,9,44.5,39.8,15,4,57.6,63.1,108.4,115.3,293,203,2,5,1,0,nan,3.49,3.03,H,3,0
1639,2023-24,2023-10-31,29,19:45,London Stadium,48244,Jarred Gillett,Cloudy,,62,Title race,West Ham,Fulham,David Moyes,Marco Silva,4-3-3,4-1-4-1,defense,balanced,good,good,3,0,3,2,?,15;75,10,9,10,7,100.0,77.8,2.4,2.26,,-0.26,55.5,44.5,699,461,80.8,78.6,27,45,7,2,0,0,12,8,0,0,0,0,0,0,10,8,2,1,0,0,0,0,5,7,2,3,,27,7,13,29,29,10,5,15,9,12,20,27.3,29.9,15,,74.9,63.3,110.3,108.9,285,221,5,6,1,1,-,5.05,2.64,H,3,0
136,2019-20,2019-11-13,27,14:05,Goodison Park,34933,Chris Kavanagh,Sunny,3.5,,Top 4 battle,Everton,Wolves,Sean Dyche,Gary O'Neil,3-5-2,4-2-3-1,defense,defense,average,AVERAGE,1,0,3,0,11;25;27,none,15,14,10,1,66.7,7.1,2.16,0.17,0.84,-0.17,52.4,47.6,569,357,,75.6,57,71,3,2,2,0,18,7,0,,1,1,1,0,15,7,3,2,1,0,2,3,1,7,0,3,22,12,14,,28,25,5,8,9,17,,20,32.7,29.9,9,7,45.2,63.9,111.4,103.3,233,280,4,2,1,1,3.03,3.16,2.82,H,3,0
1066,2021-22,2022-03-16,26,20:00,Goodison Park,30182,Michael Oliver,Sunny,25.4,71,Title race,Everton,Luton Town,Sean Dyche,Rob Edwards,4-1-4-1,3-5-2,defense,defense,bad,average,3,0,4,N/A,18;44;45;77,43;63,13,7,,6,53.8,85.7,3.65,2.46,0.35,-0.46,49.0,51.0,642,475,77.8,79.5,20,28,6,3,1,1,6,18,0,0,1,1,1,1,13,nan,1,3,0,0,,1,4,3,2,?,14,25,7,15,27,12,8,4,15,,13,17,36.8,22.9,11,15,48.0,51.1,,96.7,272,246,0,7,1,1,1.96,4.97,3.48,H,3,0
955,2021-22,2021-12-29,2,15:00,Amex Stadium,26542,Chris Kavanagh,Sunny,12.5,78,Top 4 battle,Brighton,Crystal Palace,Roberto De Zerbi,Oliver Glasner,,3-4-3,balanced,defense,average,good,0,0,1,0,57+2,none,12,13,2,6,16.7,46.2,1.28x,0.47,-0.28,,51.0,49.0,664,415,83.7,84.9,27,44,5,8,0,0,22,5,0,0,0,0,0,0,11,11,0,0,0,0,3,1,6,1,0,1,23,18,19,11,25,38,7,9,15,21,8,17,21.3,39.9,,7,49.0,57.6,110.4,102.1,282,255,2,1,0,0,2.51,4.77,2.55,H,3,0
922,2021-22,2021-12-03,7,20:00,Turf Moor,16597,Thomas Bramall,,,49,League,Burnley,Crystal Palace,Vincent Kompany,Oliver Glasner,3-4-3,5-4-1,defense,defense,average,average,0,0,0,1,none,42,13,14,6,8,46.2,57.1,0.1,1.27,-0.1,-0.27,38.9,61.1,435,N/A,77.2,85.1,64,46,7,1,0,1,12,14,0,0,0,0,0,0,20,16,1,2,0,0,2,2,7,6,1,0,26,17,5,9,15,,8,3,18,18,15,17,36.4,42.2,7,13,65.1,53.2,103.1,102.4,271,N/A,4,4,1,1,2.84,4.34,2.4,A,0,3
686,2020-21,2021-04-16,33,17:30,Villa Park,40601,Anthony Taylor,Overcast,11.2,55,Relegation 6-pointer,Aston Villa,Brentford,Unai Emery,Thomas Frank,4-4-2,4-3-3,attack,,good,good,3,1,3,1,13;30;37,88,14,9,8,2,57.1,22.2,2.64,1.7,0.36,-0.7,50.9,49.1,665,435,86.1,86.5,78,39,10,2,2,1,14,9,0,0,0,0,0,0,11,8,-2,3,0,0,2,1,1,5,1,3,27,16,10,15,21,24,9,2,23,10,25,17,42.2,38.6,10,5,62.4,-,115.3,105.3,180,N/A,2,3,1,1,2.36,3.35,3.6,H,3,0
81,2019-20,2019-10-03,6,20:00,Goodison Park,34592,Simon Hooper,Foggy,5.9,81,League,Everton,Tottenham,Sean Dyche,Ange Postecoglou,4-4-2,3-4-3,defense,attack,bad,bad,1,0,3,3,33+1;72;84,13;15;36,14,17,6,3,42.9,17.6,3.13,2.66,-0.13,0.34,41.4,58.6,477,418,79.5,89.4,nan,42,4,4,1,2,19,19,0,0,1,0,1,0,,15,3,0,0,0,4,5,0,3,3,3,20,26,19,16,31,28,11,,22,21,15,20,33.3,32.5,19,17,56.1,47.6,109.6x,106.8,272,,0,2,0,0,3.53,3.16,2.5,D,1,
366,2019-20,2020-04-27,14,17:30,Anfield,51994,Robert Jones,Light Rain,N/A,56,League,Liverpool,Brighton,Jurgen Klopp,Roberto De Zerbi,4-2-3-1,4-1-4-1,attack,balanced,,average,2,0,5,0,nan,none,,11,10,3,90.9,27.3,4.61,nan,,-0.1,56.0,44.0,462,268,92.8,84.2,45,52,3,1,0,0,18,12,0,0,2,0,1,0,18,18,2,1,1,,3,5,3,5,0,5,24,10,9,11,22,28,7,9,14,7,18,4,16.1,31.7,nan,15,58.5,46.5,,109.4,?,176,1,6,1,0,2.18,3.72,3.68,H,3,0
544,2020-21,2021-01-06,26,14:05,Old Trafford,74106,Jarred Gillett,Sunny,16.5,90,League,Manchester United,Crystal Palace,Erik ten Hag,Oliver Glasner,5-4-1,4-2-3-1,balanced,defense,good,bad,1,0,3,1,65+3;70;71+5,52,18,9,3,2,nan,22.2,3.34,0.97,-0.34,0.03,,46.5,375,487,80.4,76.9,73,49,5,3,2,0,10,11,0,0,0,1,0,1,20,6,0,3,,,0,2,1,0,1,3,,10,9,17,20,16,4,nan,24,9,18.0,13,16.3,28.7,18,10,46.1,62.8,?,106.9,289,187,3,6,2,1,2.07,5.48,2.99,H,3,0
1345,2022-23,2022-12-25,32,17:30,Villa Park,40247,Michael Oliver,Windy,12.2,75,League,Aston Villa,West Ham,Unai Emery,David Moyes,4-1-4-1,3-4-3,attack,defense,bad,bad,,0,3,2,39;45;89,22;63,20,17,8,-4,40.0,23.5,2.41,1.56,0.59,0.44,51.1,48.9,365,589,85.7,85.0,48,65,8,1,2,1,17,-16,0,0,0,0,0,0,7,17,1,3,0,0,0,4,2,5,2,3,17,24,18,5,29,33,6,8,14,17,11,18,44.7,38.8,19,9,58.2,45.8,111.1,109.3,197,216,2,3,1,0,2.48,4.8,2.57,H,3,0
78,2019-20,2019-09-29,19,17:30,Anfield,49611,Jarred Gillett,Light Rain,,46,League,Liverpool,Everton,Jurgen Klopp,Sean Dyche,4-1-4-1,4-3-3,attack,defense,average,average,0,0,2,0,19;75,none,12,-1,N/A,3,N/A,25.0,1.94,0.1,0.06,-0.1,61.5,38.5,678,325,88.8,82.2,35,53,2,1,0,0,13,17,0,nan,0,0,0,0,19,13,1,3,0,0,3,0,3,0,0,2,13,18,13,14,30,,4,5,24,9,25,15,17.6,40.9,9,13,47.6,50.3,106.9,101.2,173,258,0,3,0,0,1.94,4.05,4.18,H,3,0
999,2021-22,2022-02-01,35,12:30,Anfield,50801,John Brooks,Overcast,2.0,56,Derby,Liverpool,Manchester United,Jurgen Klopp,Erik ten Hag,4-3-2-1,3-5-2,attack,balanced,bad,bad,0,0,3,1,25;34;42,24,8,15,3,7,37.5,46.7,4.05,0.86,-1.05,N/A,50.1,49.9,345,519,88.3,87.5,59,48,8,9,1,1,9,15,,0,0,0,0,0,12,18,2,3,0,0,4,2,6,0,1,3,29,16,19,12,18,22,5,7,5,5,6,6,20.1,21.3,7,17,67.4,56.2,108.1,108.3,150,158,0,4,0,0,2.89,3.95,2.5,H,3,0
995,2021-22,2022-01-23,6,17:30,Tottenham Hotspur Stadium,53991,Anthony Taylor,Clear,5.1,69,League,Tottenham,Liverpool,Ange Postecoglou,Jurgen Klopp,3-4-3,4-1-4-1,attack,attack,bad,good,1,1,1,1,29,61,18,12,9,7,50.0,58.3,1.65,1.16,-0.65,-0.16,45.3,54.7,341,552,86.6,86.9,44,32,10,5,0,1,14,5,0,0,0,0,0,0,6,17,2,0,1,1,4,4,6,8,1,1,19,14,19,8,22,17,2,8,15,6,16,13,20.1,18.8,17,5,54.4,,,107.2,185,250,4,6,2,2,2.59,5.54,2.3,D,1,1
761,2021-22,2021-08-14,16,17:30,Stamford Bridge,32235,Michael Oliver,Overcast,8.2,N/A,Relegation 6-pointer,Chelsea,Luton Town,Mauricio Pochettino,Rob Edwards,4-2-3-1,4-2-3-1,balanced,defense,avg,bad,2,0,2,0,26;28+5,none,11,13,-8,,72.7,15.4,1.68,0.1,0.32,-0.1,70.4,29.6,308,581,84.9,75.0,41,61,4,9,0,0,22,9,0,0,0,0,0,0,7,6,?,1,0,0,,0,2,6,0,2,30,22,10,14,12,16,6,5,15,11,24,16,44.0,17.0,13,,69.6,60.7,105.2,102.7,298,199,2,2,0,0,2.15,,4.14,H,3,0
531,2020-21,2020-12-27,23,15:00,St. James' Park,50253,Robert Jones,Windy,5.5,57,Title race,Newcastle,Tottenham,Eddie Howe,Ange Postecoglou,5-4-1,4-4-2,DEFENSE,attack,,AVERAGE,2,1,2,1,21;86,24,16,7,3,4,18.8,57.1,1.49,0.83,0.51,0.17,45.0,55.0,471,265,##,90.2,30,27,3,6,2,1,7,12,1,1,0,0,0,0,14,12,3,0,0,0,3,1,3,1,1,2,25,12,8,11,29,31,12,,15,7,,21,36.6,34.9,6,7,71.1,70.7,110.2,101.8,296,248,2,3,1,1,2.59,5.06,2.4,H,3,0
1339,2022-23,2022-12-21,6,16:30,Old Trafford,69117,John Brooks,Overcast,9.9,73,League,Manchester United,Tottenham,Erik ten Hag,Ange Postecoglou,4-3-3,4-4-2,balanced,attack,good,average,1,,2,2,87;89,37+4;55,10,10,3,-2,30.0,50.0,1.47,2.12,0.53,,55.5,44.5,579,515,89.7,84.1,57,32,10,9,0,2,15,N/A,0,1,0,1,0,0,6,15,2,,0,0,6,0,3,1,2,2,21,27,10,15,37,16,11,5,24,17,22,8,21.6,19.7,nan,15,56.6,nan,107.1,114.6,223,271,,5,1,1,,3.16,2.76,D,1,1
1374,2022-23,2023-01-16,9,14:05,Bramall Lane,25684,Michael Oliver,Cloudy,-1.3,67,League,Sheffield United,Newcastle,Chris Wilder,Eddie Howe,3-5-2,4-2-3-1,defense,defense,good,average,0,3,1,3,##,3;43;49,13,12,10,3,76.9,25.0,0.9,2.6,0.1,0.4,nan,64.1,682,470,70.4,83.9,22,67,9,8,0,1,18,15,1,0,0,0,0,0,16,19,3,2,0,0,2,4,0,9,3,1,25,25,12,5,10,15,7,6,24,9,25,21,27.1,34.0,8,15,48.0,66.6,104.8,102.7,269,263,1,4,,0,3.86,2.69,2.71,A,0,3
2001,2023-24,2023-12-12,38,15:00,Stamford Bridge,40288,Simon Hooper,Rainy,19.1,60,Cup,Chelsea,Sheffield United,Mauricio Pochettino,Chris Wilder,4-3-3,5-4-1,balanced,defense,good,bad,0,0,3,0,42+2;65+5;88,,19,12,5,4,26.3,33.3,2.8,0.1,0.2,-0.1,59.0,41.0,535,400,89.0,72.7,75,19,5,7,0,0,15,9,0,0,0,0,0,0,10,15,,2,0,0,0,3,4,2,0,3,17,25,18,N/A,33,12,6,10,8,13,5,8,17.8,39.0,15,17,58.4,58.8,112.8,null,171,273,0,6,3,0,2.19,3.83,3.54x,H,3,0
1980,2019-20,2019-10-04,15,12:30,Anfield,58063,Stuart Attwell,Cloudy,6.7,45,Cup,Liverpool,Manchester United,Jurgen Klopp,Erik ten Hag,4-1-4-1,5-4-1,attack,balanced,bad,bad,1,0,3,0,4;65;79,none,11,14,3,6,27.3,42.9,3.66,0.47,,-0.47,57.9,42.1,574,373,86.0,89.1,52,27,2,6,2,0,,15,0,0,0,0,0,0,10,20,2,3,0,0,4,,6,0,0,3,17,23,7,,21,35,7,7,12,13,11,16,39.9,27.2,8,9,56.5,72.0,107.4,109.5,155,161,0,2,2,0,2.61,3.34,3.15,H,3,0
470,2020-21,2020-11-13,31,16:30,London Stadium,52433,Andy Madley,Rainy,16.9,?,League,West Ham,Fulham,David Moyes,Marco Silva,3-4-3,4-1-4-1,DEFENSE,balanced,bad,good,1,0,2,0,47;64+3,none,13,15,5,2,38.5,13.3,2.4,0.38,-0.4,-0.38,48.6,51.4,502,294,85.6,85.8,29,21,2,7,0,0,15,8,0,0,1,N/A,1,0,18,11,4,2,0,0,4,1,2,3,,2,13,20,10,7,34,31,10,3,15,5,23,10,26.3,26.4,11,4,71.5,62.2,105.4,105.1,164,225,1,0,1,1,2.72,3.34,3.0,H,3,0
1525,2023-24,2023-08-15,20,17:30,Etihad Stadium,45580,John Brooks,Light Rain,15.0,64,League,Manchester City,Sheffield United,Pep Guardiola,Chris Wilder,4-2-3-1,4-2-3-1,balanced,defense,good,,0,0,4,0,27;40;55;77,none,19,9,8,6,42.1,66.7,5.38,0.1,-1.38,-0.1,64.3,35.7,353,540,95.5,74.4,,63,10,3,0,0,14,16,0,0,0,0,0,0,14,13,2,0,0,0,6,5,6,4,0,,19,10,8,7,26,12,4,4,15,15,13,20,29.1,40.7,11,14,52.5,,112.7,105.2,256,217,2,4,0,0,1.69,4.5,5.35,H,3,0
1002,2021-22,2022-02-01,7,12:30,Amex Stadium,30676,Robert Jones,Windy,27.0,79,Relegation 6-pointer,Brighton,Liverpool,Roberto De Zerbi,Jurgen Klopp,3-4-3,4-1-4-1,balanced,attack,bad,,0,0,0,2,none,15+2;84,16,8,7,5,43.8,62.5,0.22,,-0.22,0.22,41.1,58.9,625,538,82.2,84.5,79,25,11,1,0,1,16,8,0,0,0,1,0.0,1,16,20,2,2,0,0,5,4,3,7,2,0,24,22,6,6,39,28,2,2,19,17,19,9,38.6,38.1,11,12,70.0,53.0,108.8,104.8,248,221,0,3,0,0,3.3,3.46,2.45,A,0,3
1275,2022-23,2022-11-10,1,14:05,Kenilworth Road,8890,Anthony Taylor,Overcast,16.1,86,League,Luton Town,Everton,Rob Edwards,Sean Dyche,4-2-3-1,,defense,defense,good,bad,0,2,2,4,85;89,3+5;52;56;75,12,7,6,-3,50.0,71.4,1.52,3.97,0.48,0.03,40.3,59.7,566,293,-,78.5,40,60,6,8,0,2,21,19,?,1,1,2,1,2,18,8,1,1,0,0,3,4,1,4,4,2,29,16,19,12,,27,11,4,,10,9,20,,-,15,11,67.4,60.5,100.9,,212,153,,2,2,0,3.0,3.42,2.67,A,0,3
1013,2021-22,2022-02-08,10,16:30,Emirates Stadium,53387,John Brooks,Windy,8.8,59,Relegation 6-pointer,Arsenal,Chelsea,Mikel Arteta,Mauricio Pochettino,3-4-3,,attack,balanced,average,good,1,0,nan,0,39+5;39;71,none,15,9,6,6,40.0,66.7,3.91,0.19,-0.91,-0.19,52.6,47.4,651,352,90.7,80.6,?,58,3,4,0,0,21,8,0,0,2,0,1,0,19,7,1,1,0,0,2,3,6,3,0,3,26,24,5,13,10,25,9,7,9,15,20,20,24.9,17.2,10,5,70.7,66.4,113.3,110.5,255,188,3,7,1,1,2.94,3.35,2.77,H,3,0
910,2021-22,2021-11-26,1,17:30,Etihad Stadium,50960,John Brooks,,17.1,74,Cup,Manchester City,Bournemouth,Pep Guardiola,Andoni Iraola,5-4-1,3-5-2,balanced,attack,bad,good,1,,3,0,5;46;47+2,,11,11,4,1,36.4,9.1,2.13,0.1,0.87,-0.1,67.1,32.9,372,429,89.5,78.1,56,73,8,6,1,0,18,13,,0,0,0,0,0,19,11,3,4,0,1,0,3,1,1,0,3,26,11,12,16,17,13,2,5,22,6,8,14,26.2,31.8,,18,71.6,42.7,111.0,110.0,213,223,2,5,1,1,1.86,4.68,4.0,H,3,0
926,2021-22,2021-12-05,30,12:30,Kenilworth Road,8438,Robert Jones,Clear,9.3,50,League,Luton Town,Brentford,Rob Edwards,Thomas Frank,,3-4-3,defense,attack,average,Good,0,1,1,3,-,21+2;21;69,14,11,6,6,42.9,54.5,1.12,2.96,-0.12,0.04,,57.3,642,501,77.0,86.3,56,33,8,1,0,1,16,9,0,0,0,1,0,1,19,17,1,3,0,0,1,3,3,,3,1,14,12,5,9,27,26,10,4,6,22,21,18,24.7,26.2,12,5,43.4,44.0,105.3,105.5,171,268,0,7,3,1,2.99,3.11,2.91,A,0,3
1305,2022-23,2022-12-02,28,20:00,Bramall Lane,31092,Stuart Attwell,Rainy,20.3,58,League,Sheffield United,Fulham,Chris Wilder,Marco Silva,4-2-3-1,4-3-3,defense,balanced,average,average,2,0,2,3,61;78,18;37;47,13,6,9,2,69.2,33.3,2.3,2.01,null,0.99,38.6,61.4,600,455,77.8,77.4,38,52,7,4,1,0,9,14,2,0,0,N/A,,1,8,17,3,1,0,0,4,0,0,7,3,?,26,14,10,17,39,26,3,8,8,7,25,4,26.1,39.3,6,11,44.3,58.6,117.4,98.4,241,154,0,5,1,1,3.85,2.93,2.5,A,0,3
1538,2023-24,2023-08-22,37,12:30,Stamford Bridge,33540,Chris Kavanagh,Overcast,22.9,52,League,Chelsea,Fulham,Mauricio Pochettino,Marco Silva,4-1-4-1,3-5-2,balanced,balanced,average,average,3,2,3,2,20;72;78,4;67,12,8,4,3,33.3,37.5,3.55,2.21,-0.55,-0.21,58.2,41.8,636,320,86.4,84.2,75,40,2,2,0,1,8,11,2,0,0,0,0,0,20,18,4,0,0,0,1,5,1,1,2,3,15,14,6,7,38,21,12,5,13,13,18,6,41.6,30.7,8,,65.1,67.7,107.2,104.4,198,223,1,2,1,1,2.82,3.44,2.82,H,3,0
424,2020-21,2020-10-09,33,15:00,Gtech Community Stadium,14329,Jarred Gillett,Light Rain,1.1,80,Cup,Brentford,Burnley,Thomas Frank,Vincent Kompany,3-4-3,4-3-3,attack,defense,good,good,3,0,3,1,7;22;71,62,12,12,6,7,50.0,58.3,4.02,0.9,-1.02,0.1,60.2,39.8,355,454,81.1,77.0,27,37,7,1,1,0,18,7,0,0,0,1,0,1,14,17,1,3,0,0,2,3,6,3,1,,10,14,,12,34,17,11,4,7,12,19,17,,37.8,19,14,42.4,48.3,108.5,110.4,171,,5,2,2,0,2.48,3.23,3.48,H,3,0
976,2021-22,2022-01-11,5,14:05,Gtech Community Stadium,16473,John Brooks,Overcast,23.2,92,Cup,Brentford,Luton Town,Thomas Frank,Rob Edwards,4-3-2-1,3-4-3,attack,defense,bad,bad,3,1,3,1,20;71+5;73+5,27,12,15,4,1,33.3,,4.04,1.62,-1.04,-0.62,58.0,42.0,654,428,?,?,,32,7,3,0,0,14,9,0,0,0,0,0,0,7,17,,2,0,,2,0,0,1,1,3,11,21,18,12,23,9,12,8,6,5,6,6,39.2,26.1,13,16,71.8,68.4,109.7,111.4,207,276,1,4,,0,1.87,7.35,3.02,H,3,0
1913,2023-24,2023-11-03,13,19:45,Old Trafford,66125,Paul Tierney,Rainy,4.9,,Derby,Manchester United,Arsenal,Erik ten Hag,Mikel Arteta,4-4-2,3-5-2,balanced,attack,average,average,3,2,3,2,16;42+5;54,63;89,17,12,,2,52.9,16.7,2.99,2.07,0.01,-0.07,51.5,48.5,398,382,89.8,87.5,47,22,9,5,1,1,10,18,0,0,0,0,0,0,11,6,2,2,0,0,2,1,0,6,2,3,23,17,7,18,37,10,10,10,9,22,10,14,38.7,,18,6,48.7,65.5,106.8,113.7,202,271,4,-5,3,1,2.75,3.48,2.87,H,3,0
213,2019-20,2020-01-06,2,16:30,Kenilworth Road,9798,Thomas Bramall,Windy,19.9,79,League,Luton Town,Nottm Forest,Rob Edwards,Nuno Espirito Santo,4-2-3-1,4-2-3-1,defense,defense,bad,average,0,1,0,3,none,1;17;82,18,15,2,3,11.1,20.0,0.5,-,-0.5,0.81,,56.4,674,391,77.8,82.6,65,22,2,6,0,,20,19,0,0,1,0,0,0,,19,3,2,0,0,2,1,0,2,3,0,19,10,10,8,20,14,6,6,6,16,18,22,28.9,22.0,12,10,54.8,67.4,113.9,102.3,296,157,2,2,N/A,0,3.15,3.08,2.8,A,0,3
500,2020-21,2020-12-05,38,14:05,Bramall Lane,,David Coote,Foggy,14.3,42x,Top 4 battle,Sheffield United,Aston Villa,Chris Wilder,Unai Emery,4-4-2,4-3-3,def,attack,average,good,1,0,3,1,37;72;74,72,20,11,8,3,40.0,27.3,3.17,0.71,-0.17,0.29,40.0,60.0,416,284,77.2,85.2,47,?,8,9,1,0,11,19,?,0,2,0,2,0,14,15,2,2,0,0,0,5,2,5,1,3,10,13,7,9,19,26,4,3,13,11,25,19,25.4,21.6,18,17,57.3,56.4,104.9,110.2,?,247,2,4,0,0,3.8,?,2.05,H,3,0
1269,2022-23,2022-10-31,20,20:00,Emirates Stadium,49788,John Brooks,Overcast,21.7,66,League,Arsenal,Manchester City,Mikel Arteta,Pep Guardiola,4-2-3-1,4-1-4-1,,balanced,good,average,0,2,2,3,20;74,2;26+1;54+1,15,15,10,8,##,53.3,2.16,,-0.16,-0.08,46.3,53.7,549,642,84.9,87.9,36,70,7,7,2,nan,17,5,1,0,0,0,0,0,17,,1,1,0,0,4,2,5,8,3,2,nan,12,,7,37,9,8,9,19,15,14,5,36.6,17.8,9,9,57.8,46.5,105.9,104.0,186,288,,2,0,0,3.2,3.28,2.61,A,0,3
1624,2023-24,2023-10-24,33,12:30,Selhurst Park,21365,Robert Jones,Cloudy,8.9,46,Relegation 6-pointer,Crystal Palace,Wolves,Oliver Glasner,Gary O'Neil,4-2-3-1,4-1-4-1,defense,defense,average,average,0,1,1,2,,45;68,11,,9,8,81.8,,1.33,1.77,-0.33,0.23,47.7,52.3,523,642,76.9,78.0,26,19,6,2,0,2,22,12,0,0,1,0,1,0,15,15,0,4,,0,1,?,6,8,2,1,,17,11,8,31,12,10,4,10,11,22,21,32.6,31.6,16,18,47.3,54.6,103.7,105.7,194,259,4,4,1,0,3.02,2.73,3.31,A,0,3
662,2020-21,2021-04-01,4,20:00,Bramall Lane,30492,Stuart Attwell,Cloudy,21.3,47,Top 4 battle,Sheffield United,Nottm Forest,Chris Wilder,Nuno Espirito Santo,4-4-2,4-2-3-1,def,defense,average,good,1,1,3,1,27;67;75,89,19,7,6,2,31.6,28.6,3.75,0.7,-0.75,0.3,38.1,61.9,611,572,77.3,76.4,68,20,11,,0,1,15,17,0,1,1,0,0,0,14,19,3,3,0,0,3,0,1,3,1,3,20,25,9,18,36,35,5,10,11,12,15,17,26.8,30.6,20,8,50.8,66.0,109.1,94.0,253,163,1,2,2,0,3.63,2.9,2.63,H,3,0
1141,2022-23,2022-08-05,16,19:45,Tottenham Hotspur Stadium,62319,Robert Jones,Rainy,##,92,Derby,Tottenham,Burnley,Ange Postecoglou,Vincent Kompany,4-3-2-1,4-3-3,ATTACK,defense,average,average,3,0,4,1,23;25;32;59,55,16,6,4,5,,,4.09,0.63,-0.09,0.37,56.5,43.5,366,466,88.7,73.5,65,36,9,5,1,1,?,11,,0,0,0,0,0,19,18,1,2,0,0,1,0,4,0,1,4,14,12,10,5,30,17,3,6,9,7,10,21,41.5,41.1,13,13,50.4,56.3,106.1,103.8,240,271,1,5,1,1,1.89,5.57,3.44,H,3,0
861,2021-22,2021-10-22,3,15:00,City Ground,28775,David Coote,Cloudy,6.0,76,League,Nottm Forest,Crystal Palace,Nuno Espirito Santo,Oliver Glasner,4-3-2-1,3-4-3,defense,defense,bad,average,1,2,1,2,55,7;22,8,8,2,4,25.0,50.0,1.08,1.89,-0.08,0.11,44.8,55.2,520,303,79.4,81.6,36,20,9,4,1,0,12,13,0,0,0,1,0,0,8,20,1,3,0,0,4,2,2,1,2,1,25,18,17,11,35,12,10,9,25,16,10,22,15.5,41.3,18,15,71.2,69.3,109.3,107.8,162,184,2,2,0,0,2.68,3.49,2.93,A,0,3
1535,2023-24,2023-08-18,12,19:45,Goodison Park,32240,Anthony Taylor,Sunny,21.7,41,Title race,Everton,Luton Town,Sean Dyche,Rob Edwards,5-4-1,4-2-3-1,defense,defense,bad,bad,0,0,1,0,86+3,none,19,14,10,2,52.6,14.3,1.28,0.1,,-0.1,50.2,49.8,591,588,76.6,70.4,29,50,10,5,1,0,11,13,1,0,0,0,,0,7,10,1,2,0,0,5,2,2,9,0,1,22,11,8,14,17,20,,9,14,16,16,18,24.0,35.2,10,15,46.4,69.4,102.9,##,238,204,2,2,0,0,1.96,5.04,3.43,H,3,0
1748,2023-24,2024-01-17,14,14:05,Anfield,48070,Andy Madley,Cloudy,17.8,41,Top 4 battle,Liverpool,Aston Villa,Jurgen Klopp,Unai Emery,4-3-2-1,4-3-3,attack,attack,average,poor,4,0,4,0,9;28;62;75+3,none,13,11,6,2,46.2,18.2,3.22,0.1,0.78,-0.1,56.1,43.9,532,648,88.4,79.8,80,51,10,2,2,0,15,7,0,0,0,0,0,0,19,?,2,?,0,0,1,3,2,2,0,4,29,17,13,17,17,35,12,2,23,21,20,19,17.6,22.3,12,11,47.9,62.1,113.2,105.5,169,203,4,6,1,0,2.36,4.11,2.99,H,3,0
388,2020-21,2020-09-14,26,14:05,Old Trafford,70779,Andy Madley,Cloudy,20.2,93,Top 4 battle,Manchester United,Arsenal,Erik ten Hag,Mikel Arteta,4-3-3,4-1-4-1,balanced,attack,good,average,2,1,3,1,44;67;81,36,13,16,3,3,23.1,18.8,3.33,1.65,,-0.65,42.6,57.4,443,522,87.0,84.7,42,44,9,1,1,0,19,8,0,0,1,0,nan,0,6,10,,1,0,0,4,3,2,0,1,3,19,22,19,8,22,,5,3,10,17,21,22,38.5,42.2,11,13,46.4,59.9,107.4,105.0,272,249,5,5,1,1,2.55,4.26,2.69,H,3,0
74,2019-20,2019-09-28,20,20:00,Etihad Stadium,48662,Michael Oliver,Sunny,19.2,72,League,Manchester City,Luton Town,Pep Guardiola,Rob Edwards,4-2-3-1,4-4-2,balanced,defense,average,bad,0,0,2,0,16+5;36,none,20,16,6,5,30.0,31.2,1.16,0.1,0.84,-0.1,75.9,24.1,538,547,94.8,70.5,39,23,11,4,2,0,21,15,1,0,0,0,0,0,11,12,3,2,1,0,3,4,N/A,4,0,2,17,22,18,16,32,8,4,7,10,12,8,8,23.5,44.6,17,12,50.6,71.4,,103.9,235,220,5,2,N/A,0,1.79,,,H,3,0
1344,2022-23,2022-12-30,6,12:30,Old Trafford,71958,Paul Tierney,Rainy,10.8,74,League,Manchester United,Luton Town,Erik ten Hag,Rob Edwards,3-4-3,4-1-4-1,balanced,,good,good,0,0,3,0,,none,14,7,6,1,42.9,14.3,2.89,0.47,0.11,-0.47,69.8,30.2,607,516,86.0,72.8,38,63,9,3,2,0,17,20,0,0,0,0,0,0,17,8,4,2,1,0,2,5,1,3,0,3,23,10,9,12,23,37,12,10,17,7,15,6,15.1,18.9,13,16,,53.6,112.3,98.6,211,225,0,4,1,0,2.29,4.4,2.98,H,3,0
1081,2021-22,2022-03-28,7,17:30,City Ground,23970,Andy Madley,Cloudy,13.5,93,Relegation 6-pointer,Nottm Forest,Tottenham,Nuno Espirito Santo,Ange Postecoglou,4-3-2-1,4-3-2-1,defense,,bad,bad,0,2,0,3,none,31;55;75+2,16,14,8,5,50.0,35.7,0.1,3.84,-0.1,-0.84,47.4,52.6,437,266,82.9,81.8,62,44,6,4,0,0,9,16,0,0,1,1,0,1,6,10,4,2,0,0,,5,2,8,3,0,22,28,16,16,12,11,6,8,19,5,7,9,24.5,21.0,,16,43.2,,97.3,115.1,155,257,1,1,0,0,2.75,5.0x,2.29,A,0,3
1024,2021-22,2022-02-15,1,17:30,Villa Park,39282,John Brooks,Windy,4.3,41,League,Aston Villa,West Ham,Unai Emery,David Moyes,3-5-2,3-4-3,attack,attack,average,bad,,0,1,0,78,none,9,17,3,6,33.3,35.3,1.27,0.1,-0.27,-0.1,43.9,56.1,700,576,80.8,84.4,21,61,11,8,1,0,6,17,0,0,0,0,0,nan,7,10,2,1,0,0,3,5,,2,0,1,10,11,,12,24,nan,2,5,,8,7,7,36.0,32.5,15,10,68.0,61.9,105.6,116.1,260,200,1,0,1,0,2.45,3.47,3.29,H,3,0
994,2021-22,2022-01-24,2,19:45,Emirates Stadium,59817,Robert Jones,Light Rain,13.1,94,Title race,Arsenal,Fulham,Mikel Arteta,Marco Silva,4-4-2,4-2-3-1,attack,balanced,,bad,1,0,2,0,13;52,,17,14,7,1,41.2,7.1,2.17,-,-0.17,-0.28,55.0,45.0,,423,91.3,82.9,25,60,11,3,0,0,15,20,0,0,0,0,0,0,14,8,3,2,0,0,4,5,1,5,nan,2,23,14,9,6,,34,5,6,7,6,21,6,31.3,21.5,,14,40.7,41.2,115.1,107.1,176,187,2,7,2,0,2.61,3.38,3.12,H,3,0
772,2021-22,2021-08-19,20,16:30,Bramall Lane,30282,?,Rainy,16.9,80,Cup,Sheffield United,Bournemouth,Chris Wilder,Andoni Iraola,4-4-2,4-1-4-1,defense,attack,average,bad,0,,3,2,5;42;76,27+2;36,17,12,8,7,47.1,58.3,3.94,2.35,-0.94,-0.35,,53.0,652,567,71.3,75.5,,71,6,9,2,2,19,7,0,0,1,0,?,0,17,17,2,3,1,0,1,4,?,5,2,3,16,24,6,15,14,35,7,7,18,8,23,18,41.2,16.3,19,6,45.2,63.9,107.1,102.3,280,142,5,4,0,0,3.24,,2.59,H,3,0
1774,2023-24,2024-02-06,36,14:05,Tottenham Hotspur Stadium,61345,Jarred Gillett,Rainy,16.3,65,League,Tottenham,Newcastle,Ange Postecoglou,Eddie Howe,3-5-2,5-4-1,attack,defense,good,good,0,0,1,0,28,none,9,16,8,1,88.9,6.2,0.89,0.37,0.11,-0.37,45.6,54.4,383,588,87.7,80.3,50,57,11,3,1,0,20,13,0,0,0,1,0,0,17,16,2,2,0,0,1,,1,7,0,1,30,27,10,8,32,38,5,10,18,,20,20,32.6,28.0,11,13,41.4,69.1,106.1,103.0,161,175,2,4,1,1,2.24,5.55,,H,3,0
48,2019-20,2019-09-10,34,16:30,City Ground,26284,Robert Jones,,-1.0,87,League,Nottm Forest,Newcastle,Nuno Espirito Santo,Eddie Howe,4-3-3,3-4-3,defense,defense,average,good,0,1,1,3,74,9;13;61+2,13,17,7,7,53.8,41.2,1.1,3.39,-0.1,-0.39,43.5,56.5,471,348,83.5,82.9,68,48,4,4,1,1,17,20,1,1,0,1,0,1,7,13,2,2,0,0,0,0,4,6,,1,,23,11,9,15,,N/A,7,20,16,15,14,15.6,22.1,14,14,69.7,43.3,107.7,103.2,213,152,5,2,0,0,3.19,2.89,,A,0,3
1706,2023-24,2023-12-17,32,12:30,Turf Moor,21060,Michael Oliver,Cloudy,,57,League,Burnley,Tottenham,Vincent Kompany,Ange Postecoglou,4_3_2_1,4-2-3-1,defense,attack,average,bad,,1,1,2,4,12;57,13,6,10,6,76.9,100.0,1.64,2.73,-0.64,-0.73,28.0,,330,533,71.5,85.8,36,25,4,1,N/A,0,7,15,0,0,1,0,1,0,13,17,N/A,2,0,0,5,5,4,9,2,1,30,24,6,11,18,8,11,8,23,8,20,14,44.8,32.3,11,17,,45.6,113.1,103.2,236,148,3,2,1,0,3.48,3.16,2.53,A,0,3
997,2021-22,2022-01-30,8,20:00,City Ground,27935,Paul Tierney,Foggy,4.8,66,League,Nottm Forest,Manchester United,Nuno Espirito Santo,Erik ten Hag,4-2-3-1,4-4-2,defense,balanced,AVERAGE,average,0,3,1,3,13,59;90;90,18,13,6,8,,61.5,1.3,3.22,-0.3,-0.22,37.5,62.5,589,441,80.6,89.8,60,50,10,3,1,0,17,10,0,1,0,0,0,0,9,19,2,4,0,0,6,5,5,5,3,1,21,17,16,14,13,21,3,7,20,8,8,6,-,41.8,6,14,N/A,61.2,112.8,106.0,235,195,0,3,2,0,2.81,5.29,2.2,A,0,3
1577,2023-24,2023-09-18,1,12:30,Villa Park,35739x,Anthony Taylor,Sunny,15.6,94,Title race,Aston Villa,Fulham,Unai Emery,Marco Silva,4-3-2-1,,attack,balanced,bad,average,0,0,3,1,48;48;82,56+2,9,14,5,1,55.6,7.1,3.88,1.09,-0.88,-0.09,56.4,43.6,360,320,80.7,83.8,58,31,5,8,1,1,22,18,0,1,1,0,1,0,7,17,1,0,1,0,3,4,0,2,,3,10,19,6,17,19,10,9,8,17,9,22,18,34.0,,13,16,66.0,57.9,113.5,107.6,245,234,2,6,0,0,2.7,2.96,3.42,H,3,0
1236,2022-23,2022-10-14,14,15:00,Kenilworth Road,8732,David Coote,Foggy,4.2,40,Relegation 6-pointer,Luton Town,Arsenal,Rob Edwards,Mikel Arteta,5-4-1,5-4-1,defense,attack,bad,average,0,3,3,4,21+2;54;66,51;54;77;88,14,10,9,4,64.3,40.0,2.56,2.97,0.44,1.03,31.1,68.9,430,535,70.3,N/A,31,63,3,,0,1,21,19,0,0,1,0,1,0,12,6,1,2,0,0,3,5,0,6,4,3,,12,19,12,21,37,9,5,8,6,16,16,40.9x,34.0,9,17,51.5,70.3,111.5,100.6,201,270,2,-3,1,0,2.67,7.91,2.0,A,0,3
516,2020-21,2020-12-16,9,20:00,City Ground,30184,Anthony Taylor,Cloudy,5.6,50,League,Nottm Forest,Burnley,Nuno Espirito Santo,Vincent Kompany,3-5-2,5-4-1,defense,defense,bad,average,1,0,,1,26;63;86,43,8,15,4,5,50.0,33.3,1.97,1.14,1.03,-0.14,,47.1,676,364,74.3,75.8,27,51,11,9,0,0,7,15,0,1,0,0,0,0,,6,2,3,0,1,2,5,4,1,1,3,27,19,8,9,38,33,9,7,?,,19,11,30.3,17.5,20,18,,61.6,109.8,107.8,201,278,N/A,1,1,0,2.53,3.42,3.2,H,3,0
716,2020-21,2021-05-07,33,17:30,Craven Cottage,21517,John Brooks,Sunny,7.5,72,Relegation 6-pointer,Fulham,Brighton,Marco Silva,Roberto De Zerbi,4-3-3,4-3-3,balanced,balanced,average,average,0,1,2,2,4;8,35;51,18,11,10,1,55.6,9.1,1.86,2.71,0.14,-0.71,40.3,59.7,410,583,84.7,79.9,,55,11,5,1,1,7,13,0,1,1,1,1,1,20,13,0,2,0,1,5,2,0,N/A,2,2,10,15,5,9,31,14,3,3,8,17,13,18,31.0,22.7,15,14,45.5,62.8,107.7,108.6,218,227,2,4,1,0,2.23,8.64,2.3,D,1,1
1381,2022-23,2023-01-21,17,19:45,Villa Park,42031,David Coote,Overcast,17.3,51,Relegation 6-pointer,Aston Villa,Wolves,Unai Emery,Gary O'Neil,3-5-2,4-3-2-1,attack,defense,average,good,0,0,3,0,43;60;90+4,none,,12,5,6,38.5,50.0,3.88,0.1,-0.88,-0.1,52.6,47.4,483,567,82.7,79.1,23,56,8,3,0,0,10,10,1,0,0,0,0,0,6,20,1,3,0,0,2,2,6,2,0,3,29,17,12,12,35,18,,8,10,17,18,18,19.9,25.6,20,13,69.2,55.0,108.9,109.2,153,234,2,2,1,0,1.99,7.16,2.79,H,3,0
275,2019-20,2020-02-19,17,16:30,Amex Stadium,27066,Robert Jones,Clear,11.8,?,League,Brighton,Wolves,Roberto De Zerbi,Gary O'Neil,4-1-4-1,3-4-3,balanced,defense,bad,poor,0,0,2,4,53;86,1;48+1;55;82,11,8,6,4,54.5,50.0,-,,-0.1,-0.07,57.7,42.3,620,512,85.2,84.1,78,28,5,2,2,2,15,8,0,0,0,,,0,11,15,3,4,0,1,3,?,0,4,4,2,16,27,11,12,37,9,2,3,15,11,19,?,,30.7,10,17,71.0,67.9,112.1,108.5,154,216,,6,0,0,2.24,6.4,,A,0,3
1909,2020-21,2020-12-23,9,12:30,Etihad Stadium,46446,Simon Hooper,Rainy,-1.6,88,Cup,Manchester City,Sheffield United,Pep Guardiola,Chris Wilder,4-3-3,3-5-2,balanced,defense,bad,bad,2,0,5,0,38;65;74;82+3;88,none,8,14,5,2,62.5,14.3,4.05,,0.95,-0.1,73.3,26.7,367,287,92.8,73.1,40,26,5,3,0,0,10,15,0,0,0,?,0,0,18,7,1,0,0,0,0,1,2,0,,5,19,22,19,6,14,37,12,,5,15,22,13,32.4,22.8,11,6,53.2,53.6,111.9,102.9,259,177,3,5,0,0,1.92,5.21,3.48,H,3,0
1452,2022-23,2023-03-10,28,14:05,Selhurst Park,20583,Anthony Taylor,Cloudy,13.5,87,Cup,Crystal Palace,Luton Town,Oliver Glasner,Rob Edwards,3-4-3,3-5-2,defense,defense,bad,average,0,0,0,0,none,none,13,7,4,2,30.8,28.6,0.28,0.1,-0.28,-0.1,65.2,34.8,621,360,83.9,76.0,55,31,6,2,0,0,8,N/A,0,0,0,0,0,,7,20,2,1,0,0,5,2,2,4,0,0,25,28,9,13,21,8,5,5,11,6,19,17,26.9,28.1,19,13,74.4,51.6,105.9,104.8,278,,3,6,0,0,2.32,3.24,3.83,D,1,1
1421,2022-23,2023-02-18,26,20:00,Goodison Park,34075,Robert Jones,Rainy,20.2,90,Relegation 6-pointer,Everton,Newcastle,Sean Dyche,Eddie Howe,4-4-2,5-4-1,defense,defense,good,average,0,0,2,1,1;23,22,11,15,9,2,81.8,13.3,2.33,1.44,-0.33,-0.44,47.7,52.3,657,261,82.8,82.0,45,48,9,2,1,0,21,14,0,1,0,0,0,0,10,14,1,1,1,0,3,0,1,7,1,2,19,22,10,12,12,17,4,6,19,14,16,15,38.7,31.0,6,13,60.2,47.2,106.5,,233,184,3,4,1,0,,?,2.61,H,3,0
29,2019-20,2019-08-26,20,19:45,St. James' Park,48241,Anthony Taylor,,-8.5,43,Title race,Newcastle,Arsenal,Eddie Howe,Mikel Arteta,5-4-1,4-4-2,defense,defense,good,bad,2,0,2,3,30;85,23;50;61,12,14,8,5,66.7,35.7,2.26,2.41,-0.26,0.59,53.8,46.2,500,449,81.4,91.5,53,,7,2,1,1,10,6,0,0,0,0,0,0,15,9,1,1,0,0,1,3,2,6,3,2,20,26,7,13,17,14,9,6,19,8,18,15,15.5,21.8,15,,48.4,67.4,108.2,112.3,246,149,5,7,,1,2.35,4.36,2.9,A,0,3
658,2020-21,2021-03-29,38,15:00,Anfield,58929,Jarred Gillett,Rainy,24.0,92,Cup,Liverpool,Fulham,Jurgen Klopp,Marco Silva,,3-4-3,attack,,bad,average,1,0,2,0,10;14,none,11,10,8,nan,72.7,10.0,2.34,0.22,-0.34,-0.22,53.2,46.8,533,302,93.0,78.6,26,24,,6,0,0,9,12,2,0,0,1,0,0,18,19,2,2,0,0,4,0,1,6,0,2,30,10,15,17,10,28,8,7,15,21,25,21,27.3,,11,16,54.0,46.8,107.1,108.2,292,146,3,3,,0,2.1,3.86,3.77,H,3,0
1556,2023-24,2023-09-02,20,15:00,Selhurst Park,22171,,Foggy,22.9,92,League,Crystal Palace,Bournemouth,,Andoni Iraola,4-3-3,5-4-1,defense,attack,average,good,3,0,3,1,8;51;72,53,10,7,4,1,40.0,14.3,3.51,1.14,-0.51,-0.14,53.3%,46.7,387,544,83.8,82.4,,26,4,5,1,1,21,13,1,0,0,0,0,0,18,9,1,1,0,0,2,5,0,1,1,3,14,16,6,15,28,14,11,2,11,11,17,11,38.0,23.1,5,8,72.2,57.2,114.6,106.2,252,214,0,2,1,0,2.19,5.99,2.66,H,3,0
1266,2022-23,2022-11-02,13,12:30,Amex Stadium,25195,Andy Madley,Cloudy,15.4,89,Relegation 6-pointer,Brighton,Fulham,Roberto De Zerbi,Marco Silva,3-5-2,,,balanced,bad,good,4,0,4,0,7;9;39;65,none,14,16,8,7,57.1,43.8,4.06,0.1,-0.06,-0.1,55.3,44.7,529,587,79.7,81.1,45,64,11,5,1,0,17,18,0,0,0,0,0,0,18,19,2,2,0,0,2,1,7,4,0,4,13,,10,18,21,22,8,3,22,8,15,11,29.1,32.6,15,10,43.0,,111.2,103.4,150,251,5,5,1,0,2.37,##,,H,3,0
1193,2022-23,2022-09-13,16,16:30,Molineux Stadium,28029,Chris Kavanagh,Rainy,10.0,52,League,Wolves,Chelsea,Gary O'Neil,Mauricio Pochettino,4-3-2-1,4-4-2,defense,balanced,good,,1,0,2,1,47;49+3,27+5,18,8,5,7,,,1.8,0.69,0.2,0.31,45.3,54.7,553,565,81.1,85.8,63,33,6,,1,nan,7,,1,0,1,1,1,0,8,15,1,1,1,0,6,1,6,3,1,2,18,24,10,18,39,30,10,10,20,20,18,,25.4,40.6,16,14,54.4,49.7,112.1,,281,271,4,,0,0,2.85,5.25,,H,3,0
13,2019-20,2019-08-15,13,15:00,Selhurst Park,##,John Brooks,Clear,19.1,43,Top 4 battle,Crystal Palace,Liverpool,Oliver Glasner,Jurgen Klopp,4-4-2,4-4-2,,attack,bad,bad,0,0,2,2,28;64,39;81+2,15,15,7,5,46.7,33.3,2.46,1.79,-0.46,0.21,35.8,64.2,336,273,75.4,94.0,35,21,9,2,2,2,16,13,0,0,0,0,0,0,14,11,0,3,0,0,5,5,3,5,2,2,10,22,9,9,40,28,10,4,16,10,8,13,37.3,24.8,10,nan,68.9,50.2,104.6,110.7,244,204,1,3,3,0,3.52,3.71,2.24,D,1,
356,2019-20,2020-04-19,36,15:00,Old Trafford,67718,Paul Tierney,Overcast,17.4,91,League,Manchester United,Brighton,Erik ten Hag,Roberto De Zerbi,4-3-3,3-4-3,balanced,balanced,average,average,0,0,0,1,none,29,20,8,7,1,35.0,12.5,0.12,1.2,-0.12,-0.2,51.8,48.2,559,460.0,85.2,82.6,,20,10,6,0,0,6,10,0,0,0,0,0,0,11,12,3,3,1,0,4,,0,7,1,0,17,12,16,5,25,9,10,4,10,10,7,4,27.6,42.7,5,16,45.2,46.7,109.1,108.4,245.0,161,2,2,2,2,2.22,3.74,,A,0,3
678,2020-21,2021-04-11,17,14:05,Anfield,46976,Anthony Taylor,Overcast,19.5,71,League,Liverpool,Crystal Palace,Jurgen Klopp,Oliver Glasner,3-5-2,3-4-3,attack,defense,good,average,2,0,2,,52;56,33+1,8,6,5,1,62.5,16.7,,0.94,-0.41,0.06,62.1,37.9,541,458,84.7,79.3,50,41,,8,0,1,10,9,0,0,1,0,0,0,6,19,1,2,0,0,5,2,0,3,1,2,17,28,6,16,16,25,6,6,9,14,9,14,15.9,38.3,10,12,64.9,63.9,103.4,108.9,205,252,,2,1,1,2.32,3.14,3.97,H,3,0
1332,2022-23,2022-12-18,19,14:05,London Stadium,61812,Robert Jones,Rainy,13.7,71,League,West Ham,Fulham,David Moyes,Marco Silva,4-3-3,4-3-3,defense,balanced,average,bad,1,0,3,1,14;17;23,1,15,12,5,5,33.3,41.7,##,0.56,-0.64,0.44,52.6,47.4,628,340,79.2,82.1,75,55,8,?,2,1,21,12,0,0,0,0,0,0,,7,2,4,0,0,1,5,4,2,1,3,18,20,7,12,32,32,8,5,19,14,21,7,23.7,38.2,15,6,55.3,68.3,105.7,113.4,248,176,0,2,2,1,2.8,3.45,2.84,H,3,0
31,2019-20,2019-08-31,6,12:30,Villa Park,41200,Paul Tierney,Cloudy,-1.5,52,League,Aston Villa,Manchester City,Unai Emery,Pep Guardiola,4-3-3,5-4-1,attack,,good,avg,1,1,1,2,20,20;79,8,N/A,5,3,62.5,18.8,0.94,1.72,0.06,0.28,48.5,,540,317,87.5,90.8,45,51,5,3,1,1,6,14,0,0,0,0,0,0,11,7,1,2,0,0,2,4,1,,2,1,19,10,16,16,30,24,8,3,10,17,8,20,28.9,29.6,19,10,43.7,69.6,106.1,108.8,272,236,1,1,0,0,3.1,2.95,2.95,A,N/A,3
856,2021-22,2021-10-20,6,20:00,Old Trafford,73246,Simon Hooper,Overcast,11.9,77,Relegation 6-pointer,Manchester United,Bournemouth,Erik ten Hag,Andoni Iraola,3-4-3,5-4-1,BALANCED,ATTACK,bad,average,2,0,2,0,40;62,,20,-1,8,2,-,25.0,1.61,0.1,0.39,-0.1,56.1,43.9,314,438,86.4,74.5,42,34,10,5,1,0,11,8,1,0,,0,0,0,13,6,3,2,,0,4,2,2,,0,2,11,16,19,16,37,29,2,8,,14,15,15,35.4,27.0,5,18,61.9,69.7,106.2,109.2,298,207,1,3,0,0,2.3,3.21,3.94,H,3,0
1406,2022-23,2023-02-09,25,17:30,Gtech Community Stadium,16454,Robert Jones,Sunny,23.4,89,League,Brentford,Everton,Thomas Frank,Sean Dyche,3-5-2,3-4-3,attack,defense,bad,good,1,0,3,1,27;59;85+1,23,nan,17,6,4,37.5,23.5,2.6,-,0.4,0.11,47.1,52.9,575,411,82.6,83.5,,,8,5,1,1,22,18,N/A,0,0,0,0,0,9,12,3,2,0,0,2,0,3,3,1,3,20,11,11,5,12,32,9,7,,7,23,14,25.0,22.6,,12,69.3,55.0,109.6,105.0,198,221,4,3,0,0,2.41,5.63,2.45,H,3,0
626,2020-21,2021-03-04,10,19:45,Molineux Stadium,25988,Paul Tierney,Cloudy,16.7,72,Title race,Wolves,Crystal Palace,Gary O'Neil,Oliver Glasner,3-5-2,4-4-2,defense,defense,average,poor,1,4,3,4,9+5;34;36,15;34+3;60;82,18,13,10,7,55.6,53.8,3.02,4.3,-0.02,,51.3,48.7,,380,76.4,81.4,29,69,11,9,2,2,15,11,0,0,1,0,1,0,17,13,2,3,1,0,0,1,,7,4,3,23,13,17,18,13,30,4,6,10,18,16,15,20.8,24.8,17,4,73.5,63.5,105.3,101.7,159,145,2,5,1,1,3.12,2.69,3.25,A,0,3
675,2020-21,2021-04-05,13,14:05,Molineux Stadium,25326,Robert Jones,Light Rain,2.8,69,Top 4 battle,Wolves,Liverpool,Gary O'Neil,Jurgen Klopp,4-3-3,4-3-2-1,defense,attack,average,good,0,0,2,2,12;46,52;69,18,17,4,2,22.2,11.8,2.19,2.25,,-0.25,41.2,58.8,566,366,84.0,89.7,44,19,,9,1,1,7,20,0,0,1,0,1,0,11,6,3,3,0,1,4,5,0,2,2,2,22,17,16,9,13,34,11,10,25,14,14,4,42.7,18.5,11,5,59.5,44.3,105.2,105.9,263,,3,2,2,0,2.4,7.44,2.23,D,1,1
1315,2022-23,2022-12-08,29,14:05,Selhurst Park,24153,,Windy,11.1,55,Top 4 battle,Crystal Palace,West Ham,Oliver Glasner,,3-4-3,3-5-2,defense,defense,good,,0,1,2,1,1;54,8+5,18,14,2,2,11.1,14.3,2.2,1.09,,-0.09,42.4,57.6,530,315,78.7,83.7,72,30,4,8,1,1,9,10,0,0,1,N/A,1,0,15,20,2,1,0,0,3,0,1,0,1,2,22,22,9,14,32,21,10,10,14,8,7,16,34.9,35.8,11,N/A,65.7,65.0,106.8,104.0,277,171,2,5,0,0,2.62,3.17,3.3,H,3,0
831,2021-22,2021-10-04,23,17:30,Goodison Park,30305,Anthony Taylor,Overcast,16.5,90,League,Everton,Nottm Forest,Sean Dyche,Nuno Espirito Santo,3-5-2,4-4-2,def,defense,good,average,1,0,1,0,60,none,17,14,9,8,52.9,57.1,1.54,0.1,-0.54,-0.1,48.2,51.8,335,462,83.7,80.4,nan,45,8,7,1,0,18,17,0,0,0,0,0,0,19,10,1,3,1,0,4,4,8,8,0,1,20,19,N/A,,19,24,11,10,21,9,5,4,40.2,37.0,20,14,58.8,58.0,103.1,107.8,216,151,5,7,1,1,2.25,7.02,2.42,H,3,0
967,2021-22,2022-01-04,37,15:00,Molineux Stadium,28738,Robert Jones,Rainy,2.1,50,League,Wolves,Brentford,Gary O'Neil,Thomas Frank,3-5-2,3-5-2,defense,attack,average,bad,0,0,1,2,2,74;80,8,nan,4,2,50.0,13.3,1.67,1.82,-0.67,0.18,48.9,51.1%,685,261,79.0,82.1,24,67,,2,1,0,11,14,0,0,,0,0,0,10,10,3,1,0,0,3,2,0,3,2,1,20,23,19,11,20,nan,12,8,21,,14,8,44.3,,17,10,,53.2,,106.9,156,255,1,3,1,0,2.36,5.66,N/A,A,0,3
2054,2020-21,2021-04-14,35,20:00,Turf Moor,18398,Jarred Gillett,Sunny,26.0,,Derby,Burnley,Manchester United,Vincent Kompany,Erik ten Hag,4-1-4-1,3-5-2,defense,balanced,average,,0,1,0,4,none,21;27;46;71,15,10,5,3,33.3,30.0,0.1x,,-0.1,-1.29,29.6,70.4,317,507,76.6,88.8,56,26,10,1,,0,20,20,0,1,0,2,0,2,20,,,2,0,0,0.0,4,0,5,4,0,17,11,,18,18,32,10,5,10,5,6,9,23.0,17.7,8,10,49.4,58.2,110.3,110.9,202,198,2,4,1,0,3.18,5.1,2.04,A,0,3
1649,2023-24,2023-11-10,25,14:05,Amex Stadium,27779,Michael Oliver,Sunny,0.2,61,League,Brighton,Chelsea,Roberto De Zerbi,Mauricio Pochettino,5-4-1,5-4-1,balanced,balanced,bad,average,0,0,1,1,55,17,19,9,8,N/A,,66.7,,0.97,-0.12,0.03,54.7,45.3,439,473,83.3,82.2,23,49,3,1,0,1,8,12,1,0,0,0,0,0,8,16,4,3,0,0,2,5,5,7,1,1,22,20,8,6,34,25,6,10,22,22,20,7,,15.4,10,13,74.8,68.0,105.8,110.1,,213,3,4,0,0,2.48,5.51,2.41,D,1,1
1035,2021-22,2022-02-20,23,15:00,City Ground,26984,##,Windy,9.6,81,Relegation 6-pointer,Nottm Forest,Everton,Nuno Espirito Santo,Sean Dyche,5-4-1,4-3-2-1,defense,defense,bad,average,3,1,4,1,8;21;44;49,28,16,nan,10,4,62.5,,3.89,1.47,0.11,-0.47,54.3,45.7,661,571,82.0,77.6,25,61,10,2,0,1,12,11,1,0,1,0,,0,14,19,1,2,0,,4,2,3,6,1,4,13,11,12,6,10,25,-3,3,7,14,20,8,39.1,24.6,19,5,54.1,64.2,110.1,104.3,250,188,1,2,1,1,2.25,4.15,,H,3,0
306,2019-20,2020-03-15,25,20:00,Vitality Stadium,9113,Stuart Attwell,Cloudy,null,45,Title race,Bournemouth,Brighton,Andoni Iraola,Roberto De Zerbi,3-4-3,4-3-3,,balanced,good,average,0,0,0,,none,2;26;58,10,10,,,,30.0,0.1,3.02,-0.1,-0.02,35.3,64.7,424,496,73.9,80.4,78,53,7,9,0,2,17,14,0,0,0,1,0,1,8,10,3,1,0,0,3,5,0,10,3,0,30,10,20,14,31,21,10,N/A,17,,9,14,32.6,20.2,11,4,54.7,58.2,112.0,108.5,275,140,4,7,3,0,2.47,4.38,,A,0,3
348,2019-20,2020-04-12,1,16:30,Gtech Community Stadium,16763,Paul Tierney,Foggy,21.4,52,League,Brentford,Everton,Thomas Frank,Sean Dyche,5-4-1,4-4-2,attack,balanced,good,bad,0,0,2,0,18;62,none,16,15,8,5,50.0,33.3,1.7,0.1,0.3,-0.1,45.2,54.8,639,616,81.2,74.9,64,51,2,9,1,0,10,15,1,0,0,0,0,0,12,16,3,2,0,0,3,4,5,6,0,2,23,13,13,17,15,29,9,8,-11,16,15,10,34.9,30.9,20,17,66.2,58.2,,106.7,168,219,3,1,0,,2.32,4.95,2.72,H,3,0
386,2020-21,2020-09-16,30,15:00,London Stadium,54805,Chris Kavanagh,Clear,3.0,63,League,West Ham,Bournemouth,David Moyes,Andoni Iraola,4-3-3,4-2-3-1,defense,attack,average,poor,2,0,2,2,66;69,25;69+3,12,8,10,6,83.3,75.0,2.0,2.26,0.0,-0.26,54.0,46.0,545,473,82.9,74.6,33,24,11,6,0,1,22,19,0,0,0,1,0,1,13,14,3,3,0,0,3,2,4,8,2,2,30,10,12,14,38,29,12,5,8,13,16,9,27.0,29.0,8,6,64.3,52.7,108.8,113.2,198,228,,4,,1,2.5,2.96,3.82,D,1,1
709,2020-21,2021-05-06,3,12:30,Molineux Stadium,28103,Michael Oliver,Clear,12.2,83,League,Wolves,Manchester United,Gary O'Neil,,5-4-1,5-4-1,defense,balanced,bad,average,0,0,2,3,24;25,,18,,3,2,16.7,22.2,2.83,3.42,-0.83,,40.3,59.7,304,327,81.2,86.7,24,36,7,6,0,0,12,20,0,0,0,,0,1,9,18,1,4,0,0,4,4,0,1,3,2,12,15,11,16,32,14,7,5,14,5,10,21,28.8,24.6,20,10,60.0,71.9,109.0,107.6,179,140,1,5,3,1,2.26,5.21,2.73,A,0,3
368,2019-20,2020-04-23,33,15:00,Tottenham Hotspur Stadium,49305,Chris Kavanagh,Clear,13.8,,League,Tottenham,Nottm Forest,Ange Postecoglou,Nuno Espirito Santo,3-4-3,4-2-3-1,attack,defense,good,good,0,1,2,N/A,3;65+4,38;47,17,11,7,5,41.2,45.5,1.77,2.38,0.23,-0.38,62.8,37.2,334,562,83.2,75.2,20,23,3,8,1,2,22,12,0,0,0,0,0,0,8,9,0,2,0,1,nan,0,3,5,2,2,28,16,,10,31,35,6,8,24,13,14,8,24.2,44.8,17,10,43.3,null,112.3,103.5,255,180,2,3,0,0,2.58,3.09,3.45,D,1,1
350,2019-20,2020-04-15,30,15:00,City Ground,26151,Simon Hooper,Foggy,17.3,71,League,Nottm Forest,Brentford,Nuno Espirito Santo,Thomas Frank,4-3-2-1,5-4-1,defense,attack,good,good,0,3,3,3,9;15;78,7;49;54,15,-12,8,7,53.3,58.3,,2.74,0.35,0.26,45.1,54.9%,391,275,74.2,,46,47,3,1,0,0,15,7,0,0,2,0,1,0,18,7,3,1,0,0,6,3,4,5,3,3,16,19,6,5,35,8,7,6,12,22,,10,,20.1,18,12,51.5,66.3,116.8,105.2,199,229,1,5,2,0,,4.46,2.63,D,1,1
1912,2020-21,2021-04-07,37,12:30,Kenilworth Road,8727,Paul Tierney,Overcast,5.6,69,Cup,Luton Town,Burnley,Rob Edwards,Vincent Kompany,,5-4-1,def,defense,bad,good,1,2,2,3,48;79,,14,10,5,7,35.7,70.0,,3.64,0.25,-0.64,57.8,42.2,556,433,75.5,71.9,71,46,5,3,2,2,22,17,0,0,N/A,1,0,1,6,7,3,1,,0,6,2,4,3,3,2,12,,10,,13,36,6,7,9,7,16,-6,16.0,18.5,8,18,59.9,45.4,110.0,105.8,223,184,2,5,2,0,2.59,3.62,2.96,A,0,3
422,2020-21,2020-10-08,10,15:00,London Stadium,-,John Brooks,Overcast,11.1,91,Cup,West Ham,Wolves,David Moyes,Gary O'Neil,4-4-2,4-3-2-1,defense,defense,Good,,2,1,2,1,18;44,1,12,11,5,6,41.7,54.5,null,1.33,0.42,-0.33,54.4,45.6,515,310,85.7,78.3,35,49,5,9,1,1,21,14,0,1,0,0,0,0,,16,1,3,0,0,5,1,5,3,1,2,29,25,12,10,,9,7,2,24,13,13,18,43.3,32.8,13,10,70.2,48.0,103.8,106.0,207,228,1,4,0,0,2.82,3.93,2.56,H,3,
648,2020-21,2021-03-18,12,17:30,Selhurst Park,20018,John Brooks,Rainy,19.5,45,Derby,Crystal Palace,Brighton,Oliver Glasner,Roberto De Zerbi,5-4-1,3-5-2,defense,,bad,average,0,0,2,2,55;64,39;40,20,10,5,4,25.0,,2.59,1.51,-0.59,0.49,40.7,59.3,646,632,76.6,87.0,20,38,,9,1,0,21,17,0,,1,0,0,0,10,15,1,1,0,0,0,5,2,3,2,2,,23,15,7,?,16,10,2,15,19,23,13,32.0,17.7,19,7,68.3,nan,111.6,107.0,263,173,2,3,0,0,3.37,3.85,2.26,D,1,1
1015,2021-22,2022-02-09,1,14:05,Tottenham Hotspur Stadium,47828,Andy Madley,Cloudy,15.7,68,League,Tottenham,Brighton,Ange Postecoglou,Roberto De Zerbi,4-3-3,4-3-2-1,attack,balanced,good,good,2,,3,2,13+1;36;63,17;60+2,10,12,6,,,16.7,2.75,1.76,0.25,0.24,46.4,53.6,635,430,,86.8,,68,4,1,2,,11,8,0,0,0,0,0,0,19,20,2,1,0,0,4,4,0,3,2,,12,21,7,7,32,,4,10,17,20,19,12,22.1,41.9,20,13,42.6,53.1,105.8,111.1,227,221,1,1,2,0,2.76,3.94,2.6,H,3,0
606,2020-21,2021-02-16,8,20:00,Turf Moor,16746,Anthony Taylor,Foggy,3.0,48,League,Burnley,Bournemouth,Vincent Kompany,Andoni Iraola,3-5-2,3-4-3,defense,attack,,good,2,0,3,3,12;58;90,50;70;90,13.0,13,2,7,15.4,53.8,3.99,3.21,-0.99,,,54.2%,428,,70.2,77.6,78,59,11,8,1,1,N/A,18,,0,2,0,1,0,7,15,0,3,,0,5,3,4,0,3,3,22,14,16,6,26,8,12,10,16,14,9,11,27.2,18.8,6,6,68.0,66.8,113.1,108.5,249,218,1,6,0,0,2.77,4.85,2.31,D,1,1
1063,2021-22,2022-03-13,37,17:30,Amex Stadium,24305,Thomas Bramall,Rainy,18.3,40,League,Brighton,Manchester United,Roberto De Zerbi,Erik ten Hag,,5-4-1,balanced,balanced,good,good,0,0,3,1,2;21;32,81,10,13,4,,40.0,7.7,3.94,1.48,-0.94,-0.48,51.6,48.4,481,404,81.6,89.5,58,67,5,2,0,1,8,20,0,0,0,0,0,0,16,16,1,1,0,0,2,0,0,1,1,3,30,21,17,5,28,,7,10,20,16,25,10,26.8,35.8,11,15,69.1,44.7,109.1,102.7,179,275,1,4,1,0,2.32,5.87,2.51,H,3,0
1069,2021-22,2022-03-20,18,12:30,Amex Stadium,24648,Jarred Gillett,Rainy,10.5,64,Top 4 battle,Brighton,Manchester City,Roberto De Zerbi,Pep Guardiola,3-5-2,4_4_2,balanced,balanced,good,average,0,0,0,2,none,34;60+3,nan,-2,4,3,33.3,37.5,,2.22,-0.1,-0.22,44.8,55.2,486,643,84.0,90.5,45,41,2,7,0,1,18,19,0,,0,1,0,1,20,6,0,2,0,0,3,4,1,4,2,0,18,11,14,17,13,18,10,7,16,17,17,10,29.4,27.0,9,15,52.7,54.5,107.8,103.9,230,-205,3,3,1,0,2.6,5.51,2.31,A,0,3
207,2019-20,2020-01-05,9,20:00,Gtech Community Stadium,16295,Anthony Taylor,Overcast,19.6,43,League,Brentford,West Ham,Thomas Frank,David Moyes,4-4-2,4-1-4-1,attack,defense,bad,bad,1,0,3,0,1;25;28,none,16,8,5,8,?,100.0,2.16,0.35,0.84,-0.35,48.8,51.2,537,301,78.8,80.4,44,23,2,7,0,0,15,8,1,N/A,1,0,0,0,16,9,0,?,0,0,,4,8,2,0,3,22,10,15,15,32,11,11,9,8,5,15,16,,32.4,12,13,43.7,44.1,113.6,110.3,,142,1,3,,0,2.35,4.04,3.05,H,3,0
411,2020-21,2020-10-04,15,19:45,Molineux Stadium,27708,Stuart Attwell,Foggy,22.1,69,Title race,Wolves,Everton,Gary O'Neil,Sean Dyche,4-3-2-1,3-5-2,defense,defense,good,average,1,0,1,4,60,66;74;78;84,13,10,2,3,15.4,,1.37,4.06,-0.37,,52.7,47.3,645,509,76.1,84.2,57,57,7,5,1,0,9,17,0,0,0,1,0,1,19,11,2,2,0,0,,1,0,1,4,1,28,18,14,16,20,32,3,3,18,9,?,13,31.8,36.8,5,13,71.1,66.1,106.0,112.8,297,272,4,2,1,nan,2.85,?,3.12,A,0,3
943,2021-22,2021-12-20,35,12:30,Tottenham Hotspur Stadium,,John Brooks,Foggy,19.7,53,Derby,Tottenham,Arsenal,Ange Postecoglou,Mikel Arteta,4-3-2-1,4-3-3,attack,attack,bad,average,0,0,0,1,none,65,18,10,4,5,22.2,50.0,0.1,1.39,-0.1,-0.39,42.9,57.1,680,561,86.5,85.1,72,,3,9,0,1,22,13,0,0,0,0,0,0,14,16,1,1,0,0,6,0,4,N/A,1,0,16,15,19,6,25,21,10,8,8,5,15,8,16.6,39.8,7,9,71.6,63.4,102.0,,274,147,2,4,3,0,2.36,4.3,2.9,A,0,3
243,2019-20,2020-01-29,21,14:05,Stamford Bridge,35277,Andy Madley,Light Rain,19.2,44,Cup,Chelsea,Bournemouth,Mauricio Pochettino,Andoni Iraola,4_2_3_1,4-4-2,balanced,attack,average,bad,1,0,3,0,6+5;66;74,none,15,17,9,4,60.0,##,3.0,0.1,0.0,-0.1,61.1,nan,655,609,84.6,73.6,62,23,11,1,0,0,13,19,1,0,0,0,0,0,11,15,2,1,0,0,3,5,4,6,,3,13,17,18,18,39,26,8,2,10,15,23,16,35.4,15.1,14,-12,61.9,63.7,106.0,-,194,214,2,,0,0,2.18,5.61,2.75,H,3,0
49,2019-20,2019-09-14,38,14:05,Old Trafford,63268,,Sunny,10.1,79,League,Manchester United,Wolves,Erik ten Hag,Gary O'Neil,4-2-3-1,4-4-2,balanced,,average,average,?,,2,1,10;37,,10,12,6,5,60.0,41.7,1.7,1.01,0.3,-0.01,54.1,45.9,615,583,84.9,78.4,43,25,5,9,0,,10,18,,0,0,1,,1,9,15,3,1,0,0,5,1,4,4,1,2,20,26,9,17,23,29,9,10,13,7,14,16,25.5,40.5,12,,62.8,40.2,110.0x,103.1,266,267,1,3,1,0,2.33,3.47,3.53,H,3,0
582,2020-21,2021-01-30,2,16:30,Gtech Community Stadium,15956,Chris Kavanagh,Clear,-,55,Cup,Brentford,West Ham,Thomas Frank,David Moyes,4-3-2-1,,,defense,bad,good,0,1,2,1,61;79,51,-2,16,3,7,27.3,43.8,1.67,1.24,0.33,-0.24,48.6,51.4,580,397,76.9,78.9,45,45,11,8,1,,19,19,0,0,,0,1,0,12,10,2,3,0,0,0,0,6,1,1,2,23,22,16,12,20,34,5,8,23,12,22,5,42.0,28.6,19,10,71.9,60.3,99.5,113.5,292,181,1,1,1,1,2.97,2.72,3.38,H,3,0
1740,2023-24,2024-01-14,37,17:30,Anfield,55911,Thomas Bramall,Foggy,7.1,89,Relegation 6-pointer,Liverpool,Nottm Forest,Jurgen Klopp,Nuno Espirito Santo,4-3-3,4-3-2-1,attack,defense,bad,bad,2,0,3,1,5;21;69,89,14,12,8,4,57.1,33.3,3.44,1.35,-0.44,-0.35,60.4,39.6,401,523,91.4,76.4,32,53,7,5,1,1,21,11,0,0,0,0,0,0,18,16,1,1,0,0,6,1,3,5,1,3,12,22,18,12,19,18,11,8,18.0,21,13,18,17.8,38.7,5,8,68.4,58.5,107.4,109.6,274,183,3,4,3,1,2.28,3.52,3.6,H,3,0
1443,2022-23,2023-03-09,38,14:05,Selhurst Park,24041,Stuart Attwell,Cloudy,5.0,69,Cup,Crystal Palace,Everton,Oliver Glasner,Sean Dyche,4_2_3_1,5-4-1,defense,defense,good,good,1,0,1,0,31,none,11,6,6,6,54.5,100.0,0.95,0.12,0.05,-0.12,53.3,46.7,630,277,83.4,76.0,,29,8,3,0,0,19,7,0,0,0,0,0,0,6,N/A,4,2,,0,N/A,0,6,5,0,1,18,22,15,15,25,34,8,5,14,5,24,7,15.6,27.1,18,15,74.2,51.1,109.4,105.2,234,279,0,2,0,0,2.1,5.42,2.94,H,3,0
1392,2022-23,2023-01-29,28,12:30,Bramall Lane,27749,Thomas Bramall,Light Rain,11.3,87,League,Sheffield United,Brighton,Chris Wilder,Roberto De Zerbi,,4-3-3,defense,balanced,average,average,1,0,1,2,29+2,14;79,8,7,6,4,75.0,57.1,1.4,1.95,,0.05,30.3,69.7,349,607,76.4,81.4,36,47,7,9,0,2,8,19,0,0,0,0,0,0,8,7,1,2,,0,2,0,2,5,2,1,27,14,10,6,15,29,5,6,24,14,15,11,35.5,35.7,12,10,43.5,48.4,104.8,107.2,249,167,1,3,2,1,2.78,4.2,2.48,A,0,3
1089,2021-22,2022-04-06,16,19:45,Vitality Stadium,10261,Michael Oliver,Clear,22.9,94,Title race,Bournemouth,Burnley,Andoni Iraola,Vincent Kompany,,4-3-3,attack,defense,avg,bad,nan,0,4,1,7+2;28;75;76,5,14,10,-1,7,71.4,70.0,3.78,1.18,,-0.18,54.1,45.9,625,610,80.2,73.6,54,55,5,2,0,1,7,10,0,0,0,0,0,0,6,10,2,2,0,1,6,5,6,6,1,4,16,22,?,11,22,31,5,4,21,22,5,22,37.5,35.9,13,4,49.0,41.6,111.0x,106.3,299,nan,3,2,1,0,1.94,6.39,3.04,H,3,0
1212,2022-23,2022-09-21,2,15:00,Villa Park,38858,Paul Tierney,Sunny,13.3,89,Cup,Aston Villa,Brighton,Unai Emery,Roberto De Zerbi,3-5-2,4-4-2,attack,balanced,average,BAD,1,0,2,0,11;73,none,15,16,3,6,20.0,37.5,1.58,,0.42,-0.1,46.9,53.1,645,648,82.9,,36,73,7,6,2,0,20,16,0,0,0.0,0,0,0,17,7,2,4,0,0,1,4,6,1,0,2,24,18,8,12,11,31,3,6,21,21.0,N/A,22,,,11,10,68.8,58.4,107.1,108.6,197,206,3,1,0,0,2.66,3.02,3.41,H,3,0
433,2020-21,15-10-2020,32,20:00,Selhurst Park,22775,Paul Tierney,Rainy,9.7,41,Top 4 battle,Crystal Palace,Bournemouth,Oliver Glasner,Andoni Iraola,4-3-3,4-1-4-1,defense,attack,bad,good,2,,4,4,39;39;64;87,7+4;13+2;53;73,18,16,10,3,55.6,18.8,4.59,2.75,-0.59,1.25,57.3,42.7,489,540,76.1,74.9,56,73,5,2,1,0,9,7,0,0,2,1,2,1,,6,3,2,0,0,4,5,0,6,,4,21,16,5,14,11,21,4,3,15,5,25,11,29.6,33.0,7,17,65.4,56.0,109.1,107.1,239,141,1,3,1,0,2.13,5.81,2.8,D,?,1
1917,2020-21,2021-06-22,7,12:30,Turf Moor,20140,Paul Tierney,Rainy,19.7,61,Relegation 6-pointer,Burnley,Manchester City,Vincent Kompany,Pep Guardiola,4-4-2,3-5-2,defense,balanced,good,bad,0,2,0,,none,40;63;79;83,8,10,2,4,25.0,40.0,0.1,3.06,-0.1,0.94,36.6,63.4,367,538,72.1,95.5,42,,10,4,0,0,7,17,0,0,0,0,0,0,9,16,2,3,0,,4,-4,0,2,4,0,21,10,7,6,38,17,8,8,25,13,11,14,39.1,21.4,7,12,42.3,43.7,,112.0,279,173,,6,3,1,,3.65,2.52,A,0,3
270,2019-20,2020-02-15,7,15:00,London Stadium,60700,Stuart Attwell,Rainy,-4.8,60,Top 4 battle,West Ham,Crystal Palace,David Moyes,,4-3-3,4-3-3,defense,defense,average,average,0,0,1,1,12,,15,15,3,2,20.0,13.3,1.05,1.12,-0.05,-0.12,51.1,48.9,416,432,,83.4,71,21,3,6,1,1,6,20,0,0,,0,0,0,,11,1,2,0,0,0,2,1,2,1,1,17,28,8,7,13,35,6,7,9,14,10,13,15.8,33.9,16,7,69.2,50.0,102.6,108.4,261,196,3,2,2,1,2.42,5.26,2.52,D,1,1
1470,2022-23,2023-03-26,1,15:00,Bramall Lane,31706,Jarred Gillett,Light Rain,24.6,78,Title race,Sheffield United,Manchester City,Chris Wilder,Pep Guardiola,3-5-2,4-3-2-1,defense,balanced,average,good,0,0,2,3,39;53,45;46+2;80+3,15,9,10,2,66.7,22.2,,3.02,-0.5,-0.02,33.5,66.5,608.0,471,71.8,94.3,35,73,4,2,0,2,7,16,0,1,1,2,1,1,11,14,2,0,0,1,0,1,0,8,3,2,13,10,5,12,?,19,7,8,24,7,19,13,29.3,33.1,10,4,70.0,49.1,107.8,114.5,150,229,5,3,1,1,3.59,3.69,2.22,A,0,3
6,2019-20,2019-08-11,23,19:45,Old Trafford,56417,David Coote,Overcast,7.3,,League,Manchester United,Everton,Erik ten Hag,Sean Dyche,,4-3-2-1,balanced,defense,bad,bad,2,0,2,0,48;78,none,16,6,8,6,50.0,100.0,1.65,0.35,0.35,-0.35,52.4,47.6,457,358,84.1,80.1,47,34,,3,0,0,6,8,0,0,0,0,0,0,6,6,0,2,0,0,5,0,6,6,0,2,27,12,17,6,16,11,2,2,12,11,25,6,39.8,33.9,14,11,43.5,43.1,,107.1,231,226,4,4,,0,2.4,,2.64,H,3,0
863,2021-22,2021-10-26,26,14:05,Goodison Park,32964,Chris Kavanagh,Foggy,12.2,,Top 4 battle,Everton,West Ham,Sean Dyche,David Moyes,4-2-3-1,4-4-2,defense,defense,average,good,0,2,,2,54;66,6;24+4,8,7,5,5,62.5,71.4,1.9,1.81,0.1,0.19,54.5,45.5,485,471,82.8,81.1,41,30,7,,1,1,21,5,1,0,1,1,1,nan,18,18,1,0,0,0,1,5,3,3,2,2,13,11,20,10,38,22,,3,21,21,23,9,24.6,34.7,15,18,58.6,43.3,103.6,116.9,163,164,1,N/A,0,0,2.85,4.07,2.48,D,1,1
311,2019-20,2020-03-15,30,16:30,St. James' Park,44122,Chris Kavanagh,Cloudy,11.0,68,Title race,Newcastle,Everton,,Sean Dyche,4-3-3,3-5-2,defense,defense,average,BAD,1,0,3,0,4+5;64;86,none,11,14,7,1,-,7.1,2.49,0.28,0.51,-0.28,59.8,40.2,605,290,86.5,,70,54,2,7,0,0,7,5,0,0,0,1,0,0,11,12,4,3,0,1,4,4,1,4,0,3,28,21,14,8,37,32,,9,10,5,25,21,33.5,18.7,9,14,61.9,42.0,107.6,106.0,239,197,3,3,2,1,2.58,4.14,2.7,H,3,0
1250,2022-23,2022-10-21,36,20:00,Villa Park,39057,Chris Kavanagh,Windy,,89,Relegation 6-pointer,Aston Villa,Sheffield United,Unai Emery,Chris Wilder,3-4-3,4-4-2,,DEFENSE,good,good,3,0,3,1,3;28;73,23,20,8,10,3,50.0,37.5,4.09,1.63,-1.09,-0.63,68.7,null,398,357,80.9,77.0,25,31,11,5,0,0,17,11,0,0,1,1,0,1,13,17,,2,0,0,2,1,2,7,1,3,23,15,10,14,39,14,4,10,22,21,7,,,18.9,19,7,55.7,65.4,110.7,107.7,199,209,2,3,1,0,2.02,6.17,2.92,H,3,nan
1215,2022-23,2022-09-29,14,12:30,Vitality Stadium,,Simon Hooper,Rainy,-3.7,77,Cup,Bournemouth,Luton Town,Andoni Iraola,Rob Edwards,4-3-2-1,4-3-2-1,attack,defense,average,average,1,0,2,0,65;80,nonex,20,6,6,6,30.0,100.0,1.82,0.29,0.18,-0.29,59.1,40.9,,,77.1,76.3,51,18,,7,2,0,19,nan,1,0,2,0,0,0,17,7,3,1,0,0,0,1,6,4,0,2,25,14,14,8,38,11,11,9,8,20,9,22,34.3,34.3,19,15,52.0,59.0,,106.5,211,182,4,2,0,0,2.45,3.86,3.0,H,3,0
1278,2022-23,2022-11-10,25,20:00,St. James' Park,39662,Andy Madley,Windy,-2.7,60,Top 4 battle,Newcastle,Bournemouth,Eddie Howe,Andoni Iraola,3-5-2,3-4-3,,attack,average,average,2,0,4,0,3;35;63;78,none,17,17,3,2,17.6,11.8,3.41,0.1,0.59,-0.1,49.6,50.4,353,521,81.6,78.3,41,39.0,7,3,0,0,17,10,0,0,1,0,1,0,9,9,2,3,0,0,5,3,2,,0,4,26,27,,17,37,18,10,6,13,13,13,22,41.2,41.3,8,8,41.0,,109.8,100.4,157,158,2,3,1,0,2.46,3.72,3.08,H,3,0
649,2020-21,2021-03-19,5,16:30,Kenilworth Road,9529,Anthony Taylor,Light Rain,17.7,61,Cup,Luton Town,Nottm Forest,Rob Edwards,Nuno Espirito Santo,4-4-2,,defense,defense,average,average,1,0,1,1,16,46,17,9,8,6,47.1,66.7,1.06,##,-0.06,-0.42,41.8,58.2%,411,346,78.9x,73.7,44,50,11,6,0,0,17,14,0,0,0,0,0,0,10,10,2,3,0,0,5,2,5,7,1,1,23,18,5,10,35,10,5,7,16,14,21,nan,27.3,32.4,8,11,61.7,61.4,107.8,98.5,178,208,3,1,1,0,2.3,5.93,2.52,D,1,1
946,2021-22,2021-12-21,25,15:00,Selhurst Park,20454,Stuart Attwell,Cloudy,9.8,78,Derby,Crystal Palace,Wolves,Oliver Glasner,Gary O'Neil,4-3-3,4-3-3,def,defense,good,good,1,2,1,3,42,53;56;89+5,9,11,9,4,100.0,36.4,0.96,,0.04,-0.4,57.6,42.4,328,,,80.2,72,44,11,2,1,2,11,7,0,0,0,0,0,0,6,10,2,1,0,0,6,,1,8,3,,12,24,13,16,38,21,3,8,24,12,18,19,28.0,19.9,16,9,42.8,50.0,,109.5,223,180,2,3,1,0,2.47,4.04,2.88,A,0,
1307,2022-23,2022-12-01,35,12:30,St. James' Park,50214,Stuart Attwell,Sunny,2.3,55,League,Newcastle,West Ham,Eddie Howe,David Moyes,4-3-2-1,4-3-2-1,defense,DEFENSE,bad,bad,0,0,1,1,9,81,16,13,10,2,62.5,15.4,,,-0.4,-0.52,56.4,43.6,696,,85.3,86.3,58,19,4,5,1,1,18,6,0,0,0,0,,0,13,9,2,1,0,0,5,3,1,9,1,1,23,20,5,8,14,29,12,2,13,18,15,17,-,45.0,13,6,55.5,59.1,-,111.1,227,235,0,4,2,0,2.26,4.53,2.97,D,1,1
1529,2023-24,2023-08-19,15,20:00,Bramall Lane,27828x,Andy Madley,Rainy,9.2,72,Derby,Sheffield United,Luton Town,Chris Wilder,Rob Edwards,5-4-1,4-2-3-1,defense,defense,bad,average,0,1,2,1,8;43,47+4,17,14,6,3,35.3,21.4,2.17,1.33,-0.17,-0.33,48.9,51.1,680,377,72.3,74.9,24,30,3,6,0,1,16,17,0,0,0,0,0,0,17,11,3,1,0,0,3,3,2,4,1,2,29,11,20,8,19,28,,10,18,12,25,22,38.3,43.3,,11,46.9,60.5x,114.4,108.3,154,272,3,3,1,1,2.51,3.46,3.19,H,3,0
1014,2021-22,2022-02-05,2,15:00,Selhurst Park,24874,Anthony Taylor,Rainy,17.5,72,League,Crystal Palace,Liverpool,Oliver Glasner,Jurgen Klopp,4-2-3-1,4-2-3-1,defense,attack,bad,AVERAGE,1,1,1,1,69,44,9,12,9,5,100.0,41.7,1.62,0.74,-0.62,0.26,40.6,59.4,-342,430,77.4,90.6,31,37,7,2,0,0,9,14,0,1,0,,0,0,12,12,?,2,0,0,1,4,4,8,1,1,29,16,19,5,15,16,4,4,6,11,20,10,41.8,32.6,13,8,63.2,70.0,109.0,113.7,219,,2,3,0,0,3.43,3.78,2.25,D,nan,1
1527,2023-24,2023-08-13,22,20:00,Old Trafford,66849,David Coote,Windy,6.4,88,Cup,Manchester United,Aston Villa,Erik ten Hag,,4-3-3,4-3-3,balanced,ATTACK,average,average,2,0,4,0,37;45;55;90,none,14,10,4,3,28.6,30.0,3.58,0.1,,-,52.3,47.7,400,417,88.1,87.5,65,44,8,4,2,0,11,7,0,0,2,0,2,0,18,,2,2,0,0,0,1,3,0,0,4,26,11,5,17,13,31,4,7,17,13,25,9,22.1,35.4,N/A,15,73.5,69.1,113.3,105.7,150,159,1,4,0,0,2.22,4.21,3.21,H,3,0
1033,2021-22,2022-02-20,37,17:30,Stamford Bridge,32185,John Brooks,Clear,15.3,78,Title race,Chelsea,Everton,Mauricio Pochettino,Sean Dyche,4-3-2-1,4-2-3-1,balanced,defense,average,Good,?,0,2,0,26;60,,20,17,7,2,35.0,11.8,2.76,0.1,-0.76,-0.1,51.0,49.0,692,441,85.2,79.4,79,19,6,3,0,0,9,8,0,0,0,,0,0,16,16,3,2,0,0,3,3,2,5,0,2,17,16,15,18,14,8,9,N/A,13,,19,21,30.7,21.8,13,10,52.3,67.5,105.0,104.5,173.0,155,3,0,1,0,2.29,3.7,3.41,H,3,0
913,2021-22,2021-11-28,16,20:00,Villa Park,34847,Michael Oliver,Rainy,12.1,64,Relegation 6-pointer,Aston Villa,Bournemouth,Unai Emery,Andoni Iraola,4-3-3,4-1-4-1,attack,attack,,avg,1,1,3,1,17;25;88,18,16,14,4,2,25.0,14.3,3.04,0.57,-0.04,0.43,52.5,47.5,615,428,79.2,,48,40,nan,7,2,1,12,8,1,0,0,0,0,0,12,20,2,0,0,1,0,5,1,1,1,3,13,23,10,18,25,24,5,10,22,11,14,11,27.2,29.9,10,9,,47.0,116.4,110.7,275,247,4,0,2,1,2.68,3.28,3.1,H,3,0
860,2021-22,2021-10-23,25,15:00,Goodison Park,36043,Anthony Taylor,Sunny,3.6,91,Derby,Everton,Fulham,Sean Dyche,Marco Silva,4-3-3,4-2-3-1,defense,balanced,bad,good,0,1,0,1,none,68+2,17,6,8,1,47.1,16.7,0.23,1.52,-0.23,,45.0,55.0,662,415,,80.3,53,40,2,6,0,0,10,14,0,0,0,0,0,0,7,16,2,,0,0,5,5,0,8,1,0,16,26,10,18,17,28,8,2,20,16,21,8,22.0,31.7,20,5,65.4,54.1,102.3,101.4,205,178,4,2,1,1,2.49,5.7,2.36,A,0,3
758,2020-21,2021-06-06,27,12:30,City Ground,24821,Thomas Bramall,Cloudy,8.2,85,Cup,Nottm Forest,Everton,Nuno Espirito Santo,Sean Dyche,5-4-1,3_5_2,DEFENSE,defense,avg,good,0,,0,4,none,12;18;86;88,9,15,2,2,22.2,13.3,0.44,4.83,-0.44,-0.83,52.4,47.6,477,296,77.7,79.7,69,25,10,4,0,1,12,19,0,0,0,2,0,2,18,N/A,0,3,0,0,6,0,0,2,4,0,29,13,16,10,18,27,8,2,5,13,12,22,44.6,26.4,9,14,51.8,42.8,102.7,107.1,224,154,2,3,2,0,2.15,8.85,2.37,A,0,3
1195,2022-23,2022-09-10,37,20:00,Old Trafford,64092,Robert Jones,Overcast,11.3,60,League,Manchester United,Brentford,Erik ten Hag,Thomas Frank,5-4-1,4-4-2,balanced,attack,good,average,2,1,2,2,,10;45,18,17,4,7,22.2,41.2,,2.32,-0.71,-0.32,47.6,52.4,501,261,86.8,86.6,54,27,2,7,0,1,22,20,0,0,0,0,0,0,N/A,15,3,3,0,0,5,1,5,2,2,2,11,15,,10,35,36,3,8,6,?,6,7,43.3,31.4,16,16,52.9,40.8,,108.7,169,189,4,2,1,1,2.1,6.94,2.63,D,1,1
244,2019-20,2020-01-26,5,20:00,Tottenham Hotspur Stadium,48926,Thomas Bramall,Overcast,8.5,75,League,Tottenham,Fulham,Ange Postecoglou,Marco Silva,4-4-2,4-3-3,attack,balanced,good,Avg,1,0,2,0,11;73,none,15,7,,3,13.3,42.9,2.0,0.22,0.0,-0.22,52.6,47.4,391,371,89.3,77.6,59,,-6,9,0,0,18,20,0,0,0,0,0,0,20,13,4,3,0,0,2,,3,0,0,,20,,14,17,19,14,6,4,19,14,22,16,43.0,28.6,12,,40.2,59.5,102.5,113.0,189,247,5,3,3,1,2.56,4.01,2.78,H,3,0
1965,2021-22,2021-12-16,4,20:00,Old Trafford,64900,Chris Kavanagh,Light Rain,27.4,77,Derby,Manchester United,Sheffield United,Erik ten Hag,Chris Wilder,4-4-2,5-4-1,balanced,defense,average,average,2,1,4,2,3;33;37;69,51;80,17,12,4,6,?,50.0,3.52,2.21,0.48,-0.21,57.6,42.4,469,385,84.8,72.7,78,28,7,4,1,0,20,12,1,0,0,0,0,0,14,14,-3,1,0,0,0,0,4,0,2,4,15,12,19,9,29,23,10,7,20,8,25,15,20.4,26.5,6,11,62.1,66.2,103.7,108.7,247,,3,3,0,0,2.26,3.61,3.57,H,3,0
1297,2022-23,2022-11-26,14,20:00,Turf Moor,16900,Paul Tierney,Rainy,nan,68,League,Burnley,West Ham,Vincent Kompany,David Moyes,4-4-2,3-5-2,defense,defense,average,average,1,0,2,2,14;26,48+3;73,19,17,10,3,52.6,17.6,2.32,2.31,-0.32,-0.31,40.6,59.4,569,471,,84.8,54,32,11,5,1,1,18,,0,0,2,0,1,0,14,N/A,2,1,1,?,4,,1,8,2,2,22,25,15,9,34,20,,5,15,6,14,5,20.4,29.2,17,-17,56.7,46.5,99.0,108.1,161,269,2,4,N/A,0,2.56,3.78,2.9,D,,
483,2020-21,2020-11-22,12,20:00,Goodison Park,31721,Michael Oliver,Clear,6.1,53,Title race,Everton,Chelsea,Sean Dyche,Mauricio Pochettino,4-2-3-1,3-5-2,defense,balanced,good,,0,1,1,5,2,1;4;6;19+4;49,8,16,3,8,37.5,50.0,1.31,6.2,-0.31x,-1.2,39.5,60.5,600,510,82.2,87.0,21,22,11,8,0,2,15,6,0,0,1,2,1,2,17,,1,3,0,0,4,0,3,,5,1,23,28,16,,18,37,11,7,6,12,19,17,,24.6,19,16,46.1,45.7,109.6,103.0,168,192,3,4,1,0,3.46,3.12,2.56,A,0,3
575,2020-21,2021-01-29,22,17:30,Anfield,58621,Andy Madley,,12.5,66,League,Liverpool,Manchester City,Jurgen Klopp,Pep Guardiola,4-2-3-1,4-3-2-1,attack,balanced,average,good,3,1,5,2,46;52;68;78;90,15+1;47,16,13,10,,62.5,,5.29,1.87,-0.29,0.13,41.9,58.1,,275,93.5,-,37,40,3,7,2,1,6,6,1,0,2,0,,0,18,7,1,2,0,0,5,5,3,5,2,5,22,17,20,8,14,21,5,2,10,,18,6,21.4,33.8,9,14,48.2,42.8,105.6,103.0,181,215,0,2,1,1,2.46,3.67,3.12,H,3,0
206,2019-20,2019-12-31,27,16:30,Craven Cottage,19740,Anthony Taylor,Cloudy,5.3,42,Cup,Fulham,Everton,Marco Silva,Sean Dyche,4-3-3,3-5-2,balanced,defense,average,bad,1,0,3,0,25+2;54;59,none,17,16,8,3,47.1,18.8,2.37,0.48,0.63,-0.48,45.0,55.0,541,594,83.5,74.6,38,33,3,5,0,,8,18,0,0,0,0,0,0,16,12,1,1,,0,6,5,3,5,0,3,23,24,10,10,30,14,12,,6,10,14,21,28.7,42.7,8,14,63.6,55.5,101.0,104.6,210,261,1,4,0,,2.07,,2.87,H,3,0.0
163,2019-20,2019-11-29,36,19:45,Molineux Stadium,30427,David Coote,Windy,9.7,70,Relegation 6-pointer,Wolves,Aston Villa,Gary O'Neil,Unai Emery,3-4-3,3-4-3,defense,attack,average,good,0,1,0,2,none,36;74,17,8,5,5,29.4,62.5,0.16,2.54,-0.16,-0.54,42.3,57.7,685,318,77.9,79.5,26,57,5.0,2,0,,9,N/A,0,0,0,0,0,0,19,16,1,1,0,0,1,1.0,3,5,2,0,,26,17,14,30,16,11,6,15,20,6,13,43.0,30.5,18,10,52.2,N/A,112.3,106.1,177,284,2,2,2,1,##,3.41,2.51,A,0,3
450,2020-21,2020-10-29,19,19:45,Turf Moor,17685,Paul Tierney,Cloudy,,54,League,Burnley,Nottm Forest,Vincent Kompany,Nuno Espirito Santo,4-3-3,4-1-4-1,defense,defense,bad,average,1,2,2,4,3;68,48;48;67;83,20,,4,8,20.0,100.0,1.6,4.22,0.4,-0.22,44.4,55.6,471,566,,73.7,37,19,5,5,1,0,12,8,1,1,0,0,0,0,14,20,3,2,0,0,2,0,4,2,4,2,14,19,8,16,30,27,,6,17,15,11,7,19.5,23.4,9,10,51.6,60.6,105.5,100.6,164,193,2,,2,1,2.49,4.49,2.67,A,0,3
1534,2023-24,2023-08-20,27,20:00,Molineux Stadium,24773,Andy Madley,Sunny,9.6,64,League,Wolves,Bournemouth,Gary O'Neil,Andoni Iraola,3-5-2,3-4-3,defense,attack,average,average,2,0,2,2,22;55+1,20;46,N/A,,3,2,37.5,18.2,2.17,2.45,-0.17,-0.45,57.0,43.0,365,407,79.3,79.8,51,57,6,4,2,2,12,14,0,0,0,,nan,0,8,16,3,2,0,0,6,0,0,1,2,2,13,10,18,5,24,31,8,10,15,17,12,?,44.4,34.0,7,17,66.3,46.6,110.7,103.9,212,190,5,3,1,0,2.65,4.33,nan,D,,1
36,2019-20,2019-09-02,21,16:30,Turf Moor,21509,Jarred Gillett,Clear,9.4,66,League,Burnley,Manchester City,Vincent Kompany,Pep Guardiola,4-4-2,3-4-3,defense,balanced,good,bad,2,2,2,3,16;32,12;57;74,14,12,6,6,42.9,50.0,1.59,3.69,0.41,-0.69,28.1,71.9,611,296,73.8,89.7,50,68,3,,1,1,11,8,0,0,0,1,0,0,10,19,2,1,0,0,6,5,?,4,3,2,25,24,17,6,35,33,7,3,12,10,16,22,39.5,36.2,19,18,45.1,41.9,109.2,106.8,263,288,3,2,2,0,4.37,3.5,2.06,A,0,3
1669,2023-24,2023-11-22,32,17:30,Stamford Bridge,38681,Michael Oliver,Windy,0.3,75,League,Chelsea,Manchester City,Mauricio Pochettino,Pep Guardiola,4-1-4-1,4_3_3,balanced,balanced,average,good,,1,2,2,6+2;74,18;21,13,13,9,7,69.2,53.8,1.93,2.19,0.07,,45.8,54.2,641,498,87.8,90.5,53,32,4,9,0,0,9,17,0,0,0,0,0,0,,18,3,1,0,1,6,5,5,7,2,2,16,12,6,8,37,22,7,3,24,16,21,18,25.0,20.5,19,17,59.9,61.0,113.9,108.2,165,155,3,3,0,0,2.97,3.19,2.86,D,1,1
842,2021-22,2021-10-08,9,12:30,Molineux Stadium,24579,Chris Kavanagh,Light Rain,7.9,85,League,Wolves,Bournemouth,,Andoni Iraola,,4-3-3,defense,attack,avg,bad,0,1,2,1,9+5;47,44,16,6,6,2,nan,33.3,,1.29,-0.11,-0.29,57.6,42.4,407,541,77.4,77.3,31,73,9,9,1,0,6,nan,1,0,1,0,1,0,15,17,1,1,0,0,,3,1,4,1,2,25,20,13,12,13,29,4,2,24,18,5,5,40.5,33.4,10,9,58.1,54.4,108.1,,255,159,3,3,2,1,2.69,3.69,2.8,H,3,0
594,2020-21,2021-02-09,38,17:30,Vitality Stadium,9983,David Coote,Sunny,4.1,,Relegation 6-pointer,Bournemouth,Everton,Andoni Iraola,Sean Dyche,4-1-4-1,4-3-3,attack,defense,bad,bad,0,0,0,1,none,25,13,10,3,6,23.1,60.0,0.1,,-0.1,-0.19,?,57.1,596,565,79.0,82.0,29,51,-6,2,0,1,21,16,0,0,0,0,0,0,15,20,3,1,0,0,3,1,5,3,1,0,24,17,11,8,13,9,8,4,19,13,16,11,44.9,36.4,9,12,51.9,69.0,104.3,107.1,199,,1,,2.0,0,2.43,4.33,,A,0,3
172,2019-20,2019-12-06,17,19:45,Goodison Park,29976,Thomas Bramall,Overcast,24.7,94,Top 4 battle,Everton,Manchester United,Sean Dyche,Erik ten Hag,4-1-4-1,4-3-2-1,defense,balanced,good,good,0,0,1,2,23,21;39,14,8,5,6,35.7,75.0,-,1.68,-0.3,0.32,40.5,59.5,496,636,,80.6,64,70,5,5,1,2,7,15,0,1,0,0,0,0,12,7,3,1,0,0,5,1,4,4,2,1,24,27,17,13,34,31.0,6,2,15,9,12,13,44.9,23.9,15,14,73.1,54.6,104.9,107.6,227,274,,1,2,1,2.33,4.1,3.06,A,,3
162,2019-20,02-12-2019,4,14:05,St. James' Park,46605,David Coote,Light Rain,6.4,70,League,Newcastle,Tottenham,Eddie Howe,Ange Postecoglou,4-3-2-1,3-5-2,defense,attk,good,bad,0,0,1,1,13+3,56,15,,6,7,40.0,63.6,1.71,1.11,-0.71,-0.11,45.1,54.9,651,489,79.7,87.9,32,20,7,1,0,1,20,16,0,0,0,0,0,0,13,7,2,2,0,0,5,3,6,5,1,1,27,19,14,12,13,27,9,9,17.0,17,19,22,24.1,29.2,13,17,70.8,64.8,100.3,108.7,171,206,0,2,0,0,2.5,3.63,3.08,D,1,1
1004,2021-22,2022-01-31,34,12:30,Selhurst Park,20398,Thomas Bramall,Foggy,18.6,70,Title race,Crystal Palace,Bournemouth,Oliver Glasner,Andoni Iraola,4-3-2-1,4-2-3-1,defense,attack,good,good,0,0,1,2,5,20;72+5,13,7,8,4,N/A,57.1,0.86,2.74,0.14,,60.3,39.7%,440,460,77.5,82.6,41,75,4,1,0,0,7,9,1,0,0,0,0,0,14,14,3,3,0,0,2,3,2,7,2,1,24,13,12,11,13,15,10,9,9,19,18,14,44.8,42.4,6,9,44.6,,105.5,105.6,207,,5,1,2,0,2.48,4.19,2.8,A,0,3
519,2020-21,2020-12-19,19,17:30,St. James' Park,52044,Robert Jones,Overcast,19.2,73,Top 4 battle,Newcastle,Manchester United,Eddie Howe,Erik ten Hag,,5-4-1,defense,balanced,good,bad,0,0,1,0,69,none,18,6,3,3,16.7,50.0,0.97,0.22,0.03,-0.22,49.8,50.2,434,309,86.2,83.8,59,74,11,2,1,0,8,5,0,0,,0,0,0,11,9,1,2,0,0,1,1,3,2,0,1,25,27,6,6,17,21,12,2,18,18,22,21,23.0,27.3,12,6,57.5,42.1,96.9,112.7,205,239,5,2,1,0,2.14,9.26,,H,3,0
409,2020-21,2020-10-04,35,15:00,Etihad Stadium,50729,Paul Tierney,Clear,13.7,56,League,Manchester City,Sheffield United,Pep Guardiola,Chris Wilder,4-4-2,3-5-2,balanced,defense,bad,average,3,1,,1,24;51;61,89,16,9,4,2,25.0,22.2,3.14,0.73,-0.14,,67.7,32.3,320,482,95.6,69.5,45,58,9,3,0,0,20,11,0,0,0,0,0,0,7,19,1,1,1,0,4,3,1,1,1,3,26,19,14,17,20,14,5,2,16,15,14,9,20.9,31.4,18,13,57.5,49.8,102.6,108.8,250,165,1,3,1,1,1.87,5.25,3.64,H,3,
2060,2020-21,2020-11-04,29,20:00,London Stadium,61455,Robert Jones,Foggy,4.0,64,Relegation 6-pointer,West Ham,Brentford,David Moyes,Thomas Frank,4-1-4-1,,defense,attack,average,bad,0,0,3,0,14;43;81,none,8,15,6,,75.0,,,0.1,-0.89,-0.1,53.1,46.9,452,630,82.9,79.4,71,61,9,9,2,0,16,5,0,0,1,0,1,0,10,19,2,0,0,0,2,1,3,3,0,3,19,,10,17,26,31,2,6,20,21,23,13,31.3,33.6,14,18,56.2,45.8,114.8,108.6,240,288,2,4,0,0,nan,6.22,2.62,H,3,
652,2020-21,2021-03-25,32,17:30,Tottenham Hotspur Stadium,60071,John Brooks,Windy,8.5,,League,Tottenham,Wolves,Ange Postecoglou,Gary O'Neil,3-5-2,3-5-2,attack,,bad,bad,2,0,3,0,52;60;72,none,15,11,,1,33.3,,2.78,0.1,0.22,-0.1,55.3,44.7,352,413,88.9,78.2,42,54,10,2,2,0,13,7,0,0,0,0,0,0,6,20,3,3,0,0,4,5,1,2,0,3,22,24,12,15,26,25,8,6,16,14,5,12,36.1,36.0,5,13,67.4,44.2,104.0,108.7,191,174,2,7,1,1,2.07,7.05,2.67,H,3,0
1512,2022-23,2023-04-23,2,16:30,Selhurst Park,?,Andy Madley,Foggy,2.3,76,League,Crystal Palace,Brentford,Oliver Glasner,Thomas Frank,4-2-3-1,4-1-4-1,defense,attack,average,good,,0,2,1,54;78,8+2,14,16,3,3,21.4,18.8,1.43,1.0,0.57,0.0,42.7,57.3,498,436,77.4,,66,37,3,,2,1,8,19,,0,0,0,0,0,11,14,3,4,0,0,3,2,2,1,1,2,?,18,18,14,31,30,7,4,5,10,25,10,25.2,31.5,8,4,71.6,58.3,112.5,109.7,153,221,2,4,1,0,2.22,6.08,2.6,H,3,0
524,2020-21,2020-12-20,29,12:30,Vitality Stadium,10263,David Coote,Overcast,2.5,95,Relegation 6-pointer,Bournemouth,Burnley,Andoni Iraola,Vincent Kompany,4-3-2-1,,,defense,,,0,1,1,1,66+1,26,12,8,3,8,25.0,,0.71,1.28,0.29,-0.28,51.0,49.0,393,586,74.2,72.9,,27,10,1,1,1,19,9,0,0,0,0,0,0,7,17,2,2,0,0,1,0,7,2,1,1,18,17,20,12,14,38,9,6,24,13,18,20,36.5,22.3,6,7,66.0,61.9,108.1,106.7,268,190,2,5,1,0,2.54,3.0,3.66,D,1,1
542,2020-21,2021-01-06,28,12:30,Turf Moor,20372,Jarred Gillett,Light Rain,,40,Cup,Burnley,Manchester City,Vincent Kompany,Pep Guardiola,5-4-1,5-4-1,defense,balanced,good,bad,0,2,0,3,none,3;49;85,8,11,3,,37.5,54.5,0.1,3.02,-0.1,-0.02,31.6,68.4,610,456,70.6,94.9,37,54,2,3,0,0,14,14,0,0,0,0,0,0,,6,0,1,0,0,0,0,3,3,3,0,13,nan,13,5,11,13,8,2,14,9,23,20,41.9,22.5,18,15,67.2,50.8,109.1,106.0,158,257,5,3,0,0,4.8,3.69,1.92,A,0,N/A
495,2020-21,2020-11-29,10,15:00,Gtech Community Stadium,15171,Thomas Bramall,Rainy,,60,League,Brentford,Bournemouth,Thomas Frank,Andoni Iraola,4-4-2,3-4-3,attack,attack,average,good,2,0,2,0,47+3;85,none,10,15,5,4,50.0,26.7,2.57,0.18,-0.57,-0.18,46.5,53.5,556,291,79.5,79.9,22,40,4,3,0,0,18,?,,0,0,0,0,0,15,8,1,2,,,0,4,4,3,0,2,22,21,15,7,30,12,12,9,25,14,16,18,25.0,24.9,19,13,40.8,57.9,108.1,110.7,180,239,2,3,,0,2.3,5.47,2.62,H,3,0
58,2019-20,2019-09-16,1,14:05,Goodison Park,37006,Michael Oliver,Clear,3.7,-,Cup,Everton,Bournemouth,Sean Dyche,,4-2-3-1,4-1-4-1,defense,attack,average,bad,0,0,2,0,37;67,none,11,13,3,2,27.3,15.4,2.84,0.45,-0.84,-0.45,47.1,52.9,547,624,80.1,73.3,59,36,5,7,2,0,20,13,0,0,0,0,0,0,17,12,3,2,0,0,5,2,2,1,0,2,24,28,8,18,33,31,7,7,23,7,12,16,28.0,37.2,16,8,,65.9,110.3,108.4,179,216,5,4,1,0,2.27,4.58,2.92,H,3,0
1916,2023-24,2024-05-29,25,17:30,Amex Stadium,28473,Stuart Attwell,Clear,25.1,70,Derby,Brighton,West Ham,Roberto De Zerbi,David Moyes,4-4-2,3-4-3,balanced,defense,good,average,2,0,6,nan,14;28;40+1;40+1;57;79,54,12,6,9,6,75.0,100.0,5.97,0.96,0.03,0.04,58.4,41.6,597,295,,77.6,45,43,5,9,1,1,,14,1,1,1,0,1,0,6,18,3,2,0,0,2,1,5,3,1,6,21,N/A,11,8,39,16,11,4,19,14,13,22,24.8,18.7,6,9,46.4,58.6,104.5,105.0,215,152,2,2,0,0,2.22,4.88,2.9,H,3,0
1612,2023-24,2023-10-12,9,15:00,Bramall Lane,29073,David Coote,Rainy,15.1,40,League,Sheffield United,Chelsea,Chris Wilder,Mauricio Pochettino,4-2-3-1,3-5-2,defense,balanced,good,average,1,1,,4,4,14;21;68;69,13,7,6,6,46.2,,1.05,4.99,,-0.99,37.4,,451,575,70.6,88.0,27,43,10,7,0,2,16,13,0,N/A,0,0,0,0,9,10,2,0,0,0,,5,2,5,4,1,27,N/A,19,7,17,26,6,8,6,8,?,11,19.0,26.7,16,12,69.2,66.3,107.1,112.9,272,215,2,2,0,0,4.08,3.06,2.34,A,0,3
1087,2021-22,2022-04-02,15,12:30,London Stadium,N/A,David Coote,Rainy,9.6,45,League,West Ham,Tottenham,David Moyes,Ange Postecoglou,4-4-2,5_4_1,defense,attack,good,average,1,2,1,2,63,59;87,15,14,6,6,40.0,42.9,0.97,1.56,0.03,0.44,43.2,56.8%,404,328,##,89.6,29,48,3,8,,0,16,6,0,2,0,0,0,0,8,14,1,1,0,0,4,3,4,5,2,1,15,28,12,15,nan,37,3,10,10,10,21,10,38.0,30.6,,8,65.8,55.5,112.5,106.7,243,271,1,2,0,0,2.77,4.85,2.31,A,0,3
93,2019-20,2019-10-11,30,14:05,Tottenham Hotspur Stadium,51520,Anthony Taylor,Light Rain,1.5,83,Relegation 6-pointer,Tottenham,Everton,Ange Postecoglou,Sean Dyche,5-4-1,4-2-3-1,attack,defense,good,good,2,0,2,3,32;48,6;77;77,18,7,6,3,33.3,,2.28,3.57,-0.28,-0.57,59.5,40.5,429,481,84.8,77.3,36,62,,8,0,1,7,17,1,0,0,2,0,2,19,12,2,1,0,0,2,1,0,4,3,2,16,16,10,?,36,24,5,3,18,14,9,,39.3,21.6,5,16,60.4,62.3,110.8,101.3,176,232,,2,3,1,2.1,4.1,3.57,A,0,3
428,2020-21,2020-10-14,6,17:30,Etihad Stadium,41369,Chris Kavanagh,Rainy,12.8,81,League,Manchester City,Nottm Forest,Pep Guardiola,Nuno Espirito Santo,4-2-3-1,5-4-1,balanced,defense,good,good,2,0,4,?,11;19;33+5;38,,13,17,5,,38.5,11.8,4.57,?,-0.57,0.1,58.9,41.1,414,?,95.9,81.9,44,nan,N/A,9,1,1,9,19,0,0,1,1,1,1,8,18,1,2,0,0,4,1,0,1,3,4,21,17,10,7,10,29,7,4,7,15,25,16,42.8,24.9,5,7,62.3,61.4,107.1,105.1,294,219,1,3,0,0,1.88,4.68,,H,3,?
800,2021-22,2021-09-08,4,14:05,Old Trafford,61209,Robert Jones,Rainy,2.9,78,League,Manchester United,Arsenal,Erik ten Hag,Mikel Arteta,,3-5-2,balanced,attack,bad,bad,N/A,4,2,-4,2;25,29;68;73;88,13,12,7,4,53.8,33.3,2.11,3.15,-0.11,0.85,38.9,61.1,386,528,90.1,91.4,45,34,8,1,1,1,6,16,0,0,1,0,0,0,6,15,4,2,0,0,1,5,0,5,4,2,24,12,14,12,24,24,2,4,6,8,7,17,36.9,25.9,7,18,64.7,63.5,109.2,106.8,293,263,4,3,2,1,,2.93,3.05,A,0,3
1936,2021-22,2021-09-06,3,16:30,Old Trafford,57544,Paul Tierney,,11.5,88,Cup,Manchester United,Nottm Forest,Erik ten Hag,Nuno Espirito Santo,4-3-3,3-4-3,BALANCED,attack,good,average,2,0,2,1,84;85,43,N/A,15,2,5,12.5,33.3,2.27,1.04,-0.27,-0.04,55.8,44.2,485,570,87.2,75.1,32,33,11,2,2,0,21,19,0,0,0,1,0,1,15,12,1,2,0,0,0,2,4,0,1,2,nan,24,10,13,16,21,3,5,?,16,12,22,22.6,32.5,19,14,70.6,66.9,102.0,108.8,241,180,3,3,1,1,2.67,3.29,3.11,H,3,0
140,2019-20,2019-11-13,10,14:05,Kenilworth Road,9173,Andy Madley,Overcast,9.9,84,Title race,Luton Town,Aston Villa,Rob Edwards,Unai Emery,3-4-3,3-4-3,defense,attack,average,bad,0,1,0,1,none,66,11,11,10,4,90.9,36.4,0.1,0.99,-0.1,##,44.4,55.6,527,421,70.4,83.7,69,34,10,5,0,0,11,14,0,0,0,0,0,0,13,6,3,4,0,0,0,5,,10,1,0,18,26,8,16,,16,4,3,5,22,9,,31.3,18.5,13,4,50.6,45.6,109.1,104.2,300,208,2,3,nan,0,2.65,5.19,2.32,A,0,3
309,2019-20,2020-03-13,37,12:30,St. James' Park,46855,Michael Oliver,Rainy,4.2,49,Title race,Newcastle,Crystal Palace,Eddie Howe,Oliver Glasner,4-3-3,4-3-3,defense,defense,average,good,,,2,0,58;78,none,10,15,5,6,50.0,40.0,2.5,0.1,-0.5,-0.1,59.2,40.8,593,280,85.2,84.5,53,59,2,2,1,0,14,15,0,0,0,0,0,0,19,15,1,2,0,0,2,4,6,3,0,2,,17,14,,31,19,5,8,20,20,13,20,23.9,32.1,7,17,74.4,42.8,100.7,108.5,251,242,4,2,0,0,2.15,3.7,3.79,H,3,0
323,2019-20,2020-03-25,32,15:00,Turf Moor,17834,Anthony Taylor,Windy,10.5,52,League,Burnley,Nottm Forest,Vincent Kompany,Nuno Espirito Santo,4-3-3,,defense,defense,average,bad,1,0,1,3,27,2;40;47,18,9,3,7,16.7,77.8,0.73,,0.27,0.96,49.8,50.2,350,527,70.4,81.0,58,67,9,N/A,1,1,16,17,0,0,0,0,0,0,14,11,1,2,0,0,0,0,4,2,3,1,24,24,7,12,17,33,5,4,10,15,23,21,26.8,,19,6,54.2,71.6,110.2,107.7,268,181,0,5,2,0,2.68,5.65,2.22,A,0,3
1095,2021-22,2022-04-06,24,17:30,Craven Cottage,21883,Chris Kavanagh,Rainy,11.8,85,Relegation 6-pointer,Fulham,Liverpool,Marco Silva,Jurgen Klopp,4-3-3,4-4-2,balanced,attack,good,bad,0,,0,1,none,45,9,16,5,3,55.6,18.8,,1.38,-0.1,-0.38,49.3,50.7,411,379,82.9,93.9,62,56,,2,0,0,N/A,13,0,1,0,0,0,0,9,10,0,2,0,0,6,0,2,5,1,0,18,16,10,18,25,23,10,8,7,11,18,15,44.1,40.6,16,11,68.5,N/A,106.4,111.2,201,164,4,2,2,0,2.46,6.62,2.26,A,0,3
1574,2023-24,17-09-2023,19,19:45,Amex Stadium,30481,Simon Hooper,Clear,12.1x,45,League,Brighton,Manchester City,Roberto De Zerbi,Pep Guardiola,5-4-1,5_4_1,balanced,BALANCED,bad,bad,0,0,0,1,none,14,8,16,5,2,62.5,12.5,0.47,1.44,-0.47,,42.1,57.9,479,626,,90.0,20,22,3,3,0,1,6,14,0,0,0,0,0,0,16,17,1,2,0,0,5,0,1,5,1,0,18,10,12,15,34,19,5,6,13,17,7,13,21.7,24.5,7,8,48.4,43.6,107.6,104.5,166,166,1,5,N/A,0,?,3.96,2.36,A,0,3
659,2020-21,2021-03-31,29,14:05,Molineux Stadium,,Paul Tierney,,14.8,80,Cup,Wolves,Nottm Forest,Gary O'Neil,Nuno Espirito Santo,4-3-3,4-1-4-1,defense,defense,good,good,0,0,nan,2,none,,8,6,7,2,87.5,33.3,0.35,2.03,-0.35,,43.9,56.1x,,395,75.2,83.2,41,74,5,9,0,0,22,8,0,0,0,0,0,0,10,20,2,2,0,0,,3,0,7,2,0,22,24,9,8,18,22,8,10,16,22,23,5,17.7,,,11,44.2,62.6,111.4,97.4,241,242,1,5,1,0,2.22,6.53,2.53,A,0,3
1919,2021-22,2021-10-21,22,20:00,Turf Moor,21410,Paul Tierney,Cloudy,17.5,79,Derby,Burnley,Chelsea,Vincent Kompany,Mauricio Pochettino,4-3-2-1,4-2-3-1,defense,balanced,bad,good,0,3,1,,15,19;51;78,15,7,3,,20.0,42.9,1.34,2.05,,0.95,36.6,63.4,646,459,71.4,87.5,66,26,9,6,1,2,20,18,0,0,0,0,0,0,10,13,2,2,0,0,0,2,0,2,3,1,15,16,20,10,17,38,9,6,17,18,12,14,26.2,35.3,18,17,49.0,40.2,115.8,102.8,247,156,?,2,0,0,2.92,,2.26,A,,3
1283,2022-23,2022-11-14,19,17:30,Goodison Park,34107,Andy Madley,Rainy,10.1,56,League,Everton,Fulham,Sean Dyche,Marco Silva,4-2-3-1,4-3-2-1,defense,balanced,good,bad,1,1,2.0,1,40;46,32,15,15,10,1,66.7,6.7,2.85,0.94,-0.85,0.06,39.9,60.1,506,578,78.9,79.0,,18,3,3,0,0,6,9,0,0,1,1,1,0,13,8,1,3,0,0,1,5,0,8,1,2,23,27,17.0,15,40,9,12,5,17,,23,4,39.2,25.3,16,12,67.5,53.4,112.2,100.7,255,176,3,4,0,0,2.37,4.31,2.89,H,3,0
869,2021-22,2021-10-31,21,14:05,Craven Cottage,23181,Andy Madley,Overcast,17.6,92,Title race,Fulham,Newcastle,Marco Silva,Eddie Howe,4-4-2,,balanced,DEFENSE,average,bad,1,1,1,1,90+2,32,,14,2,3,13.3,21.4,1.08,0.71,-0.08,0.29,52.7,47.3%,651,622,83.5,88.0,29,24,8,,1,1,20,7,nan,0,0,0,0,0,12,8,1,4,0,0,5,0,2,1,1,1,20,,?,11,23,19,5,3,23,5,8,21,28.5,25.9,13,17,53.4,45.0,108.7,N/A,286,195,,2,1,0,2.42,5.52,2.46,D,1,1
1320,2022-23,2022-12-13,18,14:05,Goodison Park,32548,David Coote,Windy,10.7,74,League,Everton,Aston Villa,Sean Dyche,Unai Emery,4-4-2,3-4-3,defense,attack,bad,good,0,0,3,?,40;46;90,32;51;89+3,16,15,7,5,43.8,33.3,2.29,2.92,0.71,0.08,45.7,54.3,576,419,81.8,82.6,73,25,10,,1,2,7,19,1,0,,0,1,0,18,10,2,1,0,0,4,5,2,4,3,3,27,23,10,16,34,31,10,4,22,,13,6,19.3,22.2,17,16,-,63.7,106.8,109.5,168,223,0,5,0,0,2.37,6.38,2.38,D,1,1
331,2019-20,2020-04-02,3,14:05,Kenilworth Road,9198,Jarred Gillett,Clear,11.1,45,League,Luton Town,Wolves,Rob Edwards,Gary O'Neil,3-5-2,4-3-3,defense,defense,bad,average,0,1,2,2,21;70,20;28,8,7,3,5,37.5,71.4,2.17,##,-0.17,0.02,35.6,64.4,305,538,79.5,78.6,29,58,10,4,0,0,15,14,0,0,0,0,0,0,20,20,1,3,0,N/A,2,2,3,1,2,2,30,12,15,5,39,12,3,2,12,13,25,18,39.2,24.9,9,18,55.3,nan,106.4,105.8,248,248,2,0,1,1,3.5,4.03,2.14,D,1,1
1787,2023-24,2024-02-13,28,16:30,Molineux Stadium,25485,Chris Kavanagh,Overcast,4.9,44,Title race,Wolves,Nottm Forest,Gary O'Neil,,4-3-3,5-4-1,defense,defense,good,average,0,1,4,1,5;37;46;76+2,72,17,10,7,1,41.2,10.0,4.03,0.87,,0.13,57.8,42.2,380,609,76.2,81.1,21,33,8,3,1,1,15,6,0,,1,0,1,,14,7,1,4,1,0,,0,0,3,1,,25,22,13,17,19,26,12,3,9,8,24,16,19.2,33.3,12,13,49.1,47.9,114.7,111.2,234,234,1,3,0,0,2.47,5.24,2.48,H,3,0
226,2019-20,2020-01-14,35,12:30,Old Trafford,69773,Andy Madley,Rainy,13.3,73,League,Manchester United,Crystal Palace,Erik ten Hag,Oliver Glasner,4-1-4-1,3-5-2,BALANCED,defense,average,good,1,0,3,0,8;41+2;43,none,20,11,8,7,40.0,63.6,3.25,0.2,-0.25,-0.2,59.7,40.3,456,490,86.7,81.8,55,36,4,3,2,0,21,7,0,0,1,0,1,0,11,16,1,1,0,0,2,4,7,5,0,3,16,17,12,5,18,29,7,2,11,12,12,10,41.3,25.6,10,12,69.2,71.7,104.3,108.4,197,230,5,2,2,0,1.96,8.76,2.67,H,3,0
1272,2022-23,2022-11-03,10,19:45,Turf Moor,17431,Simon Hooper,,19.5,70,Cup,Burnley,Arsenal,Vincent Kompany,,4-4-2,3-4-3,def,attack,,average,0,0,2,3,4;45,16;38;42,14,17,3,3,21.4,17.6,2.16,2.36,,0.64,41.2,58.8,698,439,77.6,87.8,43,45,8,2,1,0,18,18,1,0,1,1,1,0,13,9,2,2,?,0,6,3,?,1,3,2,16,26,17,15,11,15,10,2,11,16,10,7,43.7,25.1,5,12,57.4,66.6,104.5,108.2,254,281,5,?,2,2,2.65,5.91,2.21,A,0,3
749,2020-21,2021-06-02,3,17:30,Molineux Stadium,28796,Anthony Taylor,Rainy,16.2,78,League,Wolves,Manchester City,Gary O'Neil,Pep Guardiola,3-5-2,4-4-2,defense,balanced,good,average,0,1,1,3,45,28+1;49;85,10,8,4,-2,40.0,37.5,0.9,2.27,,0.73,46.3,53.7,456,418,78.3,90.1,63,20,4,5,1,1,18,15,1,0,0,0,0,0,7,15,3,1,0,0,1,4,0,3,3,1,15,14,8,6,13,11,4,9,25,19,5,15,30.6,40.3,20,18,70.6,59.0,102.5,112.5,281,178,1,4,2,0,2.52,4.18,2.75,A,0,3
703,2020-21,2021-04-27,33,16:30,Tottenham Hotspur Stadium,52061,David Coote,Windy,5.7,82,League,Tottenham,Arsenal,Ange Postecoglou,Mikel Arteta,4-1-4-1,3-5-2,attack,attack,average,average,3,0,,1,29;78;80,86+5,10,7,7,7,70.0,100.0,2.33,1.1,0.67,-0.1,53.7,46.3,605,487,84.7,87.9,66,26,7,6,0,0,17,17,0,1,0,0,0,0,8,20,3,0,,0,4,4,,4,N/A,3,30,20,18,7,36,32,3,,10,6,21,12,24.9,44.6,16,11,,53.3,107.7,109.3,207,189,4,3,2,0,2.58,3.76,2.89,H,3,0
102,2019-20,2019-10-19,21,15:00,Molineux Stadium,31811,Simon Hooper,Clear,3.0,47,League,Wolves,Nottm Forest,Gary O'Neil,Nuno Espirito Santo,4-4-2,4-4-2,defense,defense,good,good,0,1,1,1,66,78,9,15,3,4,33.3,26.7,1.01,,-0.01,-0.02,52.8,47.2,451,369,76.3,82.0,51,61,5,9,1,0,19,20,1,0,0,0,0,0,7,nan,2,0,0,0,2,3,3,2,1,1,21,11,8,18,32,22,,5,22,16,18,7,33.5,29.8,nan,5,51.4,69.1,113.9,107.4,,216,1,4,0,0,2.19,5.7,2.71,D,1,1
876,2021-22,2021-11-04,26,15:00,Etihad Stadium,,Jarred Gillett,Rainy,18.2,75,League,Manchester City,Wolves,Pep Guardiola,Gary O'Neil,4-3-3,4-3-3,balanced,defense,average,BAD,,0,4,2,41+3;45;75;75,14;64,13,11,4,3,30.8,27.3,5.27,2.76,-1.27,-0.76,62.4,37.6,600,526,91.0,84.3,22,18,,9,1,0,13,14,1,0,1,2,0,2,19,10,2,0,0,0,5,0,1,0,2,4,10,16,,13,23,25,4,,13,6,7,15,,15.3,16,18,60.2,47.9,107.5,107.9,223,283,3,2,1,1,2.56,2.68,4.22,H,,0
1282,2022-23,2022-11-15,25,16:30,Craven Cottage,19993,Andy Madley,Light Rain,23.2,86,Cup,Fulham,Manchester United,Marco Silva,Erik ten Hag,4-4-2,3-4-3,balanced,balanced,average,bad,1,2,2,2,11;73,14;60,13,16,2,7,15.4,43.8,2.03,2.12,-0.03,-0.12,47.8,52.2,341,497,80.2,80.3,69,55,5,5,2,2,22,18,1,0,0,0,0,0,6,7,1,1,0,0,1,1,5,,2,2,19,19,20,8,20,26,8,6,23,16,22,14,,26.5,11,8,71.7,,111.2,105.7,259,163,3,3,0,0,3.42,3.63,2.32,D,1,1
931,2021-22,2021-12-12,19,20:00,St. James' Park,##,John Brooks,Light Rain,10.2,94,League,Newcastle,Manchester United,Eddie Howe,Erik ten Hag,5-4-1,4-2-3-1,defense,balanced,good,good,1,1,2,1,18;61,30,17,17,4,,23.5,41.2,1.59,1.45,0.41,-0.45,47.9,52.1,345,627,82.0,89.5,72,65,11,,0,1,,12,0,0,1,0,1,0,16,18,4,4,0,0,0,5,6,2,1,2,29,,6,18,12,26,7,6,,10,19,9,33.9,35.7,20,?,44.1,58.1,103.7,104.9,274,148,4,4,0,0,2.47,4.18,2.81,H,3,0
1998,2019-20,2020-03-27,35,12:30,Vitality Stadium,8760,John Brooks,Windy,17.0,40,Relegation 6-pointer,Bournemouth,Nottm Forest,Andoni Iraola,Nuno Espirito Santo,4-3-3,5-4-1,attack,defense,bad,average,2,1,2,2,9;64,51;79,14,7,2,7,14.3,100.0,2.23,2.17,-0.23,-0.17,47.6,52.4,443,491,81.8,82.5,75,?,4,1,1,0,10,20,1,0,0,0,0,0,,12,1,2,0,0,3,,5,0,2,2,29,22,6,5,,20,4,4,14,17,15,14,36.9,42.6,,14,66.8,66.1,110.7,106.1,257,244,2,3,2,2,2.82,3.92,,D,1,
1352,2022-23,2023-01-04,33,16:30,Amex Stadium,null,John Brooks,,4.5,68,League,Brighton,Brentford,Roberto De Zerbi,Thomas Frank,5-4-1,4-4-2,BALANCED,attack,bad,bad,0,0,2,0,4;83+5,none,12,6,2,2,16.7,33.3,1.51,0.33,0.49,-0.33,49.9,50.1,692,351,82.1,80.0,69,31,,2,1,0,?,12,0,0,0,0,0,0,6,14,1,1,0,0,0,5,2,0,0,2,26,11,nan,12,17,27,8,9,16,10,17,21,15.0,17.1,14,11,40.0,56.0,98.3,112.0,299,265,3,7,0,0,2.4,3.64,3.24,H,3,0
1544,2023-24,2023-08-30,24,19:45,Anfield,58027,Stuart Attwell,Light Rain,17.5,47,Top 4 battle,Liverpool,Burnley,Jurgen Klopp,Vincent Kompany,4-3-3,4-2-3-1,attack,defense,good,,0,0,1,0,6,,8,11,7,5,87.5,,1.28,0.47,-0.28,-0.47,62.5,37.5,362,579,91.4,74.6,40,62,9,6,nan,nan,17,15,0,0,0,0,0,0,17,7,2,3,0,0,1,3,5,6,0,1,24,28,17,15,17,23,2,4,13,8,,6,25.8,22.1,20,10,59.4,71.0,117.7,105.2,252,223,1,1,1,0,1.91,3.79,4.69,H,,0
523,2020-21,2020-12-20,18,17:30,Anfield,51811,John Brooks,Cloudy,8.0,56,League,Liverpool,Aston Villa,Jurgen Klopp,Unai Emery,3-5-2,4_1_4_1,attack,attack,bad,good,,0,1,1,82,3,20,8,8,8,40.0,100.0,0.85,1.1,0.15,-0.1,53.9,46.1,311,325,89.0,84.6,52,62,,4,1,0,7,12,,,0,0,0,0,18,13,1,0,0,0,3,0,7,7,,1,21,14,16,18,25,25,2,9,19,20,10,17,32.1,16.1,11,6,44.8,,108.5,111.8,279,229,2,3,2,2,2.6,3.25,3.25,D,1,1
246,2019-20,2020-01-30,26,17:30,Goodison Park,33213,Anthony Taylor,Windy,5.5,48,Relegation 6-pointer,Everton,Manchester City,Sean Dyche,Pep Guardiola,3-5-2,4-2-3-1,defense,balanced,good,average,1,0,1,2,7,44;85,14,11,6,7,42.9,63.6,0.84,2.76,0.16,-0.76,30.1,69.9,595,471,83.2,95.9,46,57,11,8,1,0,22,10,0,1,0,1,0,1,7,7,1,2,0,0,0,3,5,5,nan,1,14,21,16,18,15,38,2,6,9,nan,21,18,35.5,26.2,17,15,41.0,70.2,106.4,103.0,186,,3,4,1,0,2.58,4.21,2.67,A,0,3
1329,2022-23,2022-12-16,14,14:05,Etihad Stadium,44269,Michael Oliver,Windy,2.1,53,Derby,Manchester City,Everton,Pep Guardiola,Sean Dyche,4-4-2,,balanced,defense,bad,avg,0,0,0,1,none,65,14,12,7,5,50.0,41.7,0.1,0.79,-0.1,0.21,,36.2,347,587,93.0,77.8,49,26,5,1,0,0,17,20,0,0,0,1,0,1,14,16,1,2,0,0,1,0,4,7,1,0,15,17,18,14,31,33,6,9,7,8,7,6,24.6,39.5,12,N/A,46.9,45.6,107.4,107.9,286,nan,3,1,1,0,2.46,3.83,3.01,A,0,3
1517,2022-23,2023-05-01,12,15:00,Anfield,50629,Chris Kavanagh,Rainy,,,League,Liverpool,Brentford,Jurgen Klopp,Thomas Frank,3-4-3,4-2-3-1,attack,attack,average,good,2,0,N/A,1,11;57,13,13,9,2,4,15.4,44.4,1.58,1.26,0.42,-0.26,59.2,40.8,495,556,84.7,79.9,77,56,3,9,2,1,19,16,0,0,0,0,,0,13,7,2,2,0,0,2,4,3,0,1,2,30,23,12,7,20,8,7,7,nan,11,9,17,22.2,31.4,9,16,72.8,66.8,107.7,106.6,260,234,3,3,1,1,2.09,5.27,3.0,H,3,0
1842,2023-24,2024-03-23,24,14:05,Stamford Bridge,37979,John Brooks,Cloudy,3.5,94,Top 4 battle,Chelsea,Everton,Mauricio Pochettino,Sean Dyche,4-4-2,4-2-3-1,balanced,defense,average,good,0,1,,1,10;74,53,,14,9,8,60.0,57.1,2.53,0.98,-0.53,0.02,54.7,45.3,508,293,84.9,83.3,51,35,10,9,1,1,22,13,0,0,0,0,0,0,10,17,3,1,0,0,0,4,7,7,1,2,13,26,17,18,29,37,6,5,15,16,19,,27.3,20.2,19,10,71.9,69.0,114.1,111.5,N/A,262,2,2,1,1,1.99,7.85,2.7,H,3,0
2023,2020-21,2020-10-29,32,19:45,Selhurst Park,21205,David Coote,Foggy,-2.0,43,Derby,Crystal Palace,Everton,Oliver Glasner,Sean Dyche,4-3-2-1,4-3-2-1,defense,defense,average,good,3,0,3,0,2;34;71,none,11,12,9,8,81.8,66.7,2.47,0.16,0.53,-0.16,55.3,44.7,578,424,80.1,80.2,71,52,9,5,2,0,16,20,1,0,0,0,0,0,15,18,1,4,0,0,6,4,8,6,0,3,21,18,20,16,36,33,,2,7,10,14,12,16.1,24.2,14,8,40.0,41.5,108.3,107.1,223,157,1,4,?,0,2.2,3.84,3.51,H,3,0
1466,2022-23,2023-03-24,38,15:00,Bramall Lane,28452,Andy Madley,Overcast,5.0,78,Title race,Sheffield United,Tottenham,Chris Wilder,Ange Postecoglou,4-3-2-1,4-3-3,defense,attack,bad,good,2,1,2,,,11;16;55+5,20,11,6,8,30.0,72.7,1.74,2.66,0.26,0.34,,61.9,470,270,77.0,89.4,,23,10,8,2,0,8,6,0,0,0,2,0,2,11,16,1,0,0,0,0,5,5,4,3,,30,24,12,10,11,27,2,6,12,8,N/A,9,,43.4,18,,56.7,51.6,108.8,109.5,271,170,1,4,2,0,2.63,7.78,2.04,A,0,3
354,2019-20,2020-04-15,21,14:05,Vitality Stadium,9646,Anthony Taylor,Foggy,21.6,70,Relegation 6-pointer,Bournemouth,Sheffield United,Andoni Iraola,Chris Wilder,4-4-2,,,defense,BAD,,1,0,1,1,20,62+3,18,17,10,6,55.6,35.3,1.49,,-0.49,,53.3,46.7,501,369,73.9,75.6,29,67,2,2,0,0,9,19,0,1,1,0,0,0,6,11,4,1,,0,2,2,5,9,1,1,29,15,20,13,18,24,4,6,24,10,13,7,18.7,38.9,20,9,64.1,53.4,114.1,111.1,293,196,2,3,1,1,2.16,5.78,2.75,D,1,1
2066,2020-21,2021-06-04,37,15:00,Vitality Stadium,9883,Paul Tierney,Rainy,,56,Derby,Bournemouth,Tottenham,Andoni Iraola,Ange Postecoglou,3-5-2,3-5-2,attack,attack,average,bad,0,0,1,3,38,31;33+2;76,11,9,2,N/A,18.2,44.4,0.9,3.4,0.1,-0.4,43.4,56.6,505,607,##,85.7,64,,8,8,1,1,12,19,0,0,1,0,0,0,15,16,1,1,0,0,4,4,1,1,3,N/A,28,26,13,8,23,26,,7,19,19,17,N/A,36.1,34.4,,12,70.9,null,116.2x,,253,260,1,4,1,0,3.49,N/A,2.66,A,0,3
1231,2022-23,2022-10-10,32,15:00,Craven Cottage,21584,Robert Jones,Rainy,7.3,91,Cup,Fulham,West Ham,Marco Silva,David Moyes,3-4-3,4-4-2,balanced,defense,bad,bad,0,2,3,2,26;27;34,23;88,17,7,3,6,17.6,85.7,2.66,2.97,0.34,-0.97,45.8,54.2,554,580,84.5,84.7,49,47,7,6,0,0,7,14,0,0,0,0,0,0,10,13,2,2,0,0,5,3,4,0,2,3,26,10,16,10,18,15,2,4,,20,16,10,15.1,34.1,18,13,42.9,53.4,108.7,106.6,238,219,3,1,0,0,2.29,nan,2.55,H,3,0
104,2019-20,2019-10-22,24,19:45,Villa Park,32915,,Windy,18.3,52,Top 4 battle,Aston Villa,Fulham,Unai Emery,Marco Silva,3-5-2,4-3-3,attack,balanced,average,,2,0,3,0,63;66;72,none,15,17,2,6,13.3,35.3,2.65,0.1,0.35,-0.1,55.7,44.3,679,298,83.0,77.4,50,32,8,6,0,0,8,13,0,0,1,0,1,0,19,8,2,1,0,0,0,0,6,0,0,3,17,27,8,6,34,8,12,nan,17,15,21,19,16.0,32.6,13,11,45.7,,111.1,107.7,285,250,0,N/A,0,0,2.77,3.92,2.6,H,3,0
441,2020-21,2020-10-21,37,17:30,Gtech Community Stadium,13371,,Clear,2.2,74,League,Brentford,Chelsea,Thomas Frank,Mauricio Pochettino,4-1-4-1,4-2-3-1,attack,balanced,bad,average,2,1,4,2,2;42;50;77,3;31+3,15,15,6,2,40.0,13.3,4.68,1.99,-0.68,0.01,45.5,54.5,510,379,80.4,81.7,59,35,7,1,,0,18,10,0,N/A,1,0,1,0,7,20,2,2,0,0,2,3,0,2,2,?,28,,11,,25,36,7,7,10,9,19,6,17.3,,6,17,,62.0,102.2,104.9,252,144,2,5,1,0,2.87,3.2,2.95,H,3,0
998,2021-22,2022-01-25,21,17:30,Selhurst Park,23405,Thomas Bramall,Foggy,15.5,89,Top 4 battle,Crystal Palace,Manchester United,Oliver Glasner,Erik ten Hag,4-3-3,4-2-3-1,defense,balanced,,good,1,0,2,1,1;5+5,71,12,8,6,3,50.0,37.5,1.74,1.49,0.26,-0.49,52.6,47.4,639,359,79.4,88.9,,25,4,4,0,1,17,6,0,0,0,0,,,16,16,3,1,0,0,5,4,2,4,1,2,20,24,12,6,35,20,10,3,11,11,N/A,22,35.2,16.2,,14,59.3,65.5,108.0,101.5,186,243,2,0,0,0,2.35,4.64,2.79,H,3,0
1676,2023-24,2023-11-28,13,12:30,Goodison Park,32783,Robert Jones,Clear,15.7,46,League,Everton,Burnley,Sean Dyche,,3-4-3,3-5-2,defense,def,good,average,0,1,3,1,1;11;64,28,10,13,,8,70.0,61.5,4.1,1.11,-1.1,-0.11,55.5,44.5,687,478,78.9,77.4,64,52,9,5,1,0,20,10,1,0,1,0,1,,,17,2,0,0,0,5,0,7,4,1,3,23,10,9,17,24,36,4,9,11,13,5,10,40.9,23.9,16,10,63.9,51.2,105.6,102.1,274,273,4,3,0,0,2.04,4.29,3.6,H,3,0
357,2019-20,2020-04-19,17,12:30,City Ground,24154,Chris Kavanagh,Overcast,15.6,59,Title race,Nottm Forest,Chelsea,Nuno Espirito Santo,Mauricio Pochettino,4-1-4-1,4-1-4-1,defense,balanced,good,good,1,0,N/A,3,43,9;35;87,10,,2,6,20.0,-,1.55,3.62,-0.55,-0.62,39.3,60.7,330,,73.6,81.2,22,53,2,1,0,1,18,6,0,0,0,1,0,1,17,11,1,1,nan,0,1,0,3,1,3,1,10,21,14,7,12,30,10,10,11,18,21,5,34.2,34.2,16,9,47.2,53.7,113.2,103.0,183,161,4,4,2,1,3.41,3.67,2.3,A,0,3
471,2020-21,2020-11-13,37,15:00,Amex Stadium,27840,Anthony Taylor,Rainy,23.2,64,League,Brighton,Manchester United,Roberto De Zerbi,Erik ten Hag,4_4_2,4-1-4-1,balanced,balanced,good,good,,0,1,1,,45,8,17,5,1,62.5,5.9,1.44,1.19,-0.44,-0.19,41.4,58.6,376,378,80.3,83.0,33,26,2,8,0,1,18,20,0,0,?,0,1,0,10,16,4,3,0,0,0,0,0,4,1,1,13,23,17,,15,12,,2,12,18,22,7,31.9,,13,12,58.1,60.9,105.4,100.4,176,140,1,2,0,0,2.54,5.1,2.44,D,1,1
1755,2023-24,2024-01-23,36,12:30,Turf Moor,18027,Andy Madley,Foggy,3.4,88,League,Burnley,Wolves,Vincent Kompany,Gary O'Neil,4-2-3-1,4-1-4-1,defense,defense,average,bad,0,1,,2,53,46;49,12,11,4,,33.3,18.2,0.49,2.7,0.51,-0.7,42.1,57.9,531,330,75.6,79.2,27,37,11,7,1,1,11,5,1,0,0,0,0,0,10,18,1,0,0,0,,4,0,3,2,1,14,19,13,7,28,22,12,9,25,12,19,11,27.1,32.7,6,8,46.7,70.0,111.2,105.1,218,140,1,3,2,2,3.23,3.65,2.4,A,0,3
647,2020-21,2021-03-18,29,16:30,Old Trafford,57917,Thomas Bramall,Overcast,9.6,50,Top 4 battle,Manchester United,Chelsea,Erik ten Hag,Mauricio Pochettino,3-4-3,4-1-4-1,balanced,balanced,good,average,0,0,0,1,none,63,10,16,5,8,50.0,50.0,0.1,N/A,-0.1,-0.19,44.5,55.5,604,521,81.6,84.1,42,65,6,2,0,0,21,7,0,0,0,1,0,1,13.0,10,1,1,0,0,0,0,7,5,1,0,25,24,?,5,10,19,7,6,7,16,,20,nan,27.7,14,5,67.6,65.2,107.3,109.9,151,216,5,1,0,0,2.17,5.71,2.74,A,0,3
1490,2022-23,2023-04-09,8,17:30,Goodison Park,33774,Simon Hooper,Clear,0.6,82,Title race,Everton,Arsenal,Sean Dyche,Mikel Arteta,3-5-2,3-5-2,defense,attack,,good,1,2,2,2,21;84,49;87,10,10,2,5,20.0,50.0,1.97,1.34,0.03,0.66,45.5,54.5,489,631,83.7,89.8,63,70,3,9,0,1,13,6,0,0,,0,1,0,7,17,2,0,0,0,3,0,3,0,2,2,24,26,8,?,14,31,9,6,20,12,6,16,25.8,36.6,18,11,73.5,66.7,109.9,106.8,254,211,0,5,1,0,2.66,6.49,2.13,D,1,1
512,2020-21,2020-12-17,1,19:45,St. James' Park,41379,Stuart Attwell,Cloudy,10.6,58,League,Newcastle,Manchester City,Eddie Howe,Pep Guardiola,5-4-1,3-5-2,DEFENSE,balanced,good,good,1,2,2,,35;58,1;81,16,8,2,8,12.5,100.0,2.33,,-0.33,-0.26,49.5,50.5,633,503,85.5,93.2,,59,11,2,0,2,6,10,0,1,1,0,1,0,7,17,2,,0,0,6,4,6,0,2,2,28,26,19,13,15,23,2,9,5,16,17,8,27.9,40.5,17,14,70.1,49.0,,102.3,nan,221,2,3,1,1,2.81,3.6,2.73,D,1,1
1009,2021-22,2022-02-07,7,15:00,Turf Moor,16804,Jarred Gillett,Windy,,nan,Title race,Burnley,Manchester United,Vincent Kompany,Erik ten Hag,4-2-3-1,4-4-2,def,balanced,good,bad,0,2,0,3,none,4;40;47,12,15,4,8,33.3,53.3,0.43,2.13,,0.87,37.5,62.5,341,,76.7,80.3,50,,5,4,0,0,18,18,0,0,0,,0,0,20,14,1,2,0,0,0,5,5,4,3,0,17,11,13,5,35,37,9,10,10,10,10,8,44.5,36.6,5,4,,55.2,null,103.3,155,,0,4,3,1,##,,2.67,A,0,3
962,2021-22,2021-12-31,11,19:45,Selhurst Park,23891,,Windy,11.4,53,Derby,Crystal Palace,Arsenal,Oliver Glasner,Mikel Arteta,4_4_2,4-2-3-1,defense,attack,good,bad,0,1,2,2,37;64,22;24,15,7,5,7,33.3,100.0,1.76,2.38,0.24,-0.38,35.8,64.2x,556,,85.0,87.2,33,23,3,9,0,0,12,6,0,,1,0,1,0,11,6,1,0,0,0,4,3,,3,2,2,15,13,20,17,39,27,10,7,17,10,23,22,29.3,,5,4,40.7,71.7,101.6,110.7,279,234,5,6,3,0,2.59,4.89,2.44,D,1,1
1107,2021-22,2022-04-15,25,12:30,Tottenham Hotspur Stadium,54070,Robert Jones,Cloudy,7.1,95,League,Tottenham,Bournemouth,Ange Postecoglou,Andoni Iraola,4-3-2-1,4-2-3-1,attack,,average,bad,0,0,4,,40;44;54;90,none,9,10,7,2,77.8,20.0,4.21,0.26,-0.21,-0.26,51.3,48.7,348,341,88.4,75.3,64,20,2,9,0,0,20,15,0,0,0,0,0,0,11,8,N/A,1,0,,5,1,2,nan,0,4,11,28,16,15,25,33,2,7,8,16,?,8,39.7,18.8,13,4,,47.4,111.2,104.0,215,245,1,3,1,1,##,2.92,3.93,H,3,0
2009,2020-21,2021-03-27,24,19:45,London Stadium,50509,Michael Oliver,Light Rain,14.4,82,Derby,West Ham,Manchester United,David Moyes,Erik ten Hag,3-4-3,3-5-2,defense,balanced,average,average,0,1,0,2,none,,9,13,7,4,77.8,30.8,0.21,2.01,-0.21,-0.01,49.7,50.3,445,609,77.4,86.0,31,50,3,3,0,0,7,17,0,0,0,1,0,1,17,15,3,2,0,1,6,0,2,7,2,0,19,21,16,17,26,N/A,5,8,,21,22,5,44.0,17.5,20,5,,44.0,106.0,105.8,287,217,2,3,3,0,3.13,2.74,3.17,A,0,3
770,2021-22,2021-08-22,23,16:30,Amex Stadium,26050,Paul Tierney,Overcast,9.5,47,League,Brighton,Sheffield United,Roberto De Zerbi,Chris Wilder,4-3-2-1,3-4-3,balanced,defense,,average,1,?,4,1,6;26;40;56,79,12,13,,4,75.0,30.8,3.22,0.87,0.78,0.13,58.5%,41.5,325,413,83.6,70.5,75,35,7,1,2,0,12,13,0,0,0,0,0,0,11,8,3,3,0,0,0,?,3,5,1,4,21,10,12,8,10,18,2,7,22,15,6,19,29.0,42.0,19,13,59.9,42.0,114.3,107.9,170,217,4,3,1,1,1.89,3.85,4.72,H,3,0
615,2020-21,2021-02-26,38,15:00,Vitality Stadium,10408x,Paul Tierney,Overcast,,95,League,Bournemouth,Manchester United,Andoni Iraola,Erik ten Hag,4-1-4-1,4-3-3,attack,balanced,bad,good,1,0,1,6,19,9;11+5;14;33;66;82,15,13,7,4,46.7,30.8,1.31,,-0.31,-0.96,37.5,62.5,563,625,81.9,82.2,33,31,2,8,1,0,10,13,0,0,0,2,0,-2,13,20,2,3,0,0,6,-2,0,6,6,1,27,20,8,9,19,37,2,2,11,7,6,7,31.3,21.6,20,11,49.7,40.2,109.5,104.8,249,225,3,4,0,nan,N/A,3.64,2.87,A,0,3
561,2020-21,2021-01-19,24,15:00,Bramall Lane,24830,Anthony Taylor,Clear,15.2,63,Relegation 6-pointer,Sheffield United,Wolves,Chris Wilder,Gary O'Neil,4-3-2-1,3-5-2,defense,defense,Avg,bad,2,,2,2,6;84,18;90,19,11,,nan,26.3,18.2,1.73,2.29,,-0.29,39.8,60.2,621,481,77.3,82.1,34,35,5,8,2,2,6,8,0,0,0,0,0,0,15,16,3,1,,0,6,1,0,3,2,2,27,13,18,17,37,31,10,4,24,13,18,21,39.8,25.2,10,5,41.9,63.8,109.4,105.7,184,253,2,3,2,1,3.22,2.94,2.86,D,1,
1276,2022-23,2022-11-07,7,14:05,Amex Stadium,28007,Stuart Attwell,Light Rain,15.4,93,Derby,Brighton,Manchester City,,Pep Guardiola,4-3-2-1,3-5-2,balanced,balanced,bad,average,1,0,2,2,10+3;63,62;88,18,10,2,5,11.1,50.0,1.44,2.36,0.56,-0.36,46.8,53.2,390,557,84.8,95.3,20,45,4,1,1,0,21,8,0,0,1,0,1,0,,19,0,0,0,0,4,nan,3,0,2,2,27,13,9,7,16,9,4,6,14,12,15,13,29.5,35.4,7,8,70.6,62.1,109.8,N/A,250,155,2,4,2,1,,4.81,2.73,D,1,1
144,2019-20,2019-11-17,30,19:45,City Ground,30054,Thomas Bramall,Sunny,,93,League,Nottm Forest,Crystal Palace,Nuno Espirito Santo,Oliver Glasner,3-5-2,3-5-2,defense,defense,average,good,1,0,2,0,57;65,none,15,13,6,6,40.0,46.2,nan,0.1,0.69,-0.1,53.0,47.0,677,386,83.1,80.1,78,61,3,2,1,nan,12,6,0,0,0,1,0,0,,10,3,0,0,0,5,3,6,4,0,2,30,10,19,17,,32,6,2,18,18,12,4,19.2,17.0,20,4,67.9,70.9,106.4,99.1,-243,181,1,7,3,1,2.74,5.01,2.3,H,3,
499,2020-21,2020-12-07,28,19:45,Molineux Stadium,31126,Michael Oliver,Clear,7.2,82,League,Wolves,Newcastle,Gary O'Neil,Eddie Howe,3-5-2,4-2-3-1,defense,defense,average,bad,0,0,1,2,49,60;69+4,9,9,2,4,22.2,,1.25,1.72,null,0.28,39.5,60.5,332,,81.2,83.7,64,36,4,1,1,1,20,13,0,0,0,1,,1,14,20,3,1,0,0,1,2,2,1,2,1,14,25.0,6,15,31,,7,10,18,8,10,8,20.0,38.6,19,5,70.8,57.9,104.1,109.5,157,204,3,3,0,0,3.09,3.87,2.39,A,0,3
132,2019-20,2019-11-10,34,20:00,Amex Stadium,23946,Andy Madley,Rainy,19.1,82,League,Brighton,Arsenal,Roberto De Zerbi,Mikel Arteta,4-2-3-1,4-3-2-1,balanced,attack,bad,good,1,2,2,2,73;76,1;8,,17,7,7,77.8,41.2,2.69,1.92,-0.69,0.08,52.8,47.2,676,459,84.9,87.9,54,34,9,,2,1,17,13,0,0,0,0,0,0,18,6,1,2,0,0,5,0,5,5,2,2,18,15,15,17,17,14,12,4,25,19,23,4,22.4,25.7,7,6,49.1,69.1,105.7,102.8,,165,1,4,1,0,,4.14,,D,1,1
1034,2021-22,2022-02-23,13,12:30,Etihad Stadium,48390,Paul Tierney,Overcast,13.4,71,Top 4 battle,Manchester City,Sheffield United,Pep Guardiola,Chris Wilder,5-4-1,5-4-1,balanced,defense,average,bad,0,0,3,1,47;50;54,19,11,15,3,5,27.3,33.3,4.04,0.92,-1.04,0.08,64.1,35.9,654,422,96.4,72.4,24,68,5,2,1,1,18,8,0,0,0,0,0,0,10,15,1,2,0,0,3,5,4,0,1,?,23,26,18,11,20,26,12,N/A,16,9,23,18,17.9,38.7,10,13,56.6,58.8,105.9,105.5,289,,4,4,2,1,2.06,3.74,4.05,H,3,0
480,2020-21,2020-11-22,23,17:30,Tottenham Hotspur Stadium,50583,Andy Madley,Sunny,13.6,51,League,Tottenham,Bournemouth,Ange Postecoglou,Andoni Iraola,4-3-2-1,4-3-2-1,attack,attack,average,good,1,0,2,0,14;31,none,18,13,5,3,,23.1,1.74,0.4,0.26,-0.4,61.0,39.0,614,259,84.1,77.1,68,38,2,8,0,0,10,12,0,0,0,0,0,0,6,14,2,1,0,0,0,3,3,3,0,2,25,23,20,12,12,31,5,6,19,10,6,9,35.5,17.6,10,,52.9,65.4,,109.6,215,145,2,2,1,0,1.98,7.98,2.7,H,3,0
262,2019-20,2020-02-10,23,12:30,St. James' Park,40128,Stuart Attwell,Sunny,10.6,43,Relegation 6-pointer,Newcastle,Wolves,Eddie Howe,Gary O'Neil,4-3-3,4-3-3,defense,defense,bad,good,2,1,3,1,9;11;90,67,nan,7,3,,37.5,100.0,2.76,0.9,0.24,0.1,61.9,38.1,608,490,82.3,,57,47,3,5,1,0,13,7,0,0,0,1,0,0,17,16,2,1,0,0,2,3,6,,1,3,16,17,8,16,33,29,4,4,13,20,25,19,18.3,27.2,14,14,57.2,44.2,102.3,112.0,268,140,3,1,1,0,2.28,3.9,3.27,H,3,0
127,2019-20,2019-11-03,20,20:00,Kenilworth Road,8567,Jarred Gillett,Sunny,2.9,83,Cup,Luton Town,Manchester City,Rob Edwards,Pep Guardiola,3-4-3,4-1-4-1,defense,balanced,bad,good,0,1,0,2,none,13;86+1,18,10,10,2,55.6,20.0,0.32,1.67,-0.32,0.33,31.0,69.0,675,430,77.7,86.9,33,21,3,7,0,2,16,19,,0,0,0,0,0,6,14,2,,0,0,5,4,0,10,2,0,14,24,10,10,17,,11,8,25,19,9,17,21.6,19.0,16,11,59.4,62.1,105.0,106.2,275,224,3,3,2,0,3.59,3.09,2.51,A,0.0,3
567,2020-21,19/01/2021,11,19:45,Tottenham Hotspur Stadium,59954,Paul Tierney,Light Rain,-1.3,45,League,Tottenham,Newcastle,Ange Postecoglou,Eddie Howe,4-3-3,5-4-1,attack,defense,average,avg,0,,4,2,12;38;49+4;65,4;83,14,8,7,4,50.0,50.0,3.24,1.56,0.76,0.44,46.9,,360,507,86.7,86.4,46,56,11,6,0,1,22,7,0,1,1,0,1,0,14,12,2,,0,0,0,2,2,3,2,4,17,-16,14,9,33,13,4,3,22,10,22,13,41.3,18.9,13,5,40.4,66.6,108.9,117.1,,242,0,5,0,nan,2.24,3.97,3.31,H,3,0
143,2019-20,2019-11-17,33,17:30,Molineux Stadium,24277,Anthony Taylor,Clear,14.9,42,League,Wolves,Luton Town,Gary O'Neil,Rob Edwards,5-4-1,4-3-2-1,defense,defense,,average,1,0,2,0,2;66,none,20,10,5,6,25.0,60.0,2.02,0.1,,-0.1,54.6,45.4,376,454,79.7,77.5,63,45,2,3,2,0,15,20,0,0,0,0,0,0,6,16,2,,0,0,3,0,,3,0,2,20,16,16,,33,17,11,3,16,6,15,11,?,41.1,12,15,43.0,50.5,97.8,110.2,211,177,2,4,3,0,2.64,4.18,2.62,H,3,0
1017,2021-22,2022-02-10,12,16:30,London Stadium,48917,Anthony Taylor,Windy,3.1,54,Title race,West Ham,Liverpool,David Moyes,Jurgen Klopp,4-1-4-1,3-5-2,defense,attack,bad,average,2,1,3,4,33;57;70,18;22;83;87,13,8,8,6,61.5,75.0,3.07,2.76,-0.07,1.24,50.9,49.1,474,389,85.3,90.7,51,20,9,1,0,0,19,18,2,0,1,0,1,,12,14,3,2,0,0,4,5,2,5,4,3,23,17,8,N/A,14,16,9,4,17,17,8,15,36.5,24.8,6,14,48.6,51.9,110.9x,107.8,268,187,1,2,1,1,2.4,5.61,2.47,A,0,3
509,2020-21,2020-12-14,11,12:30,City Ground,26090,Robert Jones,Rainy,21.1,82,League,Nottm Forest,West Ham,Nuno Espirito Santo,David Moyes,4-2-3-1,4-3-3,defense,defense,average,good,1,0,1,2,57,49;71,8,7,8,7,100.0,100.0,1.31,1.73,-0.31,0.27,47.3,52.7,365,629,74.7,84.3,72,30,9,5,1,0,9,12,0,0,0,0,0,0,15,19,2,1,1,0,0,4,5,7,2,,10,16,9,11,26,32,9,4,19,15,19,15,15.8,36.3,9,,63.4,49.5,106.4,110.5,223,253,1,4,1,0,2.99,4.07,2.38,A,0,3
384,2020-21,2020-09-14,10,19:45,Etihad Stadium,40514,John Brooks,Light Rain,-1.1,78,Top 4 battle,Manchester City,Newcastle,Pep Guardiola,Eddie Howe,4-3-2-1,4-1-4-1,balanced,defense,good,average,0,,2,2,16;32,,8,14,2,6,25.0,42.9,1.82,1.84,null,0.16,64.0,36.0,518,368,91.2,87.4,28,29,7,2,2,2,8,18,0,0,0,0,0,0,15,17,2,3,0,0,4,3,4,0,2,2,30,27,8,17,18,29,11,9,22,12,13,18,16.7,19.6,13,4,,65.2,101.7,107.5,154,167,3,3,2,2,2.61,2.79,3.87,D,1,
2041,2020-21,2021-02-09,5,12:30,Gtech Community Stadium,15861,Andy Madley,Light Rain,16.9,45,Cup,Brentford,West Ham,,David Moyes,4-3-3,5-4-1,attack,def,bad,average,0,0,3,1,24+2;64;87,14,8,12,4,6,50.0,50.0,3.5,1.07,-0.5,-0.07,46.4,53.6,503,N/A,82.5,,40,20,10,9,2,0,10,10,0,0,0,2,0,1,8,8,1,2,0,0,6,2,5,1,1,3,29,24,5,9,26,36,7,9,11,16,17,15,19.5,29.6,6,16,56.7,61.6,100.5,111.2,238,226,3,5,1,1,2.73,4.04,2.59,H,3,0
84,2019-20,2019-10-04,34,15:00,Anfield,54106,Thomas Bramall,Overcast,18.0,93,League,Liverpool,Burnley,,Vincent Kompany,3-4-3,4-3-3,attack,defense,good,bad,0,0,4,0,17+2;23;49;82,none,12,16,9,1,75.0,-,3.34,0.1,0.66,-0.1,73.9,26.1,503,617,85.9,73.2,63,23,6,2,2,0,13,5,0,0,1,0,1,0,7,12,4,4,0,0,1,0,1,5,0,4,15,17,9,11,17,36,8,7,23,7,22,21,18.2,25.8,5,15,55.9,,107.6,105.8,249,161,5,6,0,,2.26,3.27,,H,3,0
1072,2021-22,2022-03-24,13,12:30,Anfield,60806,John Brooks,Sunny,##,55,Top 4 battle,Liverpool,Tottenham,Jurgen Klopp,Ange Postecoglou,4-2-3-1,4-4-2,attack,attack,good,,0,1,2,1,51;64+4,76,8,9,8,3,100.0,33.3,2.12,1.32,-0.12,-0.32,44.9,55.1,369,616,85.8,83.5,51,18,8,6,1,1,10,10,0,0,0,0,0,0,14,10,2,0,0,0,5,3,2,6,1,2,14,15,10,18,20,35,7,3,9,15,9,9,26.3,,16,10,47.5,56.3,109.1,106.6,252,189,0,2,2,0,2.22,4.64,2.99,H,3,0
1672,2023-24,29/11/2023,21,19:45,Villa Park,39743,Anthony Taylor,Light Rain,0.7,89,League,Aston Villa,Burnley,Unai Emery,Vincent Kompany,5-4-1,3-5-2,attack,defense,bad,bad,1,0,4,0,18;38;48;65+1,null,20,6,6,4,30.0,66.7,5.18,0.1,-1.18,-0.1,63.4,36.6,441,254,85.6,71.4,40,39,8,2,0,0,15,19,0,0,1,0,1,0,20,12,2,1,0,?,5,3,4,2,0,4,22,24,10,7,40,12,5,4,21,5,19,11,37.5,29.7,10,14,73.5,66.9,99.5,112.4,151,150,1,2,2,0,2.46,,4.54,H,3,0
643,2020-21,2021-03-19,13,14:05,Goodison Park,30356,Andy Madley,Cloudy,3.5,92,League,Everton,Manchester United,Sean Dyche,Erik ten Hag,3-4-3,4-3-2-1,defense,balanced,bad,good,1,0,4,1,2;13;52;72,38,,15,5,N/A,62.5,6.7,3.13,1.22,0.87,-0.22,37.2,62.8,612,640,75.8,83.1,65,19,2,1,2,,19,9,0,0,2,0,2,0,10,20,3,2,0,0,6,2,0,1,1,4,30,,7,18,32,26,6,4,20,18,12,14,23.6,-,11,4,49.6,71.0,107.4,108.8,170,272,2,2,1,1,,4.55x,2.26,H,3,
122,2019-20,2019-10-31,10,16:30,Craven Cottage,22722,Jarred Gillett,Clear,14.7,90,League,Fulham,Liverpool,Marco Silva,Jurgen Klopp,4-3-2-1,3-5-2,balanced,attack,good,average,0,0,2,1,63;69,74+1,,10,10,1,66.7,10.0,2.19,1.24,-0.19,-0.24,35.5,64.5,692,,##,85.0,20,60,3,1,,0,13,6,0,0,1,0,0,0,11,19,1,0,0,1,3,4,0,8,1,2,16,15,20,10,29,23,12,10,18,13,15,7,40.2,16.9,18,12,60.9,63.2,109.5,115.4,291,154,3,2,,0,2.87,4.92,2.23,H,3,0
1715,2023-24,2023-12-26,12,17:30,Selhurst Park,19734,Stuart Attwell,,12.6,N/A,Relegation 6-pointer,Crystal Palace,Aston Villa,Oliver Glasner,Unai Emery,5-4-1,5-4-1,defense,attack,avg,good,0,1,2,2,28;62,13;25,17,6,-1,6,47.1,100.0,2.42,1.8,-0.42,0.2,40.2,59.8,541,537,83.3,81.7,75,73,3,7,0,0,21,20,0,0,0,1,0,0,17,19,1,1,0,0,0,0,4,6,2,2,22,24,17,16,17,9,7,7,16,19,13,21,18.4,38.7,10,5,##,52.8,111.1,103.6,154,179,3,4,0,0,2.92,3.32,2.81,D,1,1
1590,2023-24,2023-10-02,5,12:30,Etihad Stadium,51231,Jarred Gillett,Cloudy,9.2,72,Top 4 battle,Manchester City,Tottenham,Pep Guardiola,Ange Postecoglou,4-2-3-1,4-3-3,balanced,attack,poor,bad,3,0,3,0,12;38;85,none,16,11,4,3,25.0,27.3,2.82,0.13,0.18,-0.13,56.0,44.0,599,?,94.7,nan,45,72,2,1,2,0,9,10,0,0,0,0,0,0,20,14,2,3,N/A,0,4,,3,1,0,3,21,28,20,17,10,8,7,5,22,7,13,18,43.1,16.3,10,11,57.9,53.7,108.8,110.7,265,,4,4,0,0,2.09,3.92,,H,3,0
8,2019-20,2019-08-13,5,12:30,Vitality Stadium,9536,Robert Jones,Foggy,6.4,41,League,Bournemouth,Manchester City,Andoni Iraola,Pep Guardiola,4-3-3,4-3-3,attack,balanced,bad,bad,0,1,1,2,56,7;75,13,10,10,2,N/A,,,1.27,-0.06,?,41.8,58.2,449,431,81.5,90.5,55,63,10,5,1,1,12,20,0,0,0,0,0,0,15,16,0,4,0,,3,4,0,9,2,1,25,11,17,14,16,9,12,9,9,7,25,9,18.0,20.4,6,10,67.1,69.3,103.0,104.9,185,219,2,5,2,0,2.65,4.2,2.6,A,0,3
1548,2023-24,2023-08-29,18,15:00,Amex Stadium,25835,Thomas Bramall,Windy,22.3,51,Title race,Brighton,West Ham,Roberto De Zerbi,David Moyes,4-3-3,3-5-2,bal,defense,good,bad,0,1,1,1,67,74,17,8,2,,11.8,25.0,0.88,,0.12,0.23,54.1,45.9,407,417,81.2,85.2,65,72,5,4,1,1,13,8,0,1,0,0,0,0,6,8,2,2,0,0,5,5,1,1,1,1,20,23,11,14,34,27,3,2,,16,13,15,22.0,,5,9,72.2,64.4,,99.9,271,207,3,3,1,1,2.35,5.25,2.61,D,1,1
205,2019-20,31-12-2019,33,17:30,Gtech Community Stadium,16393,Simon Hooper,Overcast,14.0,69,League,Brentford,Nottm Forest,Thomas Frank,Nuno Espirito Santo,5-4-1,4-1-4-1,attack,defense,bad,,1,0,2,1,11;32,21,13,16,3,2,23.1,?,2.29,0.68,-0.29,0.32,60.6,39.4,559,295,77.2,79.3,49,,10,nan,2,1,15,10,1,0,0,0,0,0,20,9,1,2,0,0,2,4,1,1,1,2,24,20,11,11,19,15,7,7,,5,7,12,20.3,44.2,17,6,52.9,,104.3,109.3,180,244,2,2,1,0,2.08,4.24,3.54,H,3,0
1036,2021-22,2022-02-24,15,12:30,Gtech Community Stadium,14024,John Brooks,Rainy,12.3,71,Top 4 battle,Brentford,Everton,Thomas Frank,Sean Dyche,3_4_3,5-4-1,attack,defense,bad,average,0,1,3,2,11;70;89,57;81,8,8,,1,50.0,,2.15,1.55,0.85,0.45,50.3,49.7,648,496,79.4,80.0,21,66,4,1,2,0,19,10,1,0,1,1,1,1,12,13,1,2,0,,2,5,0,,2,3,23,12,10,16,,14,9,10,nan,21,15,13,40.4,,11,12,49.9,49.2,113.0,99.2,248,185,0,3,0,0,2.43,4.34,2.79,H,3,0
95,2019-20,2019-10-11,36,12:30,Tottenham Hotspur Stadium,53333,John Brooks,Light Rain,11.0,##,Title race,Tottenham,Manchester United,Ange Postecoglou,Erik ten Hag,4-2-3-1,4-3-2-1,,balanced,average,good,1,2,2,2,53;78,12;44,15,17,10,7,66.7,41.2,2.1,2.16,-0.1,-0.16,57.6%,42.4,509,577,81.6,81.0,80,62,3,3,2,0,8,20,0,0,0,0,0,0,20,16,2,,0,0,6,5,5,8,2,2,21,11,16,13,29,24,4,6,13,21,24,10,40.3,20.4,11,6,70.0,,108.3,105.5,237,209,1,3,1,1,2.32,5.15,2.66,D,1,1
1459,2022-23,2023-03-17,9,15:00,Stamford Bridge,37447,,Light Rain,7.7,94,League,Chelsea,Manchester United,Mauricio Pochettino,Erik ten Hag,3-5-2,5-4-1,balanced,balanced,average,good,1,1,2,1,8;17+4,27,15,N/A,4,3,26.7,?,2.02,1.11,-0.02,-0.11,52.1,47.9,321,521,86.9,81.2,73.0,23,8,5,1,1,16,,0,0,0,0,0,0,14,17,2,1,0,0,N/A,3,,2,1,2,17,nan,18,5,40,29,8,4,21,21,25,4,18.0,,16,16,44.5,68.5,105.0,110.6,174,143,2,2,1.0,1,2.83,3.19,3.0,H,3,0
103,2019-20,2019-10-19,38,20:00,St. James' Park,48571,Thomas Bramall,,16.0,79,League,Newcastle,Manchester United,,Erik ten Hag,4-3-3,4-3-2-1,defense,balanced,Avg,average,1,2,3,?,48;60;74,38;40,N/A,10,4,7,50.0,,3.41,2.75,-0.41,-0.75,41.3,58.7,419,286,84.3,83.6,71,20,11,8,0,1,18,11,1,0,2,0,0,0,20,9,4,4,0,0,1,4,5,1,2,3,27,22,15,16,nan,20,11,10,25,12,21,8,18.1,?,18,4,,71.3,105.9,117.7,256,240,1,4,1,1,2.34,4.01,3.09,H,3,0
588,2020-21,2021-02-06,23,15:00,Kenilworth Road,9355,John Brooks,Sunny,14.7,94,Top 4 battle,Luton Town,Fulham,Rob Edwards,Marco Silva,3-4-3,4-4-2,defense,balanced,average,average,2,1,3,1,5;20;79,74,14,13,8,5,57.1,38.5,3.55,0.76,-0.55,0.24,47.1,52.9,392,366,79.0,83.5,65,30,8,6,1,,12,17,,1,1,0,1,,7,12,3,2,0,0,5,4,4,5,1,3,11,27,9,6,31,10,9,9,13,17,8,16,18.3,35.5,9,13,49.5,67.0,106.0,103.1,172,256,2,4,1,0,3.26,3.76,2.34,H,3,0
1947,2021-22,2022-02-14,28,16:30,Molineux Stadium,30568,Stuart Attwell,Rainy,3.9,56,Relegation 6-pointer,Wolves,Nottm Forest,,Nuno Espirito Santo,4-3-3,3-4-3,defense,defense,poor,average,0,0,1,,37,none,9,6,6,2,66.7,33.3,0.94,0.31,0.06,-0.31,45.7,54.3,477,345,,81.6,77,23,11,2,1,0,17,17,1,0,0,0,0,0,17,20,2,1,1,0,5,3,2,5,0,1,28,13,17,15,20,27,4,9,18,5,10,5,19.6,16.6,16,4,66.8,##,107.9,110.1,200,263,4,3,1,1,2.67,3.76,2.78,H,3,0
980,2021-22,2022-01-17,32,17:30,Selhurst Park,19513,Paul Tierney,Windy,,70,League,Crystal Palace,Brentford,Oliver Glasner,Thomas Frank,4-3-3,4-4-2,defense,attack,BAD,bad,0,1,1,1,74,25,,16,8,5,66.7,31.2,1.31,1.12,-0.31,-0.12,,58.9,,561,76.0,84.6,46,71,10,8,0,1,15,11,0,0,0,0,0,,16,7,3,,1,0,0,3,4,7,1,1,,25,17,9,40,36,5,8,25,16,9,,40.3,45.0,17,5,51.9,,113.7,104.3,263,266,2,3,0,0,2.74,3.92,2.64,D,1,1
2076,2023-24,2023-12-29,2,20:00,Tottenham Hotspur Stadium,59924,Michael Oliver,Cloudy,N/A,73,Relegation 6-pointer,Tottenham,Burnley,Ange Postecoglou,Vincent Kompany,4-2-3-1,4-3-3,ATTACK,defense,bad,average,0,1,3,1,7;12;26,29,20,13,3,1,15.0,7.7,2.12,0.74,0.88,0.26,66.2,33.8%,673,426,##,73.2,74,,11,9,0,0,9,14,0,0,0,0,0,0,14,12,1,3,0,0,3,3,0,0,1,3,26,15,16,9,nan,11,11,5,13,8,7,5,,18.9,14,8,54.2,57.5,110.3,104.9,234,280,1,4,1,1,1.8,5.06,4.06,H,3,0
653,2020-21,2021-03-21,36,17:30,Villa Park,33639,Thomas Bramall,Clear,13.5,45,League,Aston Villa,Fulham,Unai Emery,,4-3-2-1,4-2-3-1,attack,balanced,average,good,2,3,2,3,##,6;28;69,10,13,5,3,50.0,23.1,2.83,3.68,-0.83,-0.68,54.8,45.2,600,322,85.9,78.6,33,29,6,1,1,1,,12,0,1,0,1,0,0,19,19,3,2,0,0,5,4,nan,3,3,2,21,16,20,12,12,8,9,8,,18,20,14,43.2,26.9,20,9,60.0,51.4,107.2,101.5,278,259,1,4,0,0,2.58,4.64,2.52,A,0,3
1850,2023-24,2024-04-02,9,16:30,Bramall Lane,28290,David Coote,Rainy,2.2,66,Cup,Sheffield United,Fulham,Chris Wilder,Marco Silva,4-4-2,3-5-2,defense,balanced,bad,good,2,0,2,3,58;72,52+5;70;86,14,13,2,3,14.3,23.1,1.99,2.85,0.01,0.15,33.0,67.0%,647,559,69.1,85.4,61,54,2,9,0,1,11,20,0,0,1,0,0,0,13,6,3,0,0,0,4,0,0,0,3,2,11,14,13,14,39,9,3,5,17,19,6,11,,40.6,11,,,41.2,106.5,109.9,188,270,3,0,0,0,3.24,,2.67,A,0,3
1601,2023-24,2023-10-09,11,20:00,Villa Park,42497,Stuart Attwell,Foggy,11.3,89,Title race,Aston Villa,Luton Town,Unai Emery,Rob Edwards,3-5-2,3-4-3,attack,defense,good,good,1,0,3,0,41;55;63,none,11,8,10,4,90.9,50.0,3.66,0.1,-0.66,-0.1,56.9,43.1,352,365,86.8,71.5,75,66,5,2,2,0,N/A,15,0,,1,0,1,0,15,10,2,0,0,0,5,2,4,7,0,3,26,25,11,15,28,36,4,,14,13,22,12,44.8,30.6,7,8,51.7,52.6,101.5,110.2,271,163,3,5,2,1,2.53,3.44,3.18,H,3,0
245,2019-20,2020-01-27,37,20:00,London Stadium,60826,Anthony Taylor,Clear,15.3,58,Cup,West Ham,Brentford,David Moyes,Thomas Frank,4-4-2,4-3-3,defense,attack,average,average,,0,2,0,2;9,none,12,17,5,4,41.7,23.5,1.52,0.31,0.48,-0.31,51.9,48.1,390,358,83.9,78.6,64,45,2,6,1,0,?,16,0,0,0,0,0,0,7,10,1,2,0,0,,?,4,3,0,2,29,10,14,17,27,22,7,,14,18,8,4,22.3,25.7,10,11,##,46.7,112.1,107.5,288,251,2,2,1,0,3.04,2.73,3.28,H,3,0
301,2019-20,2020-03-07,18,12:30,Amex Stadium,24470,David Coote,Clear,12.3,58,Cup,Brighton,Nottm Forest,Roberto De Zerbi,Nuno Espirito Santo,4-4-2,4-4-2,bal,defense,average,good,2,1,4,1,51;53;57;83,9,11,12,4,7.0,36.4,58.3,,0.67,0.84,0.33,,41.0,,302,85.3,82.4,35,53,6,4,2,1,13,12,0,0,1,0,1,0,16,6,1,3,0,0,0,4,6,0,1,4,17,16,10,10,19,12,9,7,8,22,24,18,37.9,15.4,9,7,72.6,46.5,109.8,104.1,263,,2,3,2,2,,3.11,3.6,H,3,0
1729,2023-24,2024-01-08,5,17:30,City Ground,25161,,Overcast,16.7,54,League,Nottm Forest,Brighton,Nuno Espirito Santo,Roberto De Zerbi,3-5-2,4-4-2,defense,balanced,average,average,1,1,,1,22;66+2;70,22,15,10,2,4,13.3,40.0,2.85,1.36,0.15,-0.36,41.5,58.5,660,539,76.6,79.7,,45,5,1,0,0,14.0,12,0,0,1,,1,0,10,16,2,2,0,0,5,3,3,0,1,3,23,27,9,,24,9,4,3,19,12,17,8,41.7,38.5,5,12,45.7,65.5,107.5,105.5,162,255,1,6,0,0,2.4,7.17,2.25,H,3,0
47,2019-20,2019-09-07,2,16:30,Turf Moor,17987,Simon Hooper,Clear,10.3,47,Cup,Burnley,Fulham,Vincent Kompany,Marco Silva,4_1_4_1,4-1-4-1,defense,balanced,bad,average,0,1,2,1,25;52+5,,13,6,4,4,30.8,66.7,2.2,1.15,-0.2,-0.15,46.1,53.9,455,589,70.8,81.5,28,69,11,3,0,1,10,11,1,0,1,1,1,0,18,10,2,3,0,0,0,5,3,2,1,2,?,12,8,15,26,14,4,4,22,15,12,17,19.3,25.5,10,10,54.9,,112.2,107.0,155,169,3,4,1,0,3.55,2.95,2.64,H,3,0
684,2020-21,2021-04-18,14,20:00,London Stadium,60680,Michael Oliver,Light Rain,22.7,41,Top 4 battle,West Ham,Crystal Palace,David Moyes,Oliver Glasner,3-4-3,4-2-3-1,defense,defense,,bad,0,0,1,1,6,85,11,13,6,3,54.5,23.1,1.09,1.4,-0.09,-0.4,52.1,47.9,658,265,82.0,79.4,35,58,3,7,0,0,8,12,0,0,0,1,,1,7.0,9,3,3,0,0,2,1,2,5,1,1,21,24,19,-9,11,30,6,3,18,20,14,9,38.2,42.8,6,5,44.8,62.4,112.5,102.5,297,191,2,5,0,0,2.95,3.11,2.95,D,1,1
591,2020-21,2021-02-11,6,14:05,Emirates Stadium,46764,Stuart Attwell,Rainy,10.2,93,League,Arsenal,Bournemouth,Mikel Arteta,Andoni Iraola,4-4-2,3-5-2,attack,attack,good,good,,0,3,0,50;54;82+3,none,20,17,10,8,50.0,47.1,2.98,0.27,0.02,-0.27,68.3,31.7,686,500,83.8,78.4,68,24,3,5,1,0,6,18,1,0,1,0,1,0,6,16,2,1,0,0,3,3,8,7,0,3,27,19,20,11,,27,4,10,9,12,9,16,,31.2,5,18,61.3,65.6,112.3,114.3,266,289,2,3,1,0,2.58,2.59,,H,3,0
1784,2023-24,2024-02-10,24,16:30,Goodison Park,38068,David Coote,Sunny,10.9,65,Relegation 6-pointer,Everton,Brighton,Sean Dyche,Roberto De Zerbi,,5-4-1,defense,balanced,average,,0,0,0,0,none,none,17,14,4,3,23.5,21.4,0.41,0.19,-0.41,-0.19,40.9,59.1,642,287,75.4,80.1,64,48,3,3,,0,6,16,0,0,0,0,0,?,11,6,2,3,0,0,,,3,4,0,0,11,25,18,8,15,21,8,4,25,7,19,13,36.3,44.1,,6,63.4,67.8,106.8,106.1,154,187,3,2,2,0,2.55,3.58,3.04,D,1,1
114,2019-20,2019-10-27,16,16:30,City Ground,28386,Anthony Taylorx,Overcast,23.6,95,League,Nottm Forest,Aston Villa,Nuno Espirito Santo,Unai Emery,5-4-1,5-4-1,defense,attack,average,AVERAGE,0,0,1,0,56,none,nan,14,?,4,29.4,28.6,1.07,0.1,-0.07,,-,54.8,509,515,77.4,,59,42,6,7,0,0,13,15,0,0,1,0,1,0,14,17,2,3,0,0,2,4,4,4,0,1,20,10,13,14,15,31,N/A,3,18,14,18,17,44.6,28.7,13,14,,?,105.2,101.9,nan,195,5,0,1,0,2.72,4.02,2.61,H,3,0
1082,2021-22,2022-03-30,37,17:30,Turf Moor,18002,Stuart Attwell,Overcast,12.9,79,League,Burnley,Liverpool,Vincent Kompany,Jurgen Klopp,4-2-3-1,5-4-1,defense,attack,average,bad,1,0,1,1,31,28,15,6,8,2,53.3,33.3,1.38,1.5,-0.38,-0.5,36.9,63.1,417,381,74.1,85.1,65,74,7,?,1,1,,6,0,0,0,0,0,0,9,20,3,1,0,0,5,3,1,7,1,1,13,28,19,nan,14,15,2,3,25,9,9,7,15.2,16.9,6,6,68.8,null,100.7,107.2,199,140,1,2,0,0,4.52,3.32,2.09,D,1,1
1232,2022-23,2022-10-05,24,15:00,City Ground,24874,David Coote,Overcast,19.9,53,Title race,Nottm Forest,Newcastle,Nuno Espirito Santo,Eddie Howe,4-1-4-1,3-5-2,defense,,average,average,0,2,2,2,27;58,78;82,15,15,7,6,46.7,40.0,2.83,2.9,-0.83,-0.9,,62.6,538,285,75.2,88.0,25,68,10,8,1,1,19,9,0,0,1,0,1,0,16,9,2,4,0,0,1,2,4,5,2,2,28,13,14,13,16,26,8,9,10,20,9,12,15.4,31.7,15,17,68.7,49.2,104.9,102.6,154,278,2,1,2,2,2.59,4.33,2.61,D,1,1
1032,2021-22,2022-02-21,20,16:30,Selhurst Park,-,Jarred Gillett,Windy,null,68,Title race,Crystal Palace,Luton Town,Oliver Glasner,Rob Edwards,4-3-3,4-3-2-1,defense,defense,bad,bad,0,1,2,,23;56,69,8,13,5,6,62.5,46.2,1.85,0.79,0.15,0.21,51.2,48.8,691,543,75.6,75.4,26,38,6,2,0,1,20,14,0,0,0,0,0.0,0,10,18,,4,0,0,0,2,5,3,1,2,18,10,5,13,36,11,12,6,15,17,23,15,16.0,22.5,19,6,69.2,70.3x,111.8,106.1,190,282,3,,2,0,2.18,4.7,3.05,H,3,0
1088,2021-22,2022-04-05,22,20:00,City Ground,28745,Stuart Attwell,Cloudy,3.6,65,Top 4 battle,Nottm Forest,Aston Villa,Nuno Espirito Santo,Unai Emery,4-3-2-1,,defense,attack,average,bad,2,1,4,2,39;72;74;76,,8,8,,5,100.0,62.5,3.15,2.87,0.85,-0.87,38.7,61.3,683,385,76.6,81.5,75,56,N/A,7,0,1,10,5,0,0,0,0,0,0,17,9,3,4,0,,0,4,3,4,2,4,13,16,18,12,31,8,8,6,17,14,12,5,23.4,35.0,18,11,73.1,43.6,108.3,-,202,265,2,4,0,0,2.28,4.65,2.89,H,3,0
892,2021-22,2021-11-11,17,16:30,Gtech Community Stadium,14037,Andy Madley,,1.8,88,League,Brentford,Burnley,Thomas Frank,Vincent Kompany,4-4-2,4-3-2-1,attack,defense,average,bad,4,0,4,0,29;71;81;85,none,9,13,4,5,44.4,38.5,4.4,0.1,-0.4,-0.1,55.2%,44.8,651,384,84.6,75.4,35,57,5,4,0,0,17,6,1,0,0,,0,0,18,6,3,2,1,nan,0,4,5,0,0,4,13,12,6,18,27,,8,4,9,18,5,7,24.3,21.7,15,,59.7,58.5,109.2,108.5,185,241,2,2,0,0,1.85,6.81,3.18,H,3,
747,2020-21,2021-05-31,20,19:45,Goodison Park,38261,Jarred Gillett,Rainy,12.6,95,Relegation 6-pointer,Everton,Wolves,Sean Dyche,Gary O'Neil,4-3-2-1,5-4-1,balanced,defense,average,bad,2,0,2,1,57;59+1,72,12,8,4,8,33.3,,2.17,1.45,-0.17,-0.45,49.7,50.3,483,558,79.3,84.2,-80,55,8,1,1,0,21,18,0,,0,0,,0,,14,1,3,0,0,,5,7,2,1,,17,15,20,11,34,34,2,5,9,19,20,12,37.7,15.2,10,6,44.1,44.1,108.2,103.4,288,220,5,3,1,1,2.8,2.99,3.24,H,3,0
954,2021-22,2021-12-29,30,12:30,Bramall Lane,26653,Michael Oliver,Light Rain,5.5,52,League,Sheffield United,Liverpool,Chris Wilder,Jurgen Klopp,3-4-3,4-3-3,defense,attack,good,good,0,0,1,2,51,,14,9,5,6,35.7,66.7,0.98,2.19,0.02,-0.19,33.4,66.6,691,454,74.6,92.5,61,23,11,7,0.0,0,17,17,0,1,1,0,1,0,12,16,4,1,0,0,0,5,?,4,2,1,17,23,11,,32,29,10,10,22,17,5,15,22.8,21.0,10,6,55.5,64.9,102.6,111.1,292,288,1,3,0,0,3.75,3.07,2.45,A,0,3
1818,2023-24,2024-03-11,27,17:30,Amex Stadium,27217,Chris Kavanagh,Sunny,11.4,82,Cup,Brighton,Everton,Roberto De Zerbi,Sean Dyche,4-4-2,4-3-2-1,balanced,defense,good,good,2,1,4,1,13;43;59;70,86,15,7,6,6,40.0,85.7,2.71,0.74,1.29,0.26,49.8,50.2,515,616,86.4,77.9,25,38,5,,2,1,18,20,0,0,nan,0,1,0,16,17,1,,0,0,0,0,5,2,1,4,14,12,16,8,13,26,5,2,20,8,11,21,39.9,28.6,5,9,46.0,49.1,101.6,101.8,166,273,2,2,0,0,2.47,3.38,3.34,H,3,0
733,2020-21,2021-05-22,30,15:00,Amex Stadium,28621,Thomas Bramall,Sunny,,53,League,Brighton,Bournemouth,Roberto De Zerbi,Andoni Iraola,5-4-1,3-5-2,balanced,attack,average,average,0,0,1,1,24,1,15,11,9,5,60.0,45.5,?,1.24,,?,57.9,42.1,514,505,84.8,76.5,48,22,7,1,N/A,0,8,5,0,0,0,1,0,0,16,18,3,3,0,0,3,3,4,8,1,1,22,16,7,14,25,34,9,7,24,10,14,8,34.1,17.1,16,12,43.8,N/A,108.6,114.1,204,259,3,6,1,1,2.32,4.09,3.09,D,1,1
907,2021-22,2021-11-23,16,15:00,London Stadium,59382,Michael Oliver,Cloudy,12.1,52,League,West Ham,Bournemouth,David Moyes,Andoni Iraola,5-4-1,3-5-2,defense,attack,average,good,3,0,3,1,12;34;41+5,14,9,9,3,3,33.3,33.3,2.62,1.41,0.38,-0.41,48.0,52.0,,342,77.1,77.2,45,72,2,1,0,0,7,11,0,0,,0,0,0,7,nan,1,3,N/A,0,6,4,2,0,1,3,23,22,,10,24,16,6,8,7,15,13,8,21.2,39.2,11,10,45.5,57.4,105.4,108.3,237,163,1,3,0,0,2.87,2.66,,H,3,0
677,2020-21,2021-04-13,35,16:30,Old Trafford,65849,Thomas Bramall,Overcast,13.7,?,League,Manchester United,Luton Town,Erik ten Hag,Rob Edwards,4-1-4-1,4-1-4-1,balanced,defense,Avg,bad,2,0,2,2,5;76+3,24;58,8,10,6,5,75.0,50.0,2.9,2.9,-0.9,,59.1,40.9,568,310,90.1,78.9,46,41,8,2,1,2,17,13,0,0,0,0,0,0,19,17,2,2,0,,6,5,3,4,2,2,-17,12,12,13,26,24,4,2,23,7,8,16,42.1,42.5,,18,54.3,44.2,108.5,108.5,287,218,2,2,0,0,1.84,7.88,3.02,D,1,1
993,2021-22,2022-01-23,27,16:30,Turf Moor,21729,John Brooks,Overcast,12.8,43,Top 4 battle,Burnley,Brighton,Vincent Kompany,Roberto De Zerbi,3-5-2,4-4-2,defense,balanced,good,good,0,0,1,0,59,none,8,14,6,1,75.0,7.1,1.39,0.24,-0.39,-0.24,42.0,58.0,458,351,75.3,85.0,31,44,4,2,1,0,10,12,0,0,0,0,0,,8,14,1,3,0,0,6,2,1,5,0,1,19,18,18,9,34,29,5,2,5,7,20,6,43.7,-,8,5,62.3,62.2,110.0,107.3,236,287,3,3,,0,3.32,3.93,2.25,H,3,0
553,2020-21,2021-01-09,35,12:30,Bramall Lane,27240,Chris Kavanagh,Foggy,18.6,46,Top 4 battle,Sheffield United,Luton Town,Chris Wilder,Rob Edwards,4-1-4-1,5-4-1,defense,defense,average,good,2,0,3,0,6;6;58,none,17,12,7,8,41.2,66.7,3.73,N/A,-0.73,-0.38,54.8,45.2,533,480,76.8,76.5,60,34,8,5,1,0,14,9,0,0,0,0,0,0,20,6,4,0,0,0,5,1,8,4,0,3,17,17,17,9,16,25,11,6,13,17,9,20,33.8,17.1,7,17,46.0,46.3,117.1,109.2,197,203,0,2,2,2,2.7,3.64,2.81,H,N/A,0
1321,2022-23,2022-12-07,4,14:05,Villa Park,41839,Anthony Taylor,Light Rain,10.0,48,Cup,Aston Villa,Liverpool,Unai Emery,Jurgen Klopp,4-4-2,3-4-3,attack,attack,good,Avg,2,1,3,2,41+3;45;80,32;54,19,17,4,4,21.1,23.5,3.86,1.83,-0.86,0.17,43.1,56.9,376,303,86.0,90.3,43,50,7,1,2,1,21,18,0,0,1,0,1,0,6,7,1,2,0,0,2,0,2,1,2,3,N/A,15,16,6,32,36,3,8,11,11,8,22,16.0,28.8,8,12,61.2,43.2,100.3,102.3,283,181,,4,0,0,3.34,2.62,3.14,H,3,0
782,2021-22,2021-08-29,33,20:00,Tottenham Hotspur Stadium,47420,Stuart Attwell,Light Rain,1.6,65,Cup,Tottenham,Burnley,Ange Postecoglou,Vincent Kompany,3-4-3,3-4-3,attack,DEFENSE,average,bad,3,0,4,0,54;63;69+3;88,none,14,6,7,5,50.0,83.3,4.99,,,-0.1,62.9%,37.1,665,497,85.1,,29,72,8,8,1,0,14,18,0,0,1,1,1,0,12,12,2,2,1,nan,2,3,5,3,0,4,11,12,14,6,22,16,9,4,21,,24,16,15.4,41.8,5,14,68.0,56.9,111.2,103.4,288,158,3,5,0,0,2.04,4.63,3.4,H,3,0
1050,2021-22,2022-03-05,4,19:45,Villa Park,36934,John Brooks,Light Rain,2.1,83,Top 4 battle,Aston Villa,Sheffield United,Unai Emery,Chris Wilder,4-1-4-1,3-5-2,attack,defense,,average,1,0,3,0,5;41;71,none,12,15,10,4,nan,26.7,3.83,,-0.83,-0.1,57.4,42.6,495,626,79.6,69.7,28,75,8,4,2,0,6,15,0,0,0,0,,,9,20,3,0,0,0,1,0,4,7,0,nan,28,25,8,12,34,15,11,7,18,11,10,12,17.0,39.4,11,15,43.2,60.5,,107.9,300,159,2,,1,0,2.1,4.79,3.18,H,3,0
1713,2023-24,2023-12-25,20,12:30,Turf Moor,21532,Jarred Gillett,Sunny,9.2,56,Title race,Burnley,Newcastle,Vincent Kompany,Eddie Howe,3-5-2,,defense,defense,average,good,0,0,1,2,23,58;86,17,7,10,5,58.8,71.4,1.26,2.13,-0.26,-0.13,30.5,69.5,600,329,69.4,82.9,24,32,11,3,1,1,8,16,1,1,0,1,0,0,11,20,2,2,0,0,3,0,3,9,2,1,23,20,14,15,39,33,12,4,22,15,25,9,25.4,21.9,19,14,43.9,60.6,103.8,110.0,228,232,1,,1,1,3.11,,2.07,A,0,3
1853,2023-24,2024-03-31,18,12:30,Old Trafford,58498,Thomas Bramall,Rainy,0.0,48,Title race,Manchester United,Wolves,Erik ten Hag,Gary O'Neil,3-5-2,,balanced,defense,average,average,2,0,4,,19;25;41;81+3,,13,11,,2,76.9,18.2,4.52,0.1,-0.52,-0.1,53.5,46.5,636,,80.4,77.7,29,50,4,1,2,0,19,12,2,0,1,0,1,0,10,11,3,1,0,0,5,3,2,6,0,4,10,19,9,12,10,8,4,2,17,17,23,,44.0,25.4,14,8,57.9,55.6,112.4,107.0,274,259,2,1,0,0,2.22,3.81,3.49,H,3,0
1716,2023-24,2023-12-25,30,17:30,Old Trafford,73706,Robert Jones,Clear,,48,Top 4 battle,Manchester United,Arsenal,,Mikel Arteta,4-3-3,4_1_4_1,balanced,attack,good,good,1,0,3,3,58;79;81,45;49;63,14,7,-10,6,71.4,85.7,2.96,3.58,0.04,-0.58,45.0,55.0,385,440,89.4,88.6,76,34,,4,0,1,9,15,0,0,0,2,0,2,,7,1,4,0,1,0,2,3,7,3,3,19,25,9,12,35,15,?,5,N/A,19,8,15,38.2,43.8,7,13,61.4,60.7,105.2,104.8,277,282,3,4,3,0,3.31,2.77,2.97,D,1,1
2044,2021-22,2022-04-28,6,12:30,City Ground,25073,Paul Tierney,Light Rain,7.1,83,Derby,Nottm Forest,Tottenham,Nuno Espirito Santo,Ange Postecoglou,3-4-3,3-4-3,defense,attack,good,AVERAGE,0,1,1,1,18,58,20,13,2,7,10.0,53.8,0.89,1.11,0.11,-0.11,N/A,60.7,,521,78.6,83.4,65,43,5,4,1,1,10,20,?,,0,0,0,0,9,15,2,4,0,0,1,5,6,1,1,1,28,26,15,18,30,36,2,6,13,6,18,N/A,34.5,42.7,10,4,54.7,48.9,102.6,106.3,196,272,3,0,1,1,2.85,3.53,2.73,D,1,1
1950,2021-22,2021-11-06,14,16:30,Tottenham Hotspur Stadium,57044,Anthony Taylor,Windy,5.9,95,Cup,Tottenham,Brentford,Ange Postecoglou,Thomas Frank,3-4-3,4-3-3,attack,attack,bad,bad,,0,0,0,none,none,13,7,9,5,69.2,,0.15,0.16,,-0.16,57.4,42.6,471,330,81.8,79.0,,30,9,5,0,0,22,9,?,,0,0,0,0,18,10,1,1,0,0,1,5,5,9,0,0,19,17,7,13,33,32,12,7,25,18,17,19,23.0,24.5,,17,50.4,46.8,106.9,111.5,236,168,4,5,,0,2.23,,2.66,D,1,1
199,2019-20,2019-12-28,16,12:30,Emirates Stadium,49129,David Coote,Foggy,20.8,93,Relegation 6-pointer,Arsenal,Aston Villa,Mikel Arteta,Unai Emery,4-1-4-1,4-3-3,attack,attack,bad,average,1,,2,1,,1,15,11,4,1,,9.1,1.99,0.62,0.01,0.38,57.3,42.7,586,541,,86.8,44,59,9,2,1,1,14,6,2,0,0,0,0,0,16,11,1,2,N/A,0,1,1,0,2,1,2,22,12,14,6,N/A,19,5,7,12,13,15,13,24.8,29.4,20,18,50.0,47.9,101.9,106.0,293,224,2,2,1,1,2.16,3.81,3.65,H,3,0
713,2020-21,2021-05-02,20,15:00,Villa Park,36202,Jarred Gillett,Foggy,21.4,84,Title race,Aston Villa,Chelsea,Unai Emery,Mauricio Pochettino,4-2-3-1,4-3-3,attack,balanced,good,,1,2,2,2,8;65,28;90+4,18,7,9,5,50.0,71.4,1.58,2.79,0.42,-0.79,50.3,49.7,354,538,82.4,90.5,,20,5,3,1,1,21,17,,1,,0,1,0,7,12,0,1,0,0,3,1,3,7,2,2,24,13,12,17,,25,6,9,12,8,16,nan,31.0,15.8,18,12,40.7,43.1,104.5,100.0,277,215,3,3,2,1,2.57,3.72,2.92,D,1,
439,2020-21,2020-10-20,32,15:00,Emirates Stadium,45557,Andy Madley,Sunny,8.0,46,League,Arsenal,Newcastle,Mikel Arteta,Eddie Howe,4-2-3-1,3-4-3,attack,defense,avg,good,0,1,2,1,6;37+3,81,20,13,4,6,20.0,46.2,2.2,0.65,-0.2,0.35,58.5,41.5,,285,85.5,84.0,38,50,7,8,0,1,20,16,0,0,1,1,1,0,13,6,3,1,0,0,5,1,5,2,1,2,15,23,10,9,29,34,11,2,7,8,15,11,33.3,15.8,5,6,74.0,57.8,113.3,98.8,204,236,1,3,2,2,2.19,3.84,3.54,H,3,0
87,2019-20,2019-10-08,17,20:00,Villa Park,34826,Simon Hooper,Clear,20.1,67,Cup,Aston Villa,Brentford,Unai Emery,Thomas Frank,4-3-3,3-5-2,attack,attack,bad,bad,0,2,N/A,,9+3;23;61,61;72,,14,6,3,46.2,21.4,3.33,1.97,-0.33,0.03,,55.6,667,549,88.4,78.3,49,47,8,5,1,2,17,7,0,0,1,0,1,0,11,,0,3,0,0,1,3,1,3,,3,25,15,6,13,29,30,12,9,14,15,6,9,35.9,32.3,10,8,73.3,55.0,106.4,103.2,151,256,4,1,0,0,2.64,3.21,3.24,H,3,0
408,2020-21,04/10/2020,28,15:00,Tottenham Hotspur Stadium,47890,Simon Hooper,Sunny,24.4,94,Top 4 battle,Tottenham,Aston Villa,Ange Postecoglou,Unai Emery,3-5-2,4-3-3,attack,attack,good,bad,1,0,2,0,43;59,,12,13,8,-3,66.7,23.1,2.27,0.35,-0.27,-0.35,46.7,53.3,630,288,81.0,82.1,?,22,5,3,1,0,16,7,0,0,1,0,1,0,16,8,?,0,0,0,5,4,3,6,0,2,17,14,12,8,27,18,4,9,11,10,13,4,15.6,15.0,,?,64.6,65.2,109.9,108.9,179,272,1,4,0,0,2.21,5.91,2.65,H,3,0
254,2019-20,2020-02-04,1,16:30,Amex Stadium,28315,Thomas Bramall,Rainy,23.1,77,League,Brighton,Aston Villa,Roberto De Zerbi,Unai Emery,4-1-4-1,3-4-3,balanced,attack,bad,poor,1,1,3,2,24;57;72,30;66,19,7,5,N/A,26.3,71.4,2.28,2.67,0.72,-0.67,57.1,42.9,692,492,85.7,79.1,42,62,2,7,2,0,21,5,0,0,1,0,1,0,12,13,1,1,0,0,4,5,3,2,?,3,24,11,9,9,13,36,10,3,18,13,9,16,35.0,30.5,19,10,45.3,50.3,110.1,108.6,213,167,1,4,,0,2.42,5.39,2.49,H,3,0
1061,2021-22,2022-03-13,13,14:05,City Ground,26733,Stuart Attwell,Overcast,13.3,,League,Nottm Forest,Liverpool,Nuno Espirito Santo,Jurgen Klopp,4-4-2,5-4-1,defense,attack,average,good,,2,1,3,,1;50+3;61,8,15,8,7,100.0,46.7,1.36,3.48,-0.36,-0.48,39.5,-,310,502,82.4,86.6,48,,3,4,1,0,14,16,1,1,0,0,0,0,20,17,2,,0,0,0,2,4,7,3,1,30,20,11,18,nan,22,7,5,14,19,23,19,39.5,17.9,9,13,63.6,62.6,103.9,102.7,291,252,2,2,1,1,,4.01,2.23,A,0,3
1005,2021-22,2022-01-30,22,20:00,City Ground,25615,Jarred Gillett,Windy,10.0,54,Cup,Nottm Forest,Brentford,Nuno Espirito Santo,Thomas Frank,,4-1-4-1,defense,attack,good,bad,0,0,3,0,null,none,19,17,8,,42.1,35.3,3.29,0.33,-0.29,-0.33,45.0,55.0,319,612,79.1,80.4,47,69,7,5,0,0,9,9,0,0,0,0,0,,11,16,4,1,0,0,3,4,6,5,0,3,29,22,12,12,39,20,8,10,8,20,17,13,26.0,19.6,16,5,42.5,49.6,101.2,108.3,166,,2,3,0,0,3.36,3.18,2.58,H,3,0
12,2019-20,2019-08-19,24,14:05,Anfield,49750,Michael Oliver,Windy,18.5,75,League,Liverpool,Luton Town,Jurgen Klopp,Rob Edwards,3-4-3,3-5-2,,,good,bad,nan,0,5,1,17;39;40+3;47;52,52,12,9,8,1,66.7,11.1,4.5,1.56,,-0.56,62.9,37.1,312,424,92.1,72.1,69,72,4,2,0,1,10,19,0,0,0,0,0,0,9,17,2,2,0,0,3,4,0,3,1,5,18,24,16,13,29,24,5,4,,17,8,20,17.7,40.6,17,4,63.0,58.2,105.4,105.5,172,185,2,4,1,1,2.13,4.12,,H,3,?
401,2020-21,2020-09-25,13,15:00,Selhurst Park,24207,Andy Madley,Windy,28.1,,Cup,Crystal Palace,Sheffield United,Oliver Glasner,Chris Wilder,4-4-2,4-4-2,DEFENSE,defense,Good,good,1,0,3,0,25;47;90,none,20,7,7,1,35.0,14.3,3.63,0.1,-0.63,-0.1,65.6,34.4,384,377,75.9,,62,38,5,3.0,1,0,19,,1,0,2,0,2,0,10,11,?,2,0,0,1,5,1,4,0,3,27,26,9,14,21,36,8,3,6,5,N/A,8,17.0,32.7,20,7,47.9,59.8,115.6,106.6,246,236,3,2,0,0,1.9,4.72,3.83,H,3,0
1400,2022-23,2023-02-06,15,19:45,Anfield,52488,Andy Madley,Light Rain,8.6,94,Relegation 6-pointer,Liverpool,Manchester United,Jurgen Klopp,Erik ten Hag,5-4-1,4-1-4-1,attack,bal,average,good,1,0,1,2,46,21;87,19,16,,2,21.1,12.5,1.09,2.5,,-0.5,61.5,38.5,569,256,87.5,88.5,37,23,?,8,1,0,18,17,,0,0,0,0,0,16,11,1,1,1,0,1,0,0,3,2,1,15,26,17,5,40,32,6,8,6,10,25,13,39.0,36.8,8,4,71.6,70.3,105.0,107.5,197,164,0,3,0,0,,3.48,3.46,A,0,3
889,2021-22,2021-11-09,32,14:05,Craven Cottage,21603,David Coote,Overcast,15.7,95,League,Fulham,Manchester United,Marco Silva,Erik ten Hag,4-1-4-1,5-4-1,balanced,balanced,good,good,2,2,2,2,16+1;78,31;90,10,15,4,4,40.0,26.7,1.68,1.96,0.32,0.04,46.1,53.9,666,326,,81.3,51,41,9,2,2,0,20,14,0,0,0,0,0,0,9,8,2,3,0,0,2,0,2,2,2,2,16,16,5,15,15,28,3,10,25,15,18,17,18.5,17.8,11,10,71.0,65.3,112.4,104.1,233,213,3,6,0,0,2.71,3.65,2.8,D,1,1
1837,2023-24,2024-03-22,5,17:30,Bramall Lane,31872,Anthony Taylor,Clear,,61,League,Sheffield United,Manchester City,Chris Wilder,Pep Guardiola,4-3-3,3-4-3,defense,balanced,bad,average,1,0,1,2,57,5;47,14,14,2,4,14.3,28.6,0.89,1.75,0.11,0.25,22.7%,77.3,681,430,74.4,90.9,41,64,10,6,0,2,7,12,0,0,0,0,0,0,12,11,,nan,0,0,1,4,2,1,2,1,22,20,20,13,40,17,4,2,9,10,20,5,34.7,22.3,5,13,55.6,47.9,108.7,110.1,247,141,3,6,1,0,2.88,6.05,2.05,A,0,3
1450,2022-23,2023-03-15,30,16:30,Gtech Community Stadium,16502,,Rainy,6.0,48,Derby,Brentford,Nottm Forest,Thomas Frank,Nuno Espirito Santo,4-3-3,4-1-4-1,attack,defense,average,good,0,0,4,0,26;56;69;76,none,15,15,8,8,53.3,53.3,4.2,0.24,-0.2,-0.24,57.9,42.1,441,552,79.2,78.1,77,30,7,1,,0,20,N/A,0,0,,0,1,0,8,8,1,2,0,1,0,2,8,4,0,4,18,23,12,13,27,22,3,4,5,N/A,22,6,34.4,29.2,12,5,70.7,49.0,108.4,112.3,298,211,2,5,3,2,2.24,4.32,3.1,H,3,0
1012,2021-22,2022-02-10,36,12:30,Gtech Community Stadium,14362,Jarred Gillett,Light Rain,13.2,89,Relegation 6-pointer,Brentford,West Ham,Thomas Frank,David Moyes,4-3-2-1,3-4-3,attack,def,bad,average,0,0,3,,12;30;58,none,,15,7,8,-,nan,2.44,0.1,0.56,-0.1,50.8,49.2,503,547,85.5,81.5,20,65,2,1,2,0,18,18,2,0,0,0,0,0,6,10,2,nan,0,0,,0,?,4,0,3,14,20,20,11,24,26,3,2,20,10,8,6,41.8,24.8,15,17,41.1,43.7,105.1,103.7,285,148,1,5,0,0,2.24,4.89,2.86,H,3,0
1652,2023-24,2023-11-11,11,17:30,Vitality Stadium,10553,Stuart Attwell,Light Rain,9.4,64,League,Bournemouth,Chelsea,Andoni Iraola,Mauricio Pochettino,3-5-2,4-3-3,ATTACK,bal,good,bad,0,3,1,4,,20;21;39;88,8,15,4,8,50.0,,1.29,4.73,-0.29,-0.73,40.8,59.2,627,405,77.8,85.7,80,54,10,5,1,2,14,5,0,0,1,1,0,?,6,6,1,2,1,0,0,5,,3,4,1,10,13,20,13,31,14,6,8,13,17,10,18,,41.2,12,18,49.2,64.0,99.7,106.4,163,282,0,3,2,1,2.51,5.95,2.31,A,0,3
1359,2022-23,2023-01-06,1,17:30,Bramall Lane,##,Michael Oliver,,11.5,53,League,Sheffield United,Arsenal,Chris Wilder,Mikel Arteta,4-4-2,4-4-2,defense,attack,average,bad,0,1,0,5,none,12+5;40;58;62;66,10,8,8,4,80.0,N/A,0.29,5.22,-0.29,,30.6,69.4,609,549,,86.2,20,18,2,3,0,1,9,5,0,0,0,?,0,1,9,17,2,3,0,0,4,1,0,8,5,0,20,19,15,14,33,29,3,5,,8,14,12,20.6,41.7,13,17,70.5,52.3,110.2,101.7,169,201,,6,0,0,3.62,3.53,2.27,A,0,3
191,2019-20,2019-12-20,16,16:30,Tottenham Hotspur Stadium,60966,Andy Madley,Sunny,9.9,42,Derby,Tottenham,Burnley,Ange Postecoglou,Vincent Kompany,4-3-2-1,4-2-3-1,attack,defense,bad,average,1,0,2,2,44+1;72,57;62,20,9,8,N/A,40.0,88.9,2.94,1.94,-0.94,0.06,68.0,32.0,523,-333,85.7,70.5,37,58,3,9,2,,13,17,0,0,1,1,0,1,10,13,2,2,0,0,0,3,6,6,2,2,25,,14,17,25,17,10,4,16,7,24,18,32.0,22.2,15,13,46.7,55.6,107.5,104.6,300,280,1,,3,0,1.79,7.29,3.29,D,1,1
2040,2021-22,2021-08-20,13,15:00,Craven Cottage,362532,Chris Kavanagh,Rainy,3.8,68,Cup,Fulham,Brighton,Marco Silva,Roberto De Zerbi,3-5-2,4-4-2,BALANCED,balanced,average,avg,0,1,3,1,6;42;75,24,19,11,7,3,36.8,27.3,1.97,1.7x,1.03,-0.7,42.7,57.3,572,291,85.8,82.2,78,28,8,5,1,1,22,16,0,1,0,0,0,0,9,20,3,4,0,0,3,5,2,4,1,3,11,22,10,6,16,13,10,5,15,N/A,10,18,29.8,24.0,13,6,53.4,61.4,103.2,120.1,211,246,0,2,0,0,,4.64,2.27,H,3,0
188,2019-20,2019-12-17,17,16:30,Stamford Bridge,31790,Jarred Gillett,Overcast,9.1,48,Cup,Chelsea,Fulham,Mauricio Pochettino,,4_4_2,4-2-3-1,balanced,balanced,good,bad,2,2,2,2,12;40,54;81x,13,15,6,8,46.2,53.3,1.96,2.05,0.04,-0.05,52.1,47.9,313,297,84.5,85.8,29,73,4,4,,0,6,16,0,1,0,0,0,0,20,13,0,0,0,0,5,3,6,4,,2,12,28,14,14,11,27,11,3,8,-5,7,15,15.6,18.5,13,17,44.4,62.4,107.6,,207,150,3,3,0,0,2.28,5.75,2.59,D,1,1
880,2021-22,2021-11-02,24,15:00,Kenilworth Road,8190,Jarred Gillett,Windy,11.6,72,Relegation 6-pointer,Luton Town,Sheffield United,Rob Edwards,Chris Wilder,4-4-2,4-3-3,defense,defense,good,BAD,2,2,2,4,10;65+3,12;21;68+2;70,18,16,7,5,38.9,31.2,1.94,4.78,0.06,-0.78,48.9,51.1,504,626,77.3,,,21,-2,2,0,0,6,12,0,0,0,2,0,2,12,12,4,1,0,0,5,5,1,5,4,2,15,13,5,17,,16,9,10,20,17,15,20,25.3,33.9,18,10,,55.6,107.0,104.0,286,145,1,5,2,1,2.31,4.08,3.1,A,0,-3
1779,2023-24,2024-02-08,36,19:45,Emirates Stadium,56197,Andy Madley,Sunny,9.5,63,League,Arsenal,Liverpool,Mikel Arteta,Jurgen Klopp,5-4-1,4-1-4-1,,attack,bad,bad,1,0,1,1,51,53,15,10,,8,60.0,80.0,1.33,0.61,-0.33,0.39,47.5,52.5,632,255,90.0,90.9,58,74,2,9,0,0,11,12,0,0,0,1,0,1,?,15,3,2,0,0,0,4,7,8,1,1,28,11,11,7,35,30,2,7,12,17,5,21,38.4,,8,11,52.3,41.6,100.5,106.1,297,211,3,4,2,1,3.02,2.67,3.39,D,1,1
2017,2019-20,2019-08-10,8,17:30,St. James' Park,45169,Paul Tierney,Light Rain,19.9,54,Derby,Newcastle,Everton,Eddie Howe,Sean Dyche,4-3-3,4-3-2-1,defense,defense,bad,bad,1,3,1,3,81,26;60;80,9,9,,7,66.7,77.8,1.39,2.75,-0.39,0.25,48.8,51.2,432,492,83.7,,53,47,4,1,0,1,9,19,1,0,?,?,0,0,20,8,3,2,0,0,6,1,4,5,3,1,11,20,10,18,36,35,8,4,23,6,12,6,17.4,17.1,10,18,47.9,64.3,106.3,106.8,170,283,4,3,1,0,2.17,5.65,2.76,A,0,3
508,2020-21,2020-12-09,3,16:30,Etihad Stadium,42575,David Coote,Clear,9.8,61,Top 4 battle,Manchester City,Crystal Palace,Pep Guardiola,Oliver Glasner,4-3-2-1,4-3-2-1,balanced,defense,average,average,0,0,2,1,36+3;89,2,10,6,5,1,50.0,16.7,1.62,1.33,0.38,-0.33,62.4,37.6,446,601,92.0,81.6,41,26,5,6,,1,10,14,0,1,0,1,0,0,,12,?,4,0,1,5,3,0,3,,2,11,12,18,13,15,38,,7,15,21,11,20,28.8,42.4,11,14,74.9,44.4,118.7,112.9,,172,1,5,2,2,2.4,4.0,2.99,H,3,0
1762,2023-24,2024-01-29,22,17:30,Amex Stadium,29401,Andy Madley,Windy,11.9,73,League,Brighton,Bournemouth,Roberto De Zerbi,Andoni Iraola,4-3-2-1,4-4-2,balanced,attack,good,average,0,0,,2,40;46;58,60;69,19,17,3,3,15.8,17.6,3.89,2.6,-0.89,-0.6,64.1,35.9,336,589,80.9,,,75,2,3,2,0,9,12,0,0,1,1,1,1,13,,3,3,0,0,2,1,1,0,2,3,23,14,14,15,29,19,7,10,16,11,17,13,34.3,40.0,9,10,42.6,52.7,105.7,107.0,201,203,5,3,0,0,2.2,3.77,3.56,H,,0
214,2019-20,2020-01-10,11,16:30,St. James' Park,49646,Simon Hooper,Light Rain,2.3,61,Derby,Newcastle,Burnley,Eddie Howe,Vincent Kompany,4-2-3-1,4-3-2-1,defense,defense,bad,average,0,0,3,1,18;42;77+5,90,20,10,10,6,50.0,60.0,3.16,1.15,-0.16,-0.15,66.4,33.6,537,489,86.1,72.3,79,29,8,7,,0,7,20,0,0,1,1,0,1,18,8,0,4,0,0,4,4,5,7,1,3,12,22,15,18,29,27,11,7,10,9,12,9,31.7,,14,4,,67.6,97.9,95.9,178,182,5,3,1,1,2.29,3.16,4.05,H,3,0
1800,2023-24,2024-02-24,33,20:00,Stamford Bridge,39363,Chris Kavanagh,Clear,20.2,71,League,Chelsea,Sheffield United,Mauricio Pochettino,Chris Wilder,3_5_2,3-5-2,balanced,defense,average,,2,0,5,0,1;41;66+2;66;81,none,18,7,9,4,50.0,57.1,6.25x,0.38,?,-0.38,64.3,35.7,396,400,84.0,71.0,39,62,3,2,0,0,20,12,0,0,2,,2,0,,7,2,,0,0,3,2,4,4,0,,21,25,10,14,22,14,2,3,22,12,24,9.0,?,42.4,17,6,66.4,42.4,108.4,N/A,206,162,1,4,0,0,1.75,4.71,4.59,H,3,0
1190,2022-23,2022-09-05,25,12:30,Amex Stadium,24678,Robert Jones,Foggy,11.2,57,Top 4 battle,Brighton,Aston Villa,Roberto De Zerbi,Unai Emery,5-4-1,4-1-4-1,balanced,attack,average,good,1,0,3,2,,18;67,16,8,4,2,25.0,25.0,2.56,null,0.44,-0.22,54.7,45.3,337,562,79.3x,80.1,21,38,5,2,0,1,22,7,0,0,0,1,0,1,7,9,1,2,0,0,3,5,0,1,2,3,25,20,12,6,17,12,5,4,19,18,17,17,,43.6,9,8,74.8,67.7,107.8,103.2,296,263,2,4,2,0,2.28,3.64,3.49,H,3,0
1130,2021-22,2022-04-30,26,15:00,Molineux Stadium,31524,David Coote,Light Rain,11.5,58,Title race,Wolves,Liverpool,Gary O'Neil,Jurgen Klopp,4-3-3,4-3-2-1,defense,,average,bad,,0,1,3,10,7;62;82,18,7,6,3,33.3,42.9,1.39,2.68,-,,45.5,54.5,,377,79.9,87.1,54,21,5,4,0,0,6,12,0,0,1,0,1,0,10,16,1,0,0,1,4,5,0,5,3,1,18,22,15,16,21,20,2,10,8,14,11,17,17.2,38.7,N/A,4,51.0,65.9,111.7,107.1,238,197,3,3,1,1,3.63,2.58,2.97,A,,3
1201,2022-23,2022-09-17,22,16:30,Stamford Bridge,30412,Jarred Gillett,Rainy,18.6,54,Title race,Chelsea,Nottm Forest,Mauricio Pochettino,Nuno Espirito Santo,4-4-2,4-4-2,balanced,defense,good,bad,3,0,3,0,32;72;88,none,8,6,3,1,,16.7,2.52,0.1,0.48,-0.1,58.1,41.9,640,561,88.0,77.4,55,43,8,2,2,0,15,13,1,0,0,0,0,0,20,6,1,?,0,0,,4,1,0,0,3,15,14,,18,13,34,4,10,8,9,11,22,28.1,42.0,20,13,64.1,67.1,111.9,109.6,249,199,,1,0,0,2.03,3.8,4.11,H,,0
601,2020-21,2021-02-13,34,16:30,Emirates Stadium,48013,Robert Jones,Sunny,18.9,66,League,Arsenal,Chelsea,Mikel Arteta,Mauricio Pochettino,3-4-3,4-2-3-1,attk,balanced,average,good,2,0,3,0,68;83;85,none,10,13,3,6,30.0,46.2,3.7,,-0.7,-0.37,48.9,51.1,357,307,91.2,86.5,31,75,999,5,0,0,9,11,0,0,1,0,1,0,10,nan,2,0,0,0,2,1,nan,0,0,3,17,17,7,6,16,18,5,8,14,12,22,,24.1,15.2,7,16,59.4,46.2,108.9,108.4,268,245,2,3,1,1,2.43,3.53,3.27,H,3,0
883,2021-22,2021-11-10,1,19:45,St. James' Park,41972,Simon Hooper,Cloudy,,56,League,Newcastle,Aston Villa,Eddie Howe,Unai Emery,4-2-3-1,3-5-2,defense,attack,average,good,2,0,4,1,30;66;71;79,57,-14,14,5,3,35.7,21.4,4.44,1.4,-0.44,-0.4,52.6,47.4,383,513,86.0,86.3,76,31,4,6,0,0,16,20,0,0,,1,1,1,14,19,1,0,0,1,6,2,,1,1,4,19,17,12,13,32,12,11,7,,20,12,5,35.0,28.0,18,8,44.7,,114.7,109.5,289,251,3,4,0,0,2.94,2.71,3.43,H,3,0
1806,2023-24,2024-03-01,27,14:05,St. James' Park,46029,Jarred Gillett,,16.7,53,League,Newcastle,Manchester United,Eddie Howe,Erik ten Hag,4-4-2,4-2-3-1,defense,attack,bad,bad,2,1,,1,49;73,58,?,16,9,1,100.0,6.2,1.94,0.85,,0.15,53.7,46.3,529,447,83.0,80.5,66,32,8,1,1,1,7,18,1,1,0,0,0,0,20,6,2,1,0,0,0,2,0,7,1,2,13,15,9,13,25,19,3,10,25,20,24,9,17.8,31.5,15,8,##,49.6,98.4,111.7,173,204,2,,1,,2.54,3.59,3.06,H,3,0
1025,2021-22,2022-02-17,13,20:00,London Stadium,49245,Robert Jones,Rainy,17.2,82,League,West Ham,Burnley,David Moyes,Vincent Kompany,3-5-2,5-4-1,defense,defense,good,average,2,0,3,2,6+5;11;31,28;68,14,8,5,6,35.7,75.0,2.81,,0.19,-0.09,53.9,46.1,624,407,85.4,,74,19,2,8,1,1,10,5,0,0,0,0,0,0,16,10,2,1,0,0,5,4,4,2,2,3,16,25,15,6,15,20,12,3,16,7,25,17,33.3,19.6,6,10,69.2,,108.5,105.8,216,257,1,4,3,?,2.36,3.87,3.15,H,3,0
2042,2019-20,2019-09-06,21,20:00,Molineux Stadium,26128,David Coote,Cloudy,-4.9,53,Relegation 6-pointer,Wolves,Nottm Forest,,Nuno Espirito Santo,4-3-2-1,4-4-2,defense,defense,bad,bad,0,0,3,0,34;52+5;65,none,19,7,6,7,31.6,100.0,3.51,0.4,-0.51,-0.4,,55.5,637,598,82.8,74.0,68,48,5,2,1,0,10,17,0,0,1,0,1,0,18,6,2,3,0,0,6,5,7,3,0,,18,22,10,7,36,13,2,4,16,12,,12,33.8,38.3,15,?,62.3,43.5,106.4,111.8,254,234,3,2,2,0,2.37,5.04,2.64,H,N/A,nan
135,2019-20,2019-11-09,1,17:30,Old Trafford,60517,Jarred Gillett,Rainy,19.6,75,Title race,Manchester United,Manchester City,Erik ten Hag,Pep Guardiola,4-3-2-1,4-3-3,balanced,balanced,bad,good,0,1,1,1,53,83,16,16,3,,18.8,25.0,0.84,0.7,0.16,0.3,50.3,49.7,654,420,88.5,95.8,75,31,6,8,1,0,20,15,0,1,0,0,0,0,13,,1,1,1,0,0,0,?,,1,1,29,23,14,9,39,13,7,5,12,15,24,16,34.1,25.2,6,12,70.0,67.1,106.3,104.2,247,240,2,0,2,1,2.79,4.16,2.49,D,1,1
1186,2022-23,2022-09-07,14,12:30,Molineux Stadium,25129,Paul Tierney,Windy,19.1,?,League,Wolves,Nottm Forest,Gary O'Neil,Nuno Espirito Santo,4-1-4-1,4-3-2-1,DEFENSE,defense,average,bad,1,0,3,1,25;31;63,27+1,17,7,9,,52.9,85.7,2.76,1.36,0.24,-0.36,50.5,49.5,496,554,76.6,76.5,65,65,5,4,1,1,16,18,1,0,0,0,0,0,20,7,2,,0,0,4,0,5,6,1,3,24,18,7,11,32,25,9,9,7,,9,13,41.5,37.1,8,5,48.5,46.0,102.7,112.8,162,257,2,3,0,0,2.84,3.36,2.85,H,3,0
1039,2021-22,2022-02-27,23,15:00,Craven Cottage,23940,Chris Kavanagh,Sunny,23.4,65,Cup,Fulham,Aston Villa,Marco Silva,Unai Emery,4_3_3,5-4-1,balanced,attack,average,average,0,0,0,0,none,,17,10,5,6,29.4,60.0,0.1,0.1,-0.1,-0.1,50.6,49.4,333,338,81.9,87.3,68,nan,999,8,0,0,11,8,0,0,?,0,0,0,16,,1,0,0,0,2,4,6,5,0,0,,18,13,15,35,,2,8,24,10,11,9,32.3,23.7,13,14,44.5,,103.9,111.1,172,225,0,4,3,0,2.6,3.48,3.06,D,1,1
1383,2022-23,2023-01-24,22,12:30,Kenilworth Road,9598,David Coote,Overcast,17.5,55,League,Luton Town,Crystal Palace,Rob Edwards,Oliver Glasner,4-3-3,3-5-2,defense,defense,average,good,0,0,0,1,none,12,17,13,7,7,41.2,53.8,0.3,1.35,-0.3,-0.35,48.3,51.7,412,362,75.4,75.8,56,74,2,8,0,0,20,10,0,1,0,0,0,0,8,13,4,2,0,0,3,3,6,7,1,0,19,18,12,10,32,14,2,9,5,14,,13,19.0,42.4,14,13,50.2,46.4,106.5,104.5,292,244,2,1,0,0,null,3.01,2.84,A,0,
420,2020-21,2020-10-09,38,19:45,Anfield,60231,Simon Hooper,Rainy,10.6,62,Relegation 6-pointer,Liverpool,Everton,Jurgen Klopp,Sean Dyche,4-3-2-1,3-4-3,attk,defense,good,good,0,0,2,0,87;88+3,none,-2,10,8,2,88.9,20.0,1.77,0.1,0.23,-0.1,57.5,42.5,432,410,,81.4,49,60,4,1,2,0,21,19,0,0,1,0,0,0,11,8,1,4,0,0,0,3,2,6,0,2,21,14,,11,36,36,4,,16,9,23,20,43.3,29.5,15,15,44.9,65.2,113.2,109.6,181,244,3,,2,0,2.31,3.58,,H,3,0
223,2019-20,2020-01-16,31,17:30,Vitality Stadium,8667,Andy Madley,Foggy,8.5,95,Title race,Bournemouth,Brentford,Andoni Iraola,Thomas Frank,3-4-3,3-4-3,attack,attack,average,good,1,1,1,2,79,80+3;85+2,17,17,9,5,52.9,29.4,1.05,2.4,-0.05,-0.4,41.4,58.6,397,587,78.8,78.2,46,65,2,1,0,1,10,14,1,0,0,nan,0,0,20,7,0,3,0,0.0,4,0,3,8,2,1,30,23,6,9,17,25,11,4,18,15,16,22,39.5,18.0,11,17,60.8,57.8,107.0,110.1,287,185,2,3,2,2,2.54,4.98,2.46,A,0,3
2016,2023-24,2024-04-28,38,12:30,St. James' Park,47064,Jarred Gillett,Foggy,18.4,58,Relegation 6-pointer,Newcastle,West Ham,Eddie Howe,David Moyes,4-2-3-1,4-3-2-1,defense,defense,bad,good,0,1,3,3,21;54+3;62,1;41;85,18,11,7,5,38.9,45.5,3.4,2.9,-0.4,0.1,55.0,45.0,300,322,86.2,77.6,38,66,2,2,1,2,10,19,0,0,1,1,1,1,14,19,2,1,0,0,0,4,2,4,3,3,16,11,12,11,32,10,5,10,17,nan,15,8,38.0,19.7,15,18,46.9,64.4,102.7,114.1,266,171,3,3,1,0,2.48,4.9,2.55,D,1,
1872,2023-24,2024-04-16,26,17:30,Bramall Lane,26988,Jarred Gillett,Clear,4.4,87,Title race,Sheffield United,Brentford,Chris Wilder,Thomas Frank,3-5-2,4-2-3-1,defense,attk,,good,0,0,2,2,53;66+1,9+5;61,13,10,9,2,69.2,20.0,2.07,1.97,-0.07,0.03,31.9,68.1,565,431,69.4,85.9,55,57,10,8,1,0,17,11,0,0,0,0,0,0,14,7,1,3,0,0,5,0,0,7,2,2,29,15,20,14,18,9,10,3,18,17,10,8,22.9,16.2,10,18,59.4,67.6,111.9,115.6,216,252,3,3,2,0,2.7,5.89,2.18,D,1,1
1498,2022-23,2023-04-16,12,20:00,Tottenham Hotspur Stadium,51579,Simon Hooper,Overcast,18.4,44,Relegation 6-pointer,Tottenham,West Ham,Ange Postecoglou,David Moyes,3-5-2,4-3-2-1,attack,defense,average,average,3,0,3,0,29;49;86,none,17,15,5,2,29.4,13.3,3.51,0.45,-0.51,-0.45,61.6,38.4,405,344,90.4,81.1,59,63,6,7,0,0,8,-18,,0,1,0,0,N/A,18,15,4,2,0,0,3,0,2,2,0,3,30,27,15,16,11,,11,,16,15,8,17,31.9,27.7,11,15,58.6,50.4,103.5,115.6,264,279,4,5,0,0,2.42,3.73,3.14,H,3,0
1408,2022-23,2023-02-08,29,12:30,St. James' Park,46646,Paul Tierney,Light Rain,11.1,46,League,Newcastle,Nottm Forest,Eddie Howe,Nuno Espirito Santo,4-3-3,4-3-2-1,defense,defense,bad,good,1,2,3,2,12;60;74,17;59,12,10,5,5,41.7,50.0,3.51,1.83,-,0.17,59.9,40.1,481.0,401,87.3,79.4,53,71,2,7,2,1,17,16,0,0,0,0,0,0,20,20,4,1,0,0,6,5,3,2,2,3,13,25,7,8,24,29,3,8,?,15,24,16,37.3,28.4,16,5,44.1,63.9,101.6,100.8,199,224,2,4,0,0,2.61,4.07,2.7,H,3,0
167,2019-20,2019-12-06,32,17:30,London Stadium,49683,Paul Tierney,Light Rain,,83,League,West Ham,Brighton,David Moyes,Roberto De Zerbi,4-2-3-1,4-2-3-1,defense,balanced,good,poor,1,0,2,2,6;51,29;56,17,12,9,2,52.9,16.7,2.08,1.32,-0.08,0.68,51.7,48.3%,337,422,82.6,79.7,65,22,11,4,?,1,14,11,0,1,1,0,1,0,13,9,1,4,0,0,0,5,0,7,2.0,2,29,11,,6,,30,4,2,22,16,19,10,28.7,41.1,8,17,53.2,41.6,102.8,97.4,201,148,4,3,1,0,2.29,5.53,2.62,D,,1
399,2020-21,2020-09-23,7,17:30,Etihad Stadium,41206,Chris Kavanagh,Cloudy,-0.3,73,Top 4 battle,Manchester City,Chelsea,Pep Guardiola,Mauricio Pochettino,4-2-3-1,3-5-2,BALANCED,balanced,good,bad,0,1,2,,70;86,37;82,17,17,2,2,11.8,11.8,1.68,N/A,0.32,0.22,56.0,44.0,324,492,92.0,84.3,48,33,4,3,,2,20,11,0,1,1,0,1,,16,17,1,2,0,0,0,4,0,0,2,2,25,16,7,5,15,31,2,6,22,17,11,20,31.2,23.8,5,7,52.8,71.7,118.2,103.9,173,242,3,4,0,0,2.66,3.3,,D,1,1
435,2020-21,2020-10-17,11,15:00,Amex Stadium,28335,Simon Hooper,Clear,10.3,51,Cup,Brighton,Tottenham,,Ange Postecoglou,5-4-1,4-2-3-1,balanced,attack,bad,good,1,1,1,2,15,31;57,18,7,5,7,27.8,100.0,0.82,2.93,0.18,-0.93,,45.5,375,318,,81.2,,49,2,5,1,0,21,7,0,0,0,1,0,1,15,8,2,2,0,0,5,1,5,4,2,1,29,17,15,11,21,13,3,,21,6,22,N/A,42.9,38.0,13,10,46.5,66.4,112.9,110.0,218,244,2,0,,0,2.95,4.18,2.37,A,0,3
775,2021-22,2021-08-19,11,12:30,Selhurst Park,24231,Chris Kavanagh,Overcast,8.3,87,Title race,Crystal Palace,Tottenham,,Ange Postecoglou,3-5-2,4-3-2-1,defense,attack,average,BAD,1,2,1,2,62,47;68,16,17,4,7,25.0,41.2,0.63,2.23,0.37,-0.23,44.2,55.8,317,533,76.9,null,75,65,2,7,1,2,18,12,0,0,1,0,0,0,11,20,2,1,0,,0,2,5,3,2,nan,,13,17,6,33,26,,6,12,12,11,17,42.8,23.3,9,17,70.2,69.3,112.7,115.2,208,240,2,0,1,1,2.59,3.58,2.98,A,0,3
2006,2022-23,29/09/2022,4,17:30,Craven Cottage,19403,Simon Hooper,Windy,25.7,63,Derby,Fulham,West Ham,Marco Silva,David Moyes,3-5-2,3-4-3,balanced,defense,bad,average,0,2,0,3,none,6;31+2;66,9,14,6,5,66.7,35.7,0.19,3.5,-0.19,-0.5,42.6,57.4,500,298,83.1,83.9,51,44,4,3,0,0,21,N/A,0,1,0,1,0,1,9,9,2,1,0,0,3,3,2,6,3,0,11,14,17,8,10,27,6,10,17,18,17,20,39.6,N/A,16,6,41.6,48.0,110.2,-,185,269,2,?,0,0,2.24,4.94,2.84,A,0,3
1416,2022-23,2023-02-17,24,17:30,Etihad Stadium,49693,Chris Kavanagh,Rainy,19.1,,Derby,Manchester City,Burnley,Pep Guardiola,,3-5-2,5-4-1,balanced,defense,bad,good,,,3,2,1+3;39;44+3,7;39,12,16,9,2,75.0,12.5,2.58,2.32,0.42,-0.32,72.6,27.4,397,463,90.1,71.4,42,69,3,8,1,0,7,8,1,0,0,0,0,0,10,17,2,2,0,0,1,3,0,6,2,3,16,18,9,13,31,27,3,3,7,6,8,16,20.0,27.4,14,4,60.6,62.7,107.7,106.0,255,182,1,2,0,0,1.76,4.69,4.59,H,3,0
1540,2023-24,2023-08-21,36,20:00,Amex Stadium,24253,Michael Oliver,Sunny,11.6,47,League,Brighton,Fulham,Roberto De Zerbi,Marco Silva,4-4-2,4-3-3,balanced,balanced,good,average,2,1,3,1,12;43;61,5,12,6,6,3,50.0,,2.75,1.16,0.25,-0.16,51.2,48.8,341,407,86.7,84.9,57,30,2,9,-2,0,17,15,0,0,0,0,0,0,14,20,3,2,0,0,2,4,2,3,1,3,20,15,10,6,27,22,9,9,23,22,22,8,20.6,26.8,15,16,53.3,66.4,106.6,-,266,275,2,7,2,2,2.11,3.97,3.66,H,3,0
37,2019-20,2019-09-05,30,19:45,Vitality Stadium,10674,Simon Hooper,Light Rain,3.2,49,Top 4 battle,Bournemouth,Newcastle,Andoni Iraola,Eddie Howe,5-4-1,5-4-1,attack,DEFENSE,bad,average,2,?,2,3,43;53+1,13;34;54,17,14,4,3,23.5,N/A,2.56,2.66,-0.56,0.34,38.5,61.5,563,513,78.0,85.0,,66,8,8,0,0,,7,0,0,0,0,0,0,18,8,1,1,0,0,,4,0,2,3,,19,20,10,7,24,20,4,4,19,10,14,16,19.1,24.7,12,10,52.9,65.2,102.6,106.0,266,164,1,4,1,0,2.74,4.5,2.42,A,0,3
131,2019-20,2019-11-12,35,16:30,Kenilworth Road,8410,Anthony Taylor,Windy,11.9,71,Relegation 6-pointer,Luton Town,Manchester United,Rob Edwards,Erik ten Hag,4-1-4-1,4-4-2,defense,balanced,good,average,0,1,1,1,9,46,19,14,4,-3,21.1,21.4,1.45,1.41,-0.45,-0.41,33.7,66.3,N/A,253,75.7,82.1,70,45,4,1,0,1,nan,12,0,0,,0,1,0,15,17,3,2,0,0,0,2,2,3,1,1,18,26,17,16,22,15,8,4,10,13,16,12,41.1,20.9,10,16,63.2,65.8,103.9,105.8,203,266,3,3,2,0,3.66,3.63,2.22,D,1,1
1794,2023-24,2024-02-23,8,19:45,Etihad Stadium,,Robert Jones,Windy,16.6,76,League,Manchester City,Arsenal,Pep Guardiola,Mikel Arteta,5-4-1,4-4-2,balanced,attack,bad,good,0,?,0,0,none,none,,9,nan,8,33.3,88.9,0.1,0.24,-0.1,-0.24,47.1,52.9,302,580,94.7,89.9,55,48,?,8,0,0,21,5,0,0,0,0,0,0,12,17,nan,2,0,1,0,5,8,6,0,0,21,24,11,,13,23,5,4,7,8,9,15,43.0,24.2,11,8,67.2,44.9,111.6,105.7,161,281,4,2,3,1,2.69,4.36,2.51,D,1,1
1101,2021-22,2022-04-12,8,12:30,Tottenham Hotspur Stadium,59240,Thomas Bramall,Cloudy,-0.1,50,Cup,Tottenham,Wolves,Ange Postecoglou,Gary O'Neil,4-1-4-1,5-4-1,attack,defense,good,bad,0,0,0,0,none,none,9,15,9,5,100.0,33.3,0.2,0.1,-0.2,-0.1,56.4,43.6,539,252,88.5,78.6,72,24,2,7,0,0,12,11,0,0,0,0,0,0,6,16,2,4,0,0,3,0,5,9,0,0,22,11,5,17,23,27,12,2,20,21,10,10,34.3,22.4,10,10,43.4,58.4,107.9,102.2,222,209,0,4,0,0,2.4,3.7,3.19,D,1,1
44,2019-20,2019-09-11,13,19:45,Craven Cottage,22648,Simon Hooper,Windy,9.4,68,Title race,Fulham,Crystal Palace,Marco Silva,Oliver Glasner,4-1-4-1,4-3-2-1,balanced,defense,average,good,0,0,1,2,81,48+1;70,10,17,9,2,90.0,11.8,1.4,2.45,-0.4,,54.2,45.8,594,401,80.7,75.7,49,29,7,9,N/A,2,13,13,0,0,0,0,0,0,14,19,0,2,0,0,nan,2,0,8,2,1,11,10,12,12,26,34,4,3,24,8,6,22,21.8,19.0,18,16,60.9,57.7,110.4,,288,246,2,4,1,1,2.82,3.77,2.63,A,0,3
1128,2021-22,2022-04-29,35,20:00,Kenilworth Road,8262x,Anthony Taylor,Sunny,-10.5,78,League,Luton Town,West Ham,Rob Edwards,David Moyes,4-3-3,3-4-3,defense,defense,average,average,0,0,0,0,none,none,13,15,9,1,69.2,6.7,0.27,,-0.27,-0.1,39.5,60.5,653,324,79.4,81.2,79,25,,4,0,0,7,18,0,0,0,0,0,0,9,13,2,3,1,0,3,2,1,9,0,0,23,17,12,18,18,36,nan,2,5,17,20,4,41.2,22.8,10,8,62.0,68.3,102.3,112.1,158,283,1,4,0,0,3.79,3.43,2.25,D,1,1
707,2020-21,2021-05-03,22,17:30,Turf Moor,18158,Simon Hooper,Sunny,20.2,,Derby,Burnley,Brentford,Vincent Kompany,Thomas Frank,4-2-3-1,4-4-2,defense,attack,average,good,0,0,0,1,none,65,12,10,3,4,25.0,40.0,0.39,0.67,-0.39,0.33,45.4,54.6,508,603,79.3,84.3,35,67,10,9,0,1,22,7,0,0,0,0,0,0,7,?,1,1,0,0,4,1,3,3,1,0,13,11,11,11,40,,7,10,19,9,,19,N/A,37.5,15,13,74.2,52.2,111.5,103.9,226,,0,6,3,1,3.23,3.44,2.5,A,0,3
752,2020-21,2021-06-03,5,12:30,London Stadium,49283,Michael Oliver,Clear,16.2,58,Top 4 battle,West Ham,Tottenham,David Moyes,Ange Postecoglou,4-3-2-1,4-1-4-1,defense,attack,good,average,1,0,2,1,61;90,67,14,7,2,2,14.3,28.6,2.26,0.79,-0.26,0.21,41.6,58.4,332,497,85.7,89.6,33,33,3,,1,1,18,10,0,0,0,0,,0,19,6,1,4,0,0,0,3,1,,1,2,11,22,14,?,16,36,6,4,24,15,13,22,35.5,34.8,12,16,66.8,59.9,108.2,112.8,180,246,3,7,1,0,2.44,4.0,2.94,H,3,0
960,2021-22,2022-01-01,6,20:00,Anfield,51067,Simon Hooper,Light Rain,2.1,58,Cup,Liverpool,Sheffield United,Jurgen Klopp,Chris Wilder,3-4-3,4-3-2-1,attack,defense,average,average,1,1,2,2,22;65,9;86,12,16,2,4,16.7,25.0,2.44,1.9,-0.44,0.1,68.8,31.2,303,528,85.2,77.2,74,68,4,3,2,0,9,19,0,0,0,0,0,0,18,7,1,2,0,0,4,4,2,0,2,2,15,12,12,5,37,19,11,6,10,15,19,15,22.0,44.3,16,5,61.8,60.3,100.8,107.1,261,279,4,4,0,0,1.85,5.97,3.43,D,1,1
1661,2023-24,2023-11-15,9,12:30,Etihad Stadium,47530,Thomas Bramall,Foggy,31.4,69,League,Manchester City,Everton,Pep Guardiola,Sean Dyche,3-4-3,4-2-3-1,balanced,DEFENSE,poor,average,0,0,0,1,none,33,,13,5,8,62.5,61.5,0.1,1.25,-0.1,-0.25,58.6,41.4,387,259,93.0,83.3,58,31,6,8,0,1,11,5,0,0,0,0,0,0,10,8,3,3,0,0,,4,7,5,1,0,24,20,6,18,25,13,9,8,6,18,16,-19,31.5,43.3,6,9,43.0,66.4,103.8,103.5,225,148,1,4,0,0,2.15,3.38,4.19,A,,3
137,2019-20,2019-11-12,29,16:30,Anfield,53417,Anthony Taylor,Rainy,25.7,42,Top 4 battle,Liverpool,Tottenham,Jurgen Klopp,Ange Postecoglou,4-3-2-1,4-3-2-1,attack,attack,good,average,0,1,2,1,63;79,23,10,13,3,4,,30.8,2.96,##,-0.96,0.19,45.3,54.7,414,377,87.1,82.3,26,75,11,6,1,,8,6,0,0,1,1,1,N/A,6,,2,-1,0,0,3,0,3,1,1,2,30,27,7,18,32,21,10,4,19,7,17,7,36.4,22.0,8,13,60.5,48.0,108.2,104.7,270,229,2,4,3,1,2.72,2.83,3.59,H,3,0
212,2019-20,2020-01-02,34,14:05,Villa Park,33479,Michael Oliver,Cloudy,8.6,?,League,Aston Villa,Bournemouth,Unai Emery,Andoni Iraola,,4-3-2-1,attack,attack,good,bad,0,0,3,1,28;46;63,64,9,6,5,3,55.6,50.0,2.45,1.07,0.55,-0.07,54.8,45.2,,477,87.9,78.7,34,25,10,8,1,1,7,19,0,0,0,0,0,0,13,10,3,2,0,0,2,3,2,2,1,3,26,19,13,14,21,22,2,9,6,20,11,20,22.8,34.7,13,9,69.0,44.5,104.8,102.9,221,218,3,1,2,1,2.44,4.73x,2.65,H,3,0
698,2020-21,2021-04-27,9,12:30,City Ground,30096,Andy Madley,Cloudy,24.7,75,League,Nottm Forest,Chelsea,Nuno Espirito Santo,Mauricio Pochettino,4-3-2-1,4-3-3,defense,balanced,average,average,0,2,1,3,60,9;67;76,15,10,5,3,33.3x,30.0,1.47,2.9,-0.47,0.1,,57.3,539,643,78.6,82.0,50,18,9,3,1,2,14,11,0,0,0,0,0,0,17,17,2,3,,1,4,4,0,4,3,1,18,13,14,6,10,31,3,8,13,14,7,13,31.2,32.5,12,6,47.1,62.5,110.8,105.3,287,173,1,2,0,0,3.13,3.54,2.51,A,0,3
432,2020-21,2020-10-16,23,19:45,Goodison Park,31469,John Brooks,Rainy,0.2,84,Cup,Everton,Manchester City,Sean Dyche,Pep Guardiola,5-4-1,4-1-4-1,defense,balanced,average,average,2,2,2,3,15;84,29;37;41,11,17,7,5,63.6,29.4,1.94,3.34,0.06,-0.34,34.7,65.3,683,613,-,94.3,50,64,9,6,0,2,20,16,1,0,0,1,0,1,13,15,3,3,0,0,2,0,2,5,3,2,19,20,14,10,?,9,5,2,16,11,7,18,36.6,43.8,7,11,61.1,64.5,105.4,103.7,178,278,3,5,nan,1,3.38,4.06,2.18,A,0,3
294,2019-20,2020-03-07,27,14:05,Bramall Lane,31983,John Brooks,Windy,14.1,69,Top 4 battle,Sheffield United,Luton Town,Chris Wilder,Rob Edwards,4-2-3-1,4-2-3-1,defense,defense,bad,bad,,1,1,2,56,76;77,10,8,5,,50.0,62.5,0.96,2.43,0.04,-0.43,40.0,60.0,645,626,71.0,78.9,80,33,7,8,0,1,12,10,0,0,0,1,0,1,,11,1,2,0,0,5,1,3,4,2,,10,19,18,15,31,36,11,8,21,14,9,16,22.4,16.6,6,14,73.6,44.2,111.0,104.2,175,210,1,2,2,0,2.55,5.54,2.34,A,0,3
939,2021-22,2021-12-19,4,15:00,Amex Stadium,26210,Robert Jones,Clear,20.7,72,Top 4 battle,Brighton,Nottm Forest,Roberto De Zerbi,Nuno Espirito Santo,4-3-3,3-4-3,balanced,defense,average,good,0,0,2,1,N/A,13,9,15,3,4,33.3,26.7,2.25,1.09,-0.25,-0.09,-,51.0,650,499,79.6,##,74,58,3,6,1,0,17,15,0,0,0,1,0,1,6,14,,2,0,0,5,5,3,1,1,2,20,17,5,8,28,24,11,2,21,14,21,12,31.1,42.7,13,14,69.8,49.4,111.8,109.6,167,172.0,4,6,0,0,?,5.73,3.01,H,3,0
778,2021-22,2021-08-24,7,15:00,Bramall Lane,29643,Chris Kavanagh,Sunny,10.4,77,League,Sheffield United,Nottm Forest,Chris Wilder,Nuno Espirito Santo,4-3-3,4-1-4-1,DEFENSE,defense,bad,average,2,1,3,3,23;44;64,33+4;52+2;71,10,7,2,7,20.0,100.0,3.78,3.43,-0.78,-0.43,34.1,,357,302,76.9,76.4,63,25,2,5,2,0,21,17,0,0,1,0,1,0,13,6,1,2,0,1,nan,4,,0,3,3,16,16,,7,17,10,9,8,11,18,-13,11,34.0,39.6,12,12,,48.2,101.2,110.6,285,168,2,2,1,0,3.12,3.2,2.73,D,1,1
293,2019-20,2020-03-02,25,16:30,Molineux Stadium,29557,Thomas Bramall,Sunny,2.8,88,Cup,Wolves,Manchester United,Gary O'Neil,Erik ten Hag,4-4-2,4-3-3,defense,bal,bad,average,0,0,3,2,36;44;87,35;46x,,6,4,5,,83.3,2.46,2.55,0.54,-0.55,43.6,56.4,324,288,80.9,80.3,63,65,4,5,0,0,,14,0,0,0,0,0,0,16,17,2,3,0,0,2,3,3,1,2,3,21,27,7,,,18,4,4,7,22,16,21,37.7,16.7,16,5,,59.7,101.8,102.1,250,145,1,1,,0,2.42,4.06,2.93,H,3,0
1664,2023-24,2023-11-22,8,12:30,Old Trafford,74138,Paul Tierney,Windy,13.8,52,League,Manchester United,Nottm Forest,Erik ten Hag,Nuno Espirito Santo,3-4-3,4-2-3-1,balanced,defense,bad,good,1,0,2,1,40;74,43,12,15,3,6,,?,2.73,1.04,-0.73,-0.04,58.3,41.7,414,448,86.3,74.2,64,38,8,5,1,1,17,17,0,0,1,0,1,0,17,6,2,4,1,0,0,2,5,1,1,2,26,18,20,9,18,8,11,6,22,11,8,15,29.3,36.0,9,16,64.9,56.7,null,113.7,238,271,0,1,3.0,0,2.21,3.38,3.97,H,3,0
1626,2023-24,2023-10-26,16,20:00,St. James' Park,50927,John Brooks,Overcast,7.3,70,League,Newcastle,Luton Town,Eddie Howe,Rob Edwards,5-4-1,4-3-2-1,defense,defense,average,AVERAGE,1,1,3,2,,28;60,8,13,7,2,?,15.4,3.3,1.48,-0.3,0.52,?,36.6,?,607,81.4,75.0,48,72,9,4,1,1,14,,,0,0,0,0,0,20,7,,0,0,?,6,5,0,4,2,3,28,,13,7,18,19,10,8,9,12,5,17,35.4x,44.8,19,18,46.4,,111.9,105.1,192,235,1,2,1,1,2.41,3.01,3.96,H,3,0
1694,2023-24,2023-12-13,24,15:00,Gtech Community Stadium,15016,Michael Oliver,Overcast,,81,League,Brentford,Burnley,Thomas Frank,Vincent Kompany,3-5-2,3-4-3,attack,defense,,avg,3,0,3,1,62+5;74;81,31,16,,3,3,18.8,27.3,4.21,1.19,-1.21,-0.19,55.6,44.4,526,537,85.1,73.8,39,67,10,1,2,0,12,8,0,,0,1,0,1,17,16,N/A,4,0,0,4,,2,0,1,3,20,22,20,5,20,29,5,4,23,12,15,6,17.3,23.5,11,15,68.8,,104.7,112.7,184,-237,2,3,1,0,2.26,3.46,3.74,H,3,0
1897,2023-24,2024-05-05,33,15:00,Selhurst Park,24906,Anthony Taylor,Cloudy,4.0,-,Relegation 6-pointer,Crystal Palace,Nottm Forest,Oliver Glasner,Nuno Espirito Santo,3-5-2,3-5-2,,defense,good,good,2,1,3,3,3;29;71,10;26;64,17,12,5,3,29.4,25.0,3.49,3.85,-0.49,-0.85,59.3,40.7,551,444,82.9,77.4,33,43,2,4,2,1,21,13,0,0,1,0,,0,11,11,3,1,0,0,2,3,0,2,3,?,11,15,12,17,28,31,10,3,11,6,5,19,33.8,35.1,10,13,74.1,70.5,104.7,109.4,298,213,0,5,3,1,2.08,6.11,2.82,D,1,1
1864,2023-24,2024-04-12,2,20:00,Villa Park,40218,Michael Oliver,Foggy,17.5,81,League,Aston Villa,Newcastle,,Eddie Howe,,3-4-3,attack,def,avg,bad,1,0,3,0,5;49;56,none,12,9,6,3,50.0,33.3,,,0.53,-0.12,48.8,51.2,690,272,81.3,85.0,31,28,3,4,0,0,10,20,1,0,2,0,1,0,14,8,1,2,0,1,3,4,N/A,3,0,3,23,16,19,15,25,15,7,4,23,17,18,5,23.9,31.9,19,18,61.5,44.1,103.7,,155,188,5,,0,0,,4.26,,H,3,0
24,2019-20,2019-08-22,6,17:30,Etihad Stadium,51032,Andy Madley,Overcast,1.5,50,League,Manchester City,Tottenham,Pep Guardiola,Ange Postecoglou,3-5-2,4-3-2-1,balanced,attack,good,average,0,0,2,1,53;69,23,18,13,,4,11.1,30.8,2.62,0.63,-0.62,0.37,52.0,48.0,559,617,91.7,84.5,38,67,9,9,1,0,9,7,0,0,0,1,0,1,13,11,3,4,0,0,4,3,3,0,1,2,-24,12,13,7,14,10,9,2,6,22,14,6,,34.8,15,10,58.2x,44.6,111.4,104.9,163,148,3,4,1,1,2.7,2.81,3.66,H,3,0
1959,2021-22,2022-02-10,20,16:30,Selhurst Park,21830,Andy Madley,Clear,9.2,78,Derby,Crystal Palace,Fulham,Oliver Glasner,Marco Silva,4-1-4-1,4-2-3-1,defense,balanced,bad,avg,0,nan,2,3,31;42,45;58;87,10,7,6,4,60.0,57.1,2.71,,-0.71,,55.1,,542,551,81.7,85.9,42,43,2,8,1,,10,9,0,0,0,0,0,0,18,17,1,1,0,0,0,1,1,4,3,2,29,13,17,18,36,30,5,2,16,12,12,16,38.7,16.0,17,13,45.8,58.1,109.6,105.3,294,142,2,2,0,0,-,3.45,3.19,A,0,3
1286,2022-23,2022-11-17,18,14:05,Etihad Stadium,42257,Michael Oliver,Clear,10.2,65,Relegation 6-pointer,Manchester City,Brentford,Pep Guardiola,Thomas Frank,4-1-4-1,4-3-2-1,balanced,attack,bad,good,1,2,3,2,10;28;58,12;73,8,7,4,3,50.0,42.9,2.27,1.85,0.73,0.15,54.2,45.8,518,407,95.5,77.4,38,32,7,6,0,2,21,13,1,0,0,0,0,0,6,9,1,2,0,0,6,4,1,1,2,3,,15,14,9,30,12,5,6,17,20,13.0,5,33.3,16.7,6,18,56.0,42.4,112.5,109.3,173,175,nan,7,0,0,2.15,3.43,4.11,H,3,0
1316,2022-23,2022-12-08,11,14:05,Selhurst Park,19234,Paul Tierney,Cloudy,17.5,54,Relegation 6-pointer,Crystal Palace,Manchester City,Oliver Glasner,Pep Guardiola,3-5-2,,defense,balanced,good,average,0,1,1.0,2,33,67;89+4,12,11,3,3,25.0,27.3,1.46,2.02,-0.46,-0.02,42.1,57.9,,643,79.3,91.0,73,31,4,1,N/A,1,16,17,0,0,0,0,0,0,12,,4,4,0,0,1,2,1,2,2,1,11,,8,,35,37,10,8,10,15,16,14,-,44.6,10,6,73.4,59.3,108.1,107.2,190,279,5,2,,0,3.18,3.53,2.49,A,0,3
497,2020-21,2020-12-01,28,14:05,Selhurst Park,21645,Jarred Gillett,,1.1,56,League,Crystal Palace,Luton Town,Oliver Glasner,Rob Edwards,4-3-3,4-1-4-1,def,defense,,good,1,,3,1,-,81,9,10,4,6,44.4,60.0,3.37,1.2,-0.37,-0.2,61.8,38.2,414,537,78.6,?,59,22,4,1,1.0,1,,7,1,0,1,0,1,0,17,20,3,1,0,0,3,5,5,1,1,3,19,22,10,17,10,11,5,6,11,18,21,10,20.8,33.7,5,12,41.2,57.7,111.2,111.4,256,,3,1,1,0,2.26,3.46,,H,3,0
1572,2023-24,2023-09-19,12,17:30,Vitality Stadium,8498,Paul Tierney,Cloudy,-1.1,76,Cup,Bournemouth,Manchester United,Andoni Iraola,Erik ten Hag,4-1-4-1,3-4-3,attack,balanced,average,average,0,2,1,2,50,46;76,20,6,3,4,15.0,66.7,1.24,1.34,-0.24,0.66,47.5,52.5,475,511,73.6,86.9,35,72,8,5,0,1,11,8,0,0,nan,0,0,0,6,8,3,2,0,0,5,2,2,2,2,1,28,13,7,?,29,16,10,7,14,12,16,20,21.8,21.1,6,13,64.3,55.7,107.7,106.6,258,155,4,6,0,0,2.43,4.96,2.58,A,0,3
1953,2022-23,2022-10-02,37,20:00,Amex Stadium,24930,Thomas Bramall,Sunny,7.3,null,Relegation 6-pointer,Brighton,Manchester United,Roberto De Zerbi,Erik ten Hag,4-1-4-1,4-2-3-1,balanced,balanced,AVERAGE,good,2,0,2,0,20;49+3,none,10,14,9,3,90.0,21.4,1.63,0.25,0.37,-0.25,45.7,54.3,603,351,,85.5,40,20,11,7,0,0,6,8,1,0,0,0,0,0,20,16,2,2,1,0,6,5,,7,0,2,18,16,7,18,40,21,6,5,11,22,13,13,24.4,22.6,12,14,66.9,68.5,111.2,105.6,284,141,0,3,0,nan,3.02,2.92,3.06,H,3,0
666,2020-21,2021-03-31,34,16:30,Molineux Stadium,,David Coote,Overcast,16.8,84,League,Wolves,Tottenham,Gary O'Neil,Ange Postecoglou,5-4-1,4-4-2,defense,attack,good,bad,2,0,3,0,23+4;62;90,none,13,9,6,3,46.2,33.3,3.53,0.27,-0.53,-0.27,-,56.0,479,514,79.0,84.9,24,,8,3,2,0,14,8,2,0,1,0,1,0,15,N/A,2,2,1,0,3,0,3,3,0,3,16,10,14,13,38,13,2,10,24,9,22,,33.5,42.0,8,5,74.0,51.9,106.0,105.3,164,164,0,6,2,0,3.52,2.75,2.85,H,3,0
1971,2021-22,2022-02-13,14,19:45,Turf Moor,21874x,Stuart Attwell,Foggy,27.7,84,Cup,Burnley,Manchester City,Vincent Kompany,Pep Guardiola,4-3-3,4-3-2-1,def,balanced,good,bad,0,2,1,3,12,9;31+2;64,16,6,nan,3,18.8,50.0,0.91,3.82,0.09,-0.82,24.4,75.6,638,456,77.5,88.5,40,56,7,2,0,2,9,14,0,1,1,0,1,0,13,8,3,,0,,4,0,,2,3,1,,18,20,12,19,27,10,10,12,22,15,12,20.7,39.4,18,9,71.8,55.8,112.5,107.1,240,140,3,3,2,0,2.82,4.41,2.39,A,0,3
1986,2023-24,2024-01-29,20,19:45,St. James' Park,43106,Michael Oliver,Sunny,1.7,60,Cup,Newcastle,Aston Villa,Eddie Howe,Unai Emery,4-3-2-1,4-1-4-1,defense,attack,bad,average,0,1,2,1,3;10,24,8,9,4,7,50.0,77.8,2.19,1.1,-0.19,-0.1,,55.0,412,530,84.9,86.3,80,56,,7,0,0,10,8,0,0,1,0,1,0,18,14,2,0,0,0,1,1,6,2,1,2,13,28,11,,24,24,7,9,13,18,22.0,11,41.4,44.7,10,4,68.7,47.0,106.4,98.4,280,269,1,2,2,1,,7.81,2.5,H,3,0
1929,2022-23,2023-01-03,18,12:30,Selhurst Park,,Chris Kavanagh,Windy,13.4,65,Relegation 6-pointer,Crystal Palace,Aston Villa,Oliver Glasner,Unai Emery,,4-3-3,,attack,bad,average,0,2,2,3,14;77,19;74;88,10,9,5,3,50.0,33.3,2.14,2.58,-0.14,0.42,49.2,50.8,408,537,82.1,82.4,51,41,4,2,0,1,17,15,0,0,0,1,0,1,7,15,2,1,0,0,6,1,0,3,3,2,19,25,6,8,21,11,6,3,5,19,19,13,21.5,30.2,18,8,63.3,46.9,103.2,103.6,210,173,0,2,1,1,3.24,2.97,2.83,A,,3
1505,2022-23,2023-04-19,14,16:30,Vitality Stadium,9074,Robert Jones,Sunny,22.4,83,Title race,Bournemouth,Crystal Palace,Andoni Iraola,Oliver Glasner,4-3-3,4-3-3,attack,defense,good,average,0,0,1,0,37+3,none,13,14,4,2,30.8,14.3,1.45,0.1,-0.45,-0.1,39.9,60.1,660,441,79.4,82.6,57,,10,6,,0,,6,0,0,0,0,0,0,6,15,1,3,0,0,1,3,2,3,0,1,18,28,7,5,31,10,5,N/A,8,21,5,6,32.6,32.3,7,14,46.4,51.0,104.0,112.2,199,187,5,2,2,0,2.81,4.31,2.43,H,3,
2089,2023-24,2023-09-17,13,14:05,Etihad Stadium,49114,David Coote,Clear,13.0,58,Relegation 6-pointer,Manchester City,Bournemouth,Pep Guardiola,Andoni Iraola,,5-4-1,,attk,average,AVERAGE,1,2,4,2,21+2;35;59+3;83,29+5;74,18,10,7,8,38.9,?,null,2.66,0.54,-0.66,60.7,39.3,572,403,93.9,75.5,71,65,2,4,1,0,15,15,0,0,1,0,1,0,19,8,2,1,0,0,4,3,6,3,2,4,19,26,12,7,27,10,2,10,7,11,12,9,42.9,15.3,8,4,55.2,69.2,111.4,103.5,291,145,2,0,0,0,2.02,4.17,3.76,H,3,0
1444,2022-23,2023-03-11,3,15:00,Old Trafford,60229,John Brooks,Rainy,19.0,67,League,Manchester United,Bournemouth,Erik ten Hag,Andoni Iraola,4-1-4-1,4-1-4-1,balanced,attack,average,bad,0,0,2,2,27;53,15;46,15,7,8,1,53.3,14.3,2.6,1.64,-0.6,0.36,58.0,42.0,483,314,88.8,82.7,49,36,10,7,2,1,8,11,0,0,0,1,0,1,13,6,3,2,0,1,1,N/A,0,,2,2,20,25,7,7,15,38,12,8,22,19,6,18,31.6,21.6,14,4,,67.7,100.8,111.2,209,207,2,7,?,0,1.93,,4.01,D,,1
1883,2023-24,2024-04-21,2,16:30,Bramall Lane,24664,Simon Hooper,Foggy,12.7,78,League,Sheffield United,Liverpool,Chris Wilder,Jurgen Klopp,4-3-3,3-4-3,defense,attack,average,average,1,1,1,2,48,1;69,8,10,5,5,62.5,50.0,0.69,2.14,0.31,-0.14,25.1,74.9,586,580,,85.5,31,31,9,5,1,2,19.0,15,0,1,0,0,0,0,8,11,1,1,0,0,4,5,3,4,2,1,16,11,9,12,33,12,11,8,18,16,17,19,43.1,25.6,8,16,64.1,40.9,107.6,107.4,189,258,2,6,1,0,4.33,3.87,1.96,A,0,
942,2021-22,2021-12-22,8,14:05,Emirates Stadium,50230,David Coote,Clear,8.9,89,Cup,Arsenal,West Ham,,David Moyes,4-2-3-1,4-3-2-1,attack,defense,poor,good,1,1,3,1,19;36;89,75,11,13,9,6,81.8,46.2,3.73,1.22,-0.73,-0.22,53.6,46.4,572,319,86.1,85.1,38,69,4,7,0,1,18,12,1,1,1,0,1,0,6,11,?,1,0,0,3,3,5,6,1,3,14,19,16,13,11,11,10,9,20,22,6,5,31.9,20.2,5,4,74.9,47.2,112.3,110.3,216,161,3,2,1,,1.98,7.11,2.81,H,3,0
2084,2021-22,2022-01-23,24,16:30,Etihad Stadium,53051,John Brooks,Windy,-1.6,?,Relegation 6-pointer,Manchester City,Fulham,Pep Guardiola,Marco Silva,5-4-1,4-4-2,balanced,balanced,good,good,0,0,3,1,1;21;50+3,35,19,16,8,5,42.1,31.2,2.5,1.33,0.5,-0.33,54.4,45.6,383,310,89.3,84.7,58,,999,4,2,0,11,10,0,0,1,0,1,0,20,7,2,0,0,0,4,1,4,5,1,3,23,14,7,15,26,20,10,4,12,9,10,5,42.0,25.4,10,17,47.4,47.7,102.4,108.5,272,235,-1,4,0,0,2.26,3.26,3.99,H,3,0
1497,2022-23,2023-04-14,28,14:05,Craven Cottage,22340,Paul Tierney,Overcast,14.8,48,Top 4 battle,Fulham,Manchester City,Marco Silva,Pep Guardiola,4-4-2,,BALANCED,balanced,good,average,0,0,0,2,none,36;62,13,7,2,3,15.4,42.9,0.43,1.91,-0.43,0.09,41.8,58.2,,409,80.2,87.4,78,44,3,5,0,1,19,12,0,0,0,1,,0,20,16,1,1,0,0,3,0,1,2,2,0,21,?,?,18,31,14,10,9,23,12,7,,,34.6,6,4,68.6,52.8,108.3,102.8,,283,3,4,0,0,2.59,4.81,2.47,A,,3
2087,2020-21,2020-10-11,17,14:05,Molineux Stadium,29396,Chris Kavanagh,Foggy,6.3,52,Cup,Wolves,Fulham,Gary O'Neil,Marco Silva,4-3-3,,defense,balanced,good,average,0,1,1,1,76,32,20,12,4,5,20.0,41.7,##,0.89,-0.18,0.11,45.8,54.2,635,359,81.5,84.8,27,60,2,8,0,1,13,19,0,0,2,0,1,0,18,9,1,,1,0,1,2,4,3,1,1,14,22,16,17,17,,7,10,13,8,5,19,37.1,31.4,18,15,66.7,57.9,105.2,,206,176,2,4,0,0,2.85,3.66,2.66,D,1,1
400,2020-21,2020-09-28,14,14:05,Old Trafford,72239,David Coote,Windy,2.8,52,Relegation 6-pointer,Manchester United,Tottenham,Erik ten Hag,Ange Postecoglou,4-4-2,3-5-2,,attack,average,average,2,1,3,2,44;56;69,47+5;86,19,6,2,2,10.5,33.3,2.94,2.25,0.06,,46.0,54.0,531,618,84.4,81.9,58,43,2,8,1,0,21,6,0,0,1,0,1,0,8,14,3,3,0,0,5,3,0,0,2,3,18,11,17,5,40,32,N/A,9,22,,6,21,-,27.3,15,13,,56.1,110.6,111.8,173,180,1,4,0,0,2.75,3.06,3.23,H,3,0
423,2020-21,2020-10-10,17,12:30,Old Trafford,68813,Robert Jones,Cloudy,0.0,78,League,Manchester United,Newcastle,Erik ten Hag,Eddie Howe,4-2-3-1,3-4-3,balanced,defense,good,bad,0,0,0,1,none,70,19,16,6,7,31.6,43.8,0.1,0.65,-0.1,0.35,50.8,49.2,312,589,86.7,83.9,78,37,6,7,0,0,22,,0,0,0,1,0,1,11,19,1,2,0,0,2,5,6,6,1,0,29,18,6,16,30,8,10,5,15,19,25,17,37.1,29.1,9,4,54.6,46.2,110.1,97.3,269,221,4,1,1,0,2.64,3.2,3.25,A,0,3
816,2021-22,2021-09-22,19,14:05,Bramall Lane,25576,Paul Tierney,Clear,,78,Cup,Sheffield United,Brentford,Chris Wilder,Thomas Frank,4-2-3-1,4-1-4-1,defense,attk,good,average,0,1,3,2,71;73;74+4,25;26,19,10,9,6,47.4,60.0,3.0,,0.0,,36.4,63.6,589,,69.7,85.3,47,45,6,5,1,0,11,10,1,0,2,0,2,0,9,12,1,1,0,0,1,2,4,6,2,3,21,23,15,12,25,37,4,5,18,5,18,10,18.7,,16,14,74.3,,105.0,111.4,219,184,3,2,0,0,3.48,3.41,2.39,H,3,0
1825,2023-24,2024-03-16,38,17:30,Craven Cottage,21577,Jarred Gillett,Cloudy,11.1,84,Derby,Fulham,Nottm Forest,Marco Silva,Nuno Espirito Santo,4-2-3-1,5-4-1,bal,,,average,0,0,2,0,50;62,none,14,13,9,7,64.3,53.8,2.95,0.1,-0.95,-0.1,51.5,48.5,589,412,78.9,,51,59,10,7,2,0,19,5,0,0,0,0,,0,6,,3,1,0,0,3,0,7,7,0,2,22,17,11,15,16,24,8,5,17,20,24,4,16.7,37.6,15,7,55.0,64.9,115.0,103.7,157,192,2,1,0,0,2.41,4.11,2.92,H,3,0
629,2020-21,2021-03-07,3,16:30,Villa Park,36996,Jarred Gillett,Sunny,19.6,54,League,Aston Villa,Brighton,Unai Emery,Roberto De Zerbi,5-4-1,4-1-4-1,attack,balanced,bad,bad,0,0,2,3,nan,54;67;73,13,6,4,5,30.8,83.3,2.79,2.17,-0.79,0.83,51.1,48.9,544,308,79.4,87.9,47,21,3,1,0,0,11,5,0,0,2.0,2,2,2,17,11,1,2,0,0,2,4,2,2,3,2,23,12,8,9,10,16,5,6,6,10,16,17,18.3,30.7,9,4,61.9,56.5,114.0,107.4,171,185,2,1,0,0,2.98,2.81,3.24,A,0,3
437,2020-21,2020-10-22,4,16:30,Etihad Stadium,41454,David Coote,Windy,23.0,69,League,Manchester City,Tottenham,Pep Guardiola,Ange Postecoglou,5-4-1,5-4-1,balanced,attack,good,average,1,0,2,,42;89,52,14,6,2,6,14.3,100.0,2.13,,-0.13,null,58.6,41.4,480,403,96.3,88.4,74,50,2,1,0,1,12,16,0,1,0,0,0,0,6,14,2,2,0,0,2,3,5,0,1,2,18,17,12,13,19,18,,9,,13,22,14,23.4,38.2,12,11,52.0,51.8,109.4,107.8,,209,2,3,0,0,2.48,,2.81,H,-3,0
26,2019-20,2019-08-25,36,16:30,Tottenham Hotspur Stadium,54255,Michael Oliver,Foggy,5.4,70,League,Tottenham,Manchester City,Ange Postecoglou,Pep Guardiola,4-4-2,4-1-4-1,attack,balanced,average,average,0,2,0,3,none,4;20;23,8,11,4,8,50.0,72.7,,3.45,-0.1,-0.45,39.7,60.3,653,443,81.1,88.4,27,72,2,3,0,1,13,12,,0,1,0,0,0,8,14,2,4,0,0,?,1,5,4,3,0,30,15,9,9,11,13,3,2,6,7,5,14,36.2,33.9,8,nan,45.7,45.8,108.8,102.4,200,232,,4,1,1,2.92,3.47,2.71,A,0,3
730,2020-21,2021-05-19,26,12:30,Craven Cottage,25139,Robert Jones,Light Rain,25.7,69,League,Fulham,Sheffield United,Marco Silva,,4-1-4-1,3-5-2,balanced,defense,good,bad,1,,2,0,45;71,none,14,8,8,5,57.1,62.5,2.24,0.19,-0.24,-0.19,62.7,37.3,531,325,82.3,70.6,31,64,7,3,0,0,7,5,0,0,1,,1,0,14,7,2,2,0,0,0,2,5,-6,0,2,11,16,18,14,23,25,3,-9,,22,6,,18.1,22.5,15,17,68.7,40.5,,107.8,223,216,2,5,0,0,1.91,4.31,,H,3,0
286,2019-20,2020-02-29,34,16:30,London Stadium,47860,Andy Madley,Foggy,20.0,47,League,West Ham,Aston Villa,David Moyes,Unai Emery,5-4-1,4-1-4-1,defense,attack,average,good,0,2,3,3,10;52;60,44;58+5;60,18,15,4,4,22.2,26.7,2.29,2.92,,0.08,50.7,49.3,679,579,77.3,84.5,27,23,9,,1,2,20,15,0,0,0,1,0,1,15,N/A,2,0,0,0,1,2,1,1,3,3,12,26,16,10,11,29,3,5,,12,?,nan,43.4,42.1,11,9,45.6,51.8,107.1,105.7,218,204,3,7,2,0,2.25,5.47,2.68,D,1,1
1813,2023-24,2024-03-07,6,12:30,Old Trafford,67417,Stuart Attwell,Sunny,31.4,52,League,Manchester United,Manchester City,Erik ten Hag,,3-5-2,4-3-3,balanced,balanced,good,good,N/A,2,0,2,none,41+3;76,18,12,8,8,44.4,66.7,0.26,2.17,,-0.17,41.8,58.2%,324,580,85.8,95.4,67,62,11,2,0,2,14,15,0,?,0,0,0,0,20,6,1,2,0,0,4,0,6,8,2,0,17,27,17,6,35,21,11,2,6,13,12,21,35.9,38.7,19,12,61.4,67.1,101.9,102.2,153,259,5,1,0,0,2.67,4.5,2.48,A,0,3
1394,2022-23,2023-02-03,3,12:30,Tottenham Hotspur Stadium,56690,David Coote,Clear,10.9,61,Title race,Tottenham,Sheffield United,Ange Postecoglou,Chris Wilder,,5-4-1,attack,defense,bad,average,0,0,4,,5;34;38;87,26;30,14,16,5,5,35.7,31.2,4.23,1.38,-0.23,0.62,68.6,31.4,688,396,85.9,74.1,44,37,7,2,0,2,21,12,0,0,0,1,0,0,8,16,1,0,,,6,2,3,1,2,4,17,16,15,10,13,12,3,10,9,22,14,4,38.7,40.7,16,11,nan,62.1,104.3,98.0,,,2,1,0,,2.08,4.43,3.41,H,3,0
369,2019-20,2020-04-27,19,19:45,Molineux Stadium,26244,Michael Oliver,Cloudy,19.1,43,Title race,Wolves,Fulham,Gary O'Neil,Marco Silva,4-4-2,3-5-2,defense,balanced,average,good,0,1,1,2,2+3,18;49,15,10,9,8,60.0,80.0,1.52,2.75,nan,-0.75,46.2,53.8,347,295,82.3,85.8,60,72,11,?,0,1,14,7,0,0,0,0,0,0,18,10,2,1,0,0,2,2,6,8,2,1,28,17,16,6,28,27,9,6,20,11,23,12,37.2,43.4,7,18,74.1,45.2,,,177,208,2,4,0,0,2.81,4.02,2.53,A,0,3
1447,2022-23,2023-03-13,24,19:45,Bramall Lane,24293,Thomas Bramall,Windy,16.7,47,Title race,Sheffield United,Brentford,Chris Wilder,Thomas Frank,5-4-1,4-3-2-1,defense,attack,good,average,0,1,0,1,null,26,,8,9,5,90.0,62.5,0.36,0.75,-0.36,0.25,44.9,55.1,324,469,74.4,N/A,30,48,6,1,0,1,17,17,0,0,1,0,0,0,13,12,3,1,0,0,2,5,4,,1,0,29,17,5,6,26,17,6,8,21,15,20,10,30.5,28.7,8,17,71.8,62.5,108.4,106.5,257,245,2,5,1,1,3.45,2.95,2.7,A,0,3
318,2019-20,2020-03-21,1,16:30,Selhurst Park,19745,Chris Kavanagh,Windy,18.3,49,League,Crystal Palace,West Ham,Oliver Glasner,David Moyes,3-5-2,3-5-2,defense,defense,average,bad,1,2,2,2,23;51,7;19,18,10,5,8,27.8,-,1.93,3.03,0.07,-1.03,43.8,56.2,482,535,82.1,80.3,59,51,7,2,0,0,13,19,nan,0,1,0,1,0,15,18,1,2,0,0,4,1,6,3,2,,27,27,10,17,18,21,2,7,10,12,23,15,19.0,17.4,15,13,73.3,47.1,104.6,108.9,163,158,0,4,0,0,2.16,6.66,2.58,D,1,1
1237,2022-23,2022-10-15,4,14:05,Amex Stadium,29223,Stuart Attwell,Foggy,13.9,,League,Brighton,Manchester United,Roberto De Zerbi,Erik ten Hag,3-4-3,4-3-3,balanced,balanced,good,avg,,0,2,,72;84,35;63,10,6,10,3,100.0,50.0,2.81,2.48,-0.81,-0.48,54.0,46.0,584,307,88.3,89.1,,43,2,5,0,0,10,13,1,0,1,0,1,0,19,15,2,3,0,0,,0,1,8,2,2,19,18,10,9,18,26,4,-6,16,18,11,12,35.4,26.2,15,7,66.8,49.8,92.1,109.9,203,141,,4,2,0,2.51,3.84,2.94,D,1,1
982,2021-22,2022-01-20,28,16:30,Vitality Stadium,10106,Michael Oliver,Foggy,14.4,40,Relegation 6-pointer,Bournemouth,Brentford,Andoni Iraola,Thomas Frank,4-4-2,4-1-4-1,,attack,average,average,1,0,3,2,12;23;29,18;71,9,,5,4,55.6,25.0,3.28,2.79,-0.28,-0.79,51.1,48.9,483,312,75.2,81.0,28,41,8,8,2,2,18,13,0,0,0,0,0,0,17,9,2,2,0,0,,4,2,2,2,3,30,26,11,10,32,12,12,,22,14,10,11,32.9,28.3,11,5,72.8,64.4,110.3,105.0,N/A,166,1,1,1,nan,2.25,4.94,2.84,H,3,0
710,2020-21,2021-04-30,36,20:00,Turf Moor,,Anthony Taylor,Rainy,14.7,68,League,Burnley,West Ham,Vincent Kompany,David Moyes,4-3-3,4-3-2-1,defense,defense,good,bad,0,1,0,1,none,20+1,15,,-3,1,40.0,10.0,0.1,,-0.1,-0.69,39.3,60.7,335,635,79.0,79.8,32,51,10,8,0,0,19,16,0,0,0,0,0,0,8,18,1,,0,0,0,1,0,6,1,0,10,19,10,14,10,35,8,5,19,9,9,17,19.7,17.0,11,6,43.4,41.2,105.2,106.6,279,262,5,3,,2,3.49,3.81,2.21,A,0,N/A
202,2019-20,2019-12-26,2,16:30,Tottenham Hotspur Stadium,57850,Thomas Bramall,,?,94,Cup,Tottenham,Brighton,Ange Postecoglou,Roberto De Zerbi,3-5-2,4-2-3-1,,balanced,average,good,nan,1,2,1,22;89,39+1,15,12,10,2,66.7,16.7,2.53,0.92,-0.53,0.08,46.0,54.0,551,597,88.6,85.5,59,41,5,,1,0,20,5,0,0,1,0,0,0,7,16,1,1,0,0,,4,1,8,1,2,29,14,18,17,36,28,4,2,15,18,8,14,,41.0,15,5,59.0,43.7,103.1,107.9,262,230,1,2,0,0,2.31,3.44,,H,3,0
1750,2023-24,2024-01-17,16,17:30,City Ground,25160,David Coote,Overcast,30.1,63,Cup,Nottm Forest,Fulham,Nuno Espirito Santo,Marco Silva,5-4-1,4-2-3-1,defense,bal,average,average,0,0,1,2,81,17;36+2,17,14,10,2,58.8,14.3,1.03,1.88,-0.03,0.12,50.4,49.6,640,497,78.3,76.8,69,,11,2,1,1,20,13,0,0,0,0,0,0,10,7,2,2,0,0,6,1,0,9,2,1,15,13,7,13,17,20,11,9,25,11,6,10,44.1,30.0,15,7,60.5,67.6,109.4,106.1,265,200,2,0,3,1,2.64,3.32,3.13,A,0,3
319,2019-20,2020-03-19,22,17:30,Goodison Park,35712,John Brooks,Clear,5.7,76,League,Everton,Newcastle,Sean Dyche,Eddie Howe,3-5-2,4-2-3-1,defense,defense,good,bad,1,1,2,1,31+4;82,67,10,13,8,7,80.0,53.8,1.42,1.33,0.58,,48.8,51.2,612,476,78.2,87.2,78,75,9,2,0,0,13,18,0,0,0,0,0,0,10,11,,-2,0,0,2,0,6,6,?,?,28,14,5,18,17,28,4,8,23,19,22,15,34.1,31.0,15,12,62.2,67.3,107.6,110.1,258,149,1,1,2,1,2.46,4.6,2.66,H,,0
1348,2022-23,2022-12-28,21,17:30,Villa Park,33877,John Brooks,Sunny,19.9,74,League,Aston Villa,Arsenal,Unai Emery,Mikel Arteta,4-3-2-1,3-4-3,ATTACK,attack,bad,average,1,2,1,3,32,34;52;55,9,10,6,4,66.7,40.0,0.98,2.87,0.02,0.13,53.0,47.0%,621,290,88.4,84.5,,59,2,3,1,0,20,6,1,0,0,0,0,0,10,9,1,2,0,0,1,1,1,5,3,1,20,25,12,11,22,22,5,3,15,13,14,,19.4,27.5,8,16,43.0,70.3,106.9,104.5,281,141,5,4,0,0,2.22,4.82,2.93,A,0,
1365,2022-23,2023-01-10,5,14:05,Vitality Stadium,9475,Simon Hooper,Sunny,8.3,87,League,Bournemouth,Everton,Andoni Iraola,Sean Dyche,4-1-4-1,4-2-3-1,attack,defense,average,good,0,,2,0,21;62,none,17,11,7,8,41.2,72.7,2.53,0.18,-0.53,-0.18,40.8,,425,297,78.1,82.8,70,,9,,0,0,17,16,0,0,1,,1,0,18,7,3,1,0,0,6,5,8,5,0,2,16,15,13,9,14,16,8,6,23,,25,22,18.9,31.3,17,,67.2,?,106.9,98.2,194,183,2,5,1,0,2.66,3.13,3.29,H,3,0
241,2019-20,2020-01-25,20,17:30,Molineux Stadium,29412,Michael Oliver,Rainy,11.5,89,Relegation 6-pointer,Wolves,Chelsea,Gary O'Neil,Mauricio Pochettino,,4-2-3-1,defense,balanced,good,,0,0,1,0,64,none,18,12,6,3,33.3,25.0,0.74,0.1,0.26,-0.1,42.1,57.9,359,347,81.1,,56,45,11,1,1,0,14,20,0,?,0,0,0,0,11,17.0,3,1,0,1,5,3,3,5,,1,18,15,20,nan,15,16,9,6,24,15,24,19,20.9,29.2,12,12,52.7,64.9,112.4,113.9,205,281,4,1,3,1,3.03,3.84,2.44,H,3,0
1476,2022-23,2023-04-03,27,16:30,Tottenham Hotspur Stadium,50499,,Sunny,8.7,46,League,Tottenham,Crystal Palace,Ange Postecoglou,Oliver Glasner,4-1-4-1,4-3-2-1,attack,defense,average,good,1,1,2,1,57;81,37,9,15,2,2,22.2,13.3,1.25,1.48,0.75,-0.48,59.2,40.8,533,336,82.6,83.6,53,42,6,8,0,0,6,5,0,0,0,0,0,0,15,18,2,1,0,0,6,2,1,0,1,2,12,17,12,13,?,12,2,2,20,15,,13,17.5,30.9,12,16,73.1,65.6,109.2,N/A,218,280,2,5,0,0,2.34,5.17,2.64,H,3,0
546,2020-21,2021-01-04,36,15:00,Amex Stadium,25006,Robert Jones,Clear,10.7,77,Relegation 6-pointer,Brighton,Brentford,Roberto De Zerbi,Thomas Frank,4-3-2-1,5-4-1,balanced,,good,bad,0,0,2,1,,3,18,11,2,6,11.1,54.5,1.96,1.3,0.04,-0.3,57.4,42.6,393,567,85.2,77.2,,34,9,6,0,?,12,6,0,0,,0,1,0,18,11,3,1,0,0,2,3,5,0,1,2,16,16,14,7,19,31,,9,21,-10,15,20,19.2,42.2,8,14,61.1,,111.7,98.1,233,201,0,1,1,1,2.29,4.44,2.96,H,3,0
330,2019-20,2020-03-28,6,20:00,Kenilworth Road,8174,Robert Jones,Overcast,17.0,85,Relegation 6-pointer,Luton Town,Chelsea,Rob Edwards,Mauricio Pochettino,5-4-1,5-4-1,,balanced,bad,avg,0,0,0,3,none,59;78;80,14,13,9,3,64.3,23.1,0.44,2.04,-0.44,0.96,39.9,60.1,455,507,71.9,90.2,,58,6,8,0,0,22,14,0,0,0,0,0,0,20,7,1,1,0,0,1,3,0,9,3,0,15,23,11,8,24,8,6,7,16,12,16,17,30.3,18.2,,7,nan,41.8,114.0,107.2,207,161,2,4,1,1,2.7,4.69,2.4,A,0,3
521,2020-21,2020-12-20,36,20:00,Etihad Stadium,44903,John Brooks,Cloudy,6.9,-,League,Manchester City,West Ham,Pep Guardiola,David Moyes,3-4-3,4-1-4-1,balanced,defense,bad,,1,0,1,1,23,10,10,14,10,2,100.0,14.3,?,1.34,-0.66,-0.34,51.9,48.1,340,433,89.3,85.6,74,55,2,1,1,0,17,11,0,0,0,0,0,0,6,19,1,1,,0,2,5,1,9,1,1,10,28,12,12,30,23,9,8,17,13,,10,29.1,36.9,18,16,72.1,47.7,,115.4,183,287,3,6,1,0,2.15,4.29,3.31,D,1,1
1910,2020-21,2021-04-27,13,16:30,Amex Stadium,28413,Paul Tierney,Cloudy,18.2,69,Derby,Brighton,Manchester United,Roberto De Zerbi,Erik ten Hag,5-4-1,3-4-3,balanced,balanced,bad,bad,1,2,3,N/A,24;28;90,16;26;29,11,8,?,3,90.9,37.5,,3.64,0.45,-0.64,50.1,49.9,367,519,82.0,81.5,63,18,,5,0,1,11,7,0,0,1,,1,0,12,6,3,4,,0,3,3,0,7,3,3,14,11,13,9,39,26,5,5,13,16,8,13,37.7,36.1,7,8,41.3,63.5,113.3,109.2,252,281,2,6,1,0,2.25,5.2,2.75,D,1,1
651,2020-21,2021-03-22,27,17:30,Molineux Stadium,29838,Simon Hooper,Sunny,23.7,82,League,Wolves,West Ham,Gary O'Neil,David Moyes,4-2-3-1,4-2-3-1,defense,defense,bad,bad,0,0,1,1,8+2,82,19,10,4,5,21.1,50.0,1.64,0.66,-0.64,0.34,42.2,57.8,381,267,78.5,86.3,60,49,5,5,1,0,19,5,0,0,0,1,0,,7,,1,1,0,0,5,2,4,3,1,1,19,17,17,12,28,24,12,10,11,12,18,16,18.6,15.6,10,15,72.0,65.5,105.2,100.4,279,173,2,4,1,0,2.29,7.45,2.33,D,1,1
1117,2021-22,2022-04-23,29,15:00,Emirates Stadium,,Stuart Attwell,Cloudy,18.8,69,Top 4 battle,Arsenal,Everton,Mikel Arteta,Sean Dyche,4-2-3-1,5-4-1,attack,def,,bad,,0,3,1,64;71+1;87,78,19,6,6,1,31.6,16.7,3.77,?,-0.77,0.2,66.1,33.9,590,300,92.2,79.2,72,75,2,7,,1,19,10,0,?,0,0,0,0,19,7,0,2,1,0,5,1,0,3,1,3,23,18,11,14,14,28,6,3,20,18,15,10,42.2,23.3,6,13,41.3,58.2,107.6,102.0,164,212,0,4,0,0,2.28,3.04,4.31,H,3,0.0
215,2019-20,2020-01-08,35,12:30,London Stadium,49057,,Light Rain,14.6,82,Top 4 battle,West Ham,Tottenham,David Moyes,Ange Postecoglou,4-3-3,5-4-1,defense,attack,,Good,0,0,5,1,5;15;46;61;88,8+1,9,7,6,1,66.7,14.3,6.16,0.73,-1.16,0.27,53.1,46.9,622,583,78.0,85.7,47,55,8,8,1,0,20,20,0,0,1,0,1,0,16,9,2,3,,nan,2,3,0,1,1,5,,24,14,5,11,,7,8,13,22,17,13,23.6,23.7,7,14,54.8,45.9,##,96.7,264,186,1,4,0,0,2.48,5.95,2.34,H,3,
468,2020-21,2020-11-12,9,15:00,City Ground,,Andy Madley,Overcast,20.3,88,League,Nottm Forest,Aston Villa,Nuno Espirito Santo,Unai Emery,4_3_2_1,3_5_2,defense,attk,bad,,0,1,2,1,25;57,59,15,,4,7,26.7,,1.68,1.06,,-0.06,37.1,62.9,503,604,75.5,86.4,21,36,4,,1,0,11,20,0,0,1,0,1,0,10,17,1,3,0,,1,3,6,2,1,2,25,11,17,6,,14,6,5,23,20,5,12,18.4,-,13,6,54.4,69.9,108.6,109.0,206,180,3,4,0,0,2.33,4.95,2.72,H,3,0
1744,2023-24,2024-01-19,15,14:05,Emirates Stadium,47433,Michael Oliver,Clear,N/A,63,Relegation 6-pointer,Arsenal,Manchester City,Mikel Arteta,Pep Guardiola,4-4-2,3-5-2,attack,balanced,average,good,0,0,0,4,none,2;24;69;84,18,9,9,5,50.0,55.6,0.1,4.0,-0.1,0.0,47.8,52.2,621,-642,91.2,87.9,40,35,7,,0,0,7,15,0,0,0,1,0,1,15,10,4,2,0,0,3,3,1,9,4,0,19,23.0,16,16,34,35,6,6,17,14,7,15,18.5,19.1,11,10,64.4,53.7,110.6,105.8,196,222,0,3,0,0,2.59,3.43x,3.1,A,0,3
583,2020-21,2021-01-30,17,17:30,Tottenham Hotspur Stadium,57455,Thomas Bramall,Rainy,9.9,71,League,Tottenham,Luton Town,Ange Postecoglou,Rob Edwards,4-4-2,3-5-2,attack,,average,good,3,0,3,1,34;41;73,6+4,19,15,10,2,52.6,13.3,2.6,1.19,0.4,-0.19,63.5,36.5%,535,605,82.8,77.2,,22,11,8,1,0,19,20,0,0,0,1,0,1,,17,,3,0,0,2,1,1,7,1,3,19,28,13,10,27,11,6,9,24,10,7,14,33.2,39.7,15,17,52.8,57.8,115.3,105.9,214,173,0,3,0,0,1.79,6.79,3.39,H,3,0
1382,2022-23,2023-01-23,22,12:30,Gtech Community Stadium,17128,Stuart Attwell,Light Rain,12.5,94,Relegation 6-pointer,Brentford,Liverpool,Thomas Frank,Jurgen Klopp,4-3-2-1,3-5-2,attack,attack,avg,good,0,1,1,1,73,47,16,-3,8,7,50.0,41.2,1.58,1.37,-0.58,,37.6,62.4,360,633.0,80.6,88.9,65,41,2,3,0,1,13,8,1,0,0,0,0,0,20,11,2,3,0,0,4,4,,7,1,,17,18,19,6,10,13,10,8,10,6,15,14,24.5,20.3,9,14,42.9,45.9,114.5,111.4,215,264,,4,1,0,2.55,6.45,2.21,D,1,1
779,2021-22,2021-08-25,29,16:30,Etihad Stadium,47490,Robert Jones,Cloudy,,62,Relegation 6-pointer,Manchester City,Liverpool,Pep Guardiola,Jurgen Klopp,5-4-1,4-4-2,balanced,attack,Avg,average,2,0,2,,12;85,22;82,8,10,5,6,62.5,60.0,2.22,1.94,-0.22,0.06,46.3,53.7,653,273,91.6,89.6,57,27,4,6,2,2,,5,0,0,0,0,0,0,17,9,1,3,0,nan,3,3,4,,2,2,14,28,20,12,13,24,8,5,22,,nan,16,33.7,40.0,7,17,50.0,61.6,105.0,110.9,173,289,1,5,,0,3.0,3.04,2.96,D,1,1
604,2020-21,16/02/2021,14,14:05,Villa Park,36254,David Coote,Cloudy,-,56,Cup,Aston Villa,West Ham,Unai Emery,David Moyes,4-2-3-1,4-4-2,attack,defense,average,average,1,0,2,0,1;43+4,none,16,9,4,7,25.0,77.8,2.46,0.1,-0.46,-0.1,58.4,41.6,675,328,81.3,79.4,77,30,8,1,0,0,17,9,0,0,0,0,0,0,13,18,2.0,1,1,0,0,5,,2,0,2,,19,6,8,10,36,10,10,25,16,17,12,36.2,28.2,10,15,64.9,46.6,111.3,108.7,184,264,0,2,0,0,2.96,2.97,3.07,H,3,0
97,2019-20,2019-10-16,24,16:30,Stamford Bridge,32799,Simon Hooper,Clear,9.2,91,League,Chelsea,Liverpool,Mauricio Pochettino,Jurgen Klopp,4-1-4-1,4-1-4-1,balanced,attack,good,average,1,1,2,1,21;77,3,11,7,2,5,18.2,71.4,1.75,0.68,0.25,0.32,41.8,58.2,317,407,86.5,85.1,28,63,9,2,2,1,22,11,0,0,0,0,0,0,10,17,1,2,0,0,3,1,4,0,1,2,14,27,10,13,,32,9,6,24,7,13,9,20.0,31.5,20,14,54.3,49.7,107.3,109.7,182,170,1,2,0,0,2.23,6.16,2.57,H,3,0
690,2020-21,2021-04-16,21,16:30,Bramall Lane,24169,David Coote,Light Rain,12.6,81,League,Sheffield United,Fulham,Chris Wilder,Marco Silva,3-4-3,4-3-3,defense,balanced,good,good,0,3,1,3,70,8;21;77,18,17,5,4,27.8,23.5,1.26,2.14,##,0.86,40.9,59.1,685,480,69.4,78.1,54,18,2,8,0,1,17,20,0,N/A,0,0,0,0,20,16,3,1,0,0,?,,1,4,3,1,29,26,17,5,32,34,6,3,25,7,5,11,24.1,17.8,14,5,65.2,63.4,106.6,113.5,282,N/A,0,2,2,0,2.67,4.86,,A,0,3
477,2020-21,2020-11-19,27,19:45,Villa Park,36922,Paul Tierney,Foggy,9.0,44,Cup,Aston Villa,Nottm Forest,Unai Emery,Nuno Espirito Santo,4-2-3-1,4-4-2,attack,defense,bad,bad,0,1,0,2,none,55;87,15,11,2,4,13.3,##,0.23x,2.13,##,-0.13,-,50.7,558,635,88.4,81.6,32,61,10,4,0,1,18,14,0,0,1,1,0,1.0,12,20,2,2,0,0,3,3,2,2,2,0,30,22,15,16,36,19,10,N/A,6,16,,18,24.6,20.0,15,9,61.9,49.9,108.2,106.2,174,276,2,2,1,0,2.5,3.83,2.95,A,0,3
101,2019-20,2019-10-20,2,15:00,Anfield,58465,Michael Oliver,Rainy,14.8,78,League,Liverpool,Newcastle,Jurgen Klopp,Eddie Howe,3-5-2,3-5-2,attack,defense,good,good,1,0,3,,30;33;50,none,15,,3,1,20.0,,2.48,0.1,0.52,-0.1,60.5,39.5,325,425,90.0,89.4,42,55,10,6,,0,10,17,2,0,1,0,1,0,20,9,2,3,0,0,5,5,1,0,0,3,24,16,19,5,31,17,9,3,9,10,23,22,39.9,29.0,5,5,,50.1,103.1,100.9,254,271,0,3,3,2,##,6.89,2.86,H,3,0
320,2019-20,2020-03-25,8,19:45,Molineux Stadium,29795,Robert Jones,Windy,,91,Title race,Wolves,Brighton,Gary O'Neil,Roberto De Zerbi,3-5-2,4-2-3-1,DEFENSE,balanced,bad,bad,1,0,2,2,15;89,1;82,17,14,10,2,58.8,14.3,1.9,1.28,0.1,0.72,52.8,47.2,377,614,83.8,85.5,43,35,2,6,2,2,16,10,0,0,0,0,0,0,9,6,1,2,0,0,3,5,0,8,2,2,14,16,6,16,24,17,11,3,24,20,,17,24.2,21.2,6,8,67.5,62.0,104.8,106.2,210,229,3,3,3,1,3.09,4.12,2.31,D,1,1
1334,2022-23,2022-12-21,21,20:00,Vitality Stadium,,Robert Jones,Foggy,11.6,,Top 4 battle,Bournemouth,Brighton,Andoni Iraola,Roberto De Zerbi,5-4-1,4-4-2,attack,bal,bad,bad,1,0,1,1,52,21,14,10,4,1,28.6,10.0,1.26,1.72,-0.26,,41.2,58.8,449,331,77.6,null,35,26,3,4,1,0,11,9,0,0,0,,0,0,6,10,3,3,0,0,0,3,0,3,1,1,13,23,9,9,15,19,11,2,21,21,5,21,16.1,17.7,6,7,67.6,61.7,113.7,112.9,219,250,3,4,1,1,2.38,5.01,2.62,D,1,N/A
1006,2021-22,2022-02-06,31,12:30,Villa Park,39952,Simon Hooper,Windy,,,Relegation 6-pointer,Aston Villa,Burnley,Unai Emery,Vincent Kompany,4-1-4-1,4-3-3,attack,defense,average,average,,0,6,1,9;27;55;70;82;85+2,67+2,16,14,6,8,37.5,57.1,6.26,1.01,-0.26,,56.6,43.4,593,334,82.4,79.3,24,63,9,3,2,0,16,15,1,1,0,0,0,0,9,8,3,1,0,0,6,2,7,0,1,,23,24,14,10,32,8,3,10,8,12,15,5,24.4,21.3,18,11,64.4,61.4,100.2,115.6,194,147,3,4,1,1,2.04,3.65,4.25,H,3,0
233,2019-20,2020-01-20,32,16:30,Villa Park,42057,Thomas Bramall,Cloudy,12.0,93,League,Aston Villa,Luton Town,Unai Emery,Rob Edwards,5-4-1,4-1-4-1,attack,defense,good,good,1,0,4,0,24;58;78;89,none,15,14,9,2,,14.3,3.42,0.33,0.58,-0.33,58.6,41.4%,,370,N/A,70.0,41,30,5,6,2,0,18,18,,0,0,0,0,0,12,12,1,3,0,0,5,4,2,5,0,4,21,21,11,11,18,13,11,,21,10,24,5,39.7,15.3,5,6,47.8,58.0,107.9,106.1,290,152,1,3,3,0,1.91,,2.8,H,3,0
339,2019-20,2020-04-04,11,16:30,Goodison Park,34538,Paul Tierney,Cloudy,4.3,91,League,Everton,Brentford,Sean Dyche,Thomas Frank,3-4-3,3-4-3,defense,attack,average,,0,0,1,2,15,48;63,17,16,6,-2,35.3,12.5,1.01,,-0.01,-0.02,40.6,59.4,668,251,83.5,76.8,63,41,5,7,0,1,15,5,0,0,0,1,0,1,20,9,4,1,0,0,6,2,0,5,2,,26,23,14,12,31,24,12,3,18,8,8,22,31.5,,17,12,72.1,64.2,103.4,,260,284,1,2,1,1,##,4.99,2.71,A,0,3
1604,2023-24,2023-10-10,35,17:30,Kenilworth Road,10124,Anthony Taylor,Windy,12.8,86,Cup,Luton Town,Everton,Rob Edwards,Sean Dyche,4-4-2,5-4-1,defense,defense,bad,average,0,0,3,0,42+5;73;86,none,18,N/A,5,6,27.8,54.5,2.4,0.4,0.6,-0.4,37.6,62.4,615,298,78.6,81.2,73.0,18,3,2,2,0,7,9,0,0,0,0,0,0,17,nan,0,2,0,0,2,3,6,2,0,3,15,12,8,6,15,27,8,2,18,20,15,18,34.5,25.7,,11,,50.7,111.1,114.3,250,163,3,3,0,0,2.56,4.6,2.55,H,3,0
383,2020-21,2020-09-12,24,17:30,Anfield,48271,Stuart Attwell,Light Rain,18.1,79,Cup,Liverpool,West Ham,Jurgen Klopp,David Moyes,4-1-4-1,4-2-3-1,attack,,,average,1,0,3,,10+5;24;61,29,17,9,6,2,35.3,22.2,3.36,1.41,-0.36,-0.41,61.6,38.4,419,571,86.7,83.8,22,47,9,5,1,0,14,11,0,0,0,1,0,1,N/A,14,3,1,0,0,5,1,1,3,1,3,13,13,16,14,35,23,5,3,25,20,17,18,38.8,35.7,19,9,61.0,40.8,108.9,106.0,223,220,2,2,0,0,1.93,5.36,3.38,H,-3,0
1877,2023-24,2024-04-16,35,19:45,Vitality Stadium,9973,,Rainy,13.4,49,Top 4 battle,Bournemouth,Brentford,Andoni Iraola,Thomas Frank,3-5-2,4-1-4-1,attack,attack,bad,good,0,0,2,3,44;58,nan,11,15,5,3,45.5,20.0,1.67,2.23,0.33,-,47.9,52.1,671,426,81.7,79.8,55,44,4,5,2,1,14,19,2,0,0,1,0,0,6,18,?,3,0,0,1,5,0,3,3,2,,21,18,N/A,35,29,,4,23,6,6,9,31.9,42.0,18,5,69.9,54.0,106.4,104.9,221,187,,2,N/A,0,3.18,3.43,2.54,A,0,3
2022,2023-24,2024-05-03,38,14:05,London Stadium,50969,Anthony Taylor,Clear,6.9,59,Relegation 6-pointer,West Ham,Brighton,David Moyes,Roberto De Zerbi,4-4-2,4-4-2,defense,BALANCED,bad,bad,1,0,1,0,56,none,16,14,10,7,62.5,50.0,1.24,,-0.24,-0.36,48.3,51.7,521,441,80.1,81.7,58,38,11,6,1,0,7,9,0,0,0,N/A,0,0,11,20,1,1,1,0,2,5,7,9,,1,14,11,9,18,21,35,10,4,5,15,13,10,19.5,31.7,9,14,46.9,43.4,103.6,105.8,,244,2,3,0,0,2.96,4.39,2.3,H,3,0
735,2020-21,2021-05-21,22,12:30,City Ground,22862,Simon Hooper,Rainy,5.1,66,League,Nottm Forest,Tottenham,Nuno Espirito Santo,Ange Postecoglou,5_4_1,5-4-1,defense,attack,good,average,1,1,1,2,32,61;72,20,12,9,2,45.0,16.7,1.29,2.29,,-0.29,35.6,64.4,,356,74.3,89.7,69,25,3,2,1,2,13,6,1,0,0,0,0,0,8,15,3,4,0,0,6,3,,8,,,17,21,7,5,16,37,,,13,11,12,16,26.2,30.0,8,18,50.7,69.9,112.7,113.7,nan,174,2,1,1,0,2.64,6.43,2.15,A,,3
493,2020-21,2020-12-03,15,19:45,Stamford Bridge,30361,John Brooks,Light Rain,16.4,91,Title race,Chelsea,Luton Town,Mauricio Pochettino,Rob Edwards,4-3-2-1,4-3-2-1,balanced,defense,average,bad,0,0,2,1,61;82,8,13,6,4,3,30.8,50.0,,1.27,-0.5,-0.27,62.4,37.6,440,487,82.0,79.6,64,34,7,,1,1,7,7,0,0,0,0,0,0,8,9,4,3,0,0,6,2,2,2,1,2,17,,10,11,21,10,10,6,23,7,22,21,24.9,20.7,15,13,56.4,50.8,110.0,108.9,245,,2,2,0,0,1.85,5.02,nan,H,3,0
904,2021-22,2021-11-19,18,14:05,Vitality Stadium,10513,Robert Jones,Light Rain,-1.0,80,League,Bournemouth,Nottm Forest,Andoni Iraola,Nuno Espirito Santo,3-5-2,4-2-3-1,attack,defense,good,bad,3,1,4,1,22;41;71;72,77,20,7,10,3,50.0,42.9,4.16,1.0,,0.0,48.6,51.4,323,583,77.1,81.4,43,51,9,5,1,1,22,7,1,0,1,0,1,0,8,12,0,2,0,0,4,1,2,6,1,4,17,25,16,11,38,23,10,8,6,6,9,16,20.2,25.6,8,18,44.6,43.8,104.9,112.0,240,145,4,1,2,0,2.49,4.74,2.59,H,3,0
1997,2023-24,2024-04-07,1,16:30,Vitality Stadium,10604,Simon Hooper,Foggy,17.1,65,Relegation 6-pointer,Bournemouth,Aston Villa,Andoni Iraola,Unai Emery,3-5-2,4-2-3-1,attack,attack,good,average,2,3,2,3,6;74,24;26;42,19,10,10,3,52.6,30.0,2.39,3.92,-0.39,-0.92,36.7,63.3,335,431,76.9,85.3,32,30,6,2,0,2,16,6,0,0,0,0,0,0,8,6,3,2,0,0,0,5,0,8,3,2,27,25,17,16,20,19,12,8,16,12,24,13,38.8,30.3,12,11,49.0,46.7,107.2,104.3,181,165,4,5,,0,2.95,4.26,2.35,A,0,
941,2021-22,2021-12-16,20,19:45,Craven Cottage,22031,Robert Jones,Overcast,13.6,48,League,Fulham,Nottm Forest,Marco Silva,Nuno Espirito Santo,5-4-1,4-1-4-1,balanced,,average,,2,,4,1,,60,9,12,5,3,55.6,25.0,4.07,1.57,-0.07,-0.57,50.1,49.9,379,406,83.5,77.0,46,73,10,4,1,1,13,12,0,0,1,0,1,0,10,12,1,0,0,0,2,3,2,1,1,4,20,24,5,9,22,18,,9,14,14,22,9,25.6,20.9,16,18,69.7,,114.4,107.7,274,266,4,4,,1,2.42,5.39,2.49,H,3,0
854,2021-22,2021-10-16,31,16:30,Amex Stadium,26285,John Brooks,Rainy,14.4,49,League,Brighton,Chelsea,,Mauricio Pochettino,3-5-2,5-4-1,balanced,balanced,bad,,3,1,3,1,23;70;82,55,14,8,3,nan,21.4,100.0,2.65,0.79,0.35,0.21,43.2,56.8,344,616,85.6,82.8,27,35,6,1,1,,N/A,13,0,1,0,0,0,0,10,8,2,0,0,0,6,3,7,0,1,3,30,16,9,9,?,31,5,8,16,9,6,17,23.6,nan,10,6,54.7,40.6,,107.1,244,159,1,5,1,0,3.13,3.02,2.86,H,3,0
1611,2023-24,2023-10-10,33,15:00,Tottenham Hotspur Stadium,60863,Thomas Bramall,Foggy,11.6,83,League,Tottenham,Sheffield United,Ange Postecoglou,Chris Wilder,,4-4-2,attack,defense,average,average,0,1,3,2,6;58;82,10;22+1,12,15,4,4,33.3,26.7,##,,0.54,-0.12,67.1,32.9,505,299,85.8,74.8,41,41,,1,1,1,8,7,0,0,0,1,0,1,20,8,1,2,0,0,1,4,2,1,2,3,16,28,9,18,15,27,8,8,,19,23,12,,36.0,15,18,64.1,42.6,104.5,102.5,257,152,1,4,1,0,2.11,3.06,5.04,H,3,0
285,2019-20,2020-02-29,20,20:00,Vitality Stadium,10691,David Coote,Windy,15.9,58,Relegation 6-pointer,Bournemouth,Nottm Forest,Andoni Iraola,Nuno Espirito Santo,5-4-1,5-4-1,attack,defense,average,average,2,0,3,1,37;53;86,81+5,17,,5,3,29.4,37.5,2.78,1.0,0.22,0.0,41.9,58.1,682,344,78.4,78.4,79,,3,2,0,1,,15,0,0,0,1,0,0,6,7,2,1,0,0,2,4,2,2,1,3,-29,19,12,7,32,21,11,7,16,11,15,8,26.0,35.1,20,16,52.3,51.2,111.0,108.0,239,270,3,3,0,0,2.54,-,3.13,H,3,0
970,2021-22,2022-01-05,38,14:05,Anfield,55398,Andy Madley,Clear,22.3,82,League,Liverpool,Everton,Jurgen Klopp,Sean Dyche,4-2-3-1,4-3-2-1,attack,defense,average,average,1,0,3,0,29;65;85,none,17,10,7,6,41.2,60.0,3.7,0.21,-0.7,-0.21,52.8,47.2,,438,90.5,76.6,34,25,3,7,1,0,15,N/A,1,0,0,0,0,0,16,9,4,2,0,0,2,4,6,4,0,3,14,25,18,17,10,25,3,5,22,20,11,12,26.9,23.5,5,6,47.5,70.3,nan,106.0,251,257,3,4,2,1,2.19,3.85,3.52,H,3,0
1996,2022-23,2022-11-04,20,19:45,Tottenham Hotspur Stadium,57071,Paul Tierney,Clear,12.3,64,Cup,Tottenham,Brighton,Ange Postecoglou,Roberto De Zerbi,4-1-4-1,4-3-3,attack,balanced,bad,average,2,0,3,1,57;70;85,90,20,15,7,8,35.0,53.3,2.21,1.17,0.79,-0.17,45.7,54.3,415,504,86.6,80.0,47,25,6,3,1,0,8,13,1,0,1,0,1,0,9,8,2,2,0,0,6,1,7,4,1,3,17,24,18,14,25,14,2,3,,10,8,,25.4,39.3,11,16,55.2,?,104.6,null,246,267,0,6,3,,2.65,3.35,3.08,H,3,0
390,2020-21,2020-09-20,5,20:00,Etihad Stadium,50681,Anthony Taylor,Rainy,9.4,93,League,Manchester City,Manchester United,Pep Guardiola,Erik ten Hag,3-5-2,,balanced,balanced,average,good,1,1,3,2,3;76;86,7;21,14,12,4,1,,8.3,3.73,2.5,-0.73,-0.5,62.8,37.2,326,634,87.6,89.2,67,56,9,5,2,0,6,7,1,0,0,1,0,1,12,6,1,0,0,0,2,5,0,1,2,3,13,,16,17,40,34,10,7,13,17,23,16,42.2,18.8,20,,55.4,57.5,112.7,102.4,257,151,2,4,0,0,2.07,5.32,3.03,H,3,0
14,2019-20,2019-08-17,30,20:00,Vitality Stadium,10643,Stuart Attwell,Overcast,6.2,42,Cup,Bournemouth,Wolves,Andoni Iraola,Gary O'Neil,4-3-3,4-2-3-1,attack,defense,bad,average,1,2,1,2,28,43;47,8,7,4,5,50.0,71.4,0.74,2.58,0.26,-0.58,,55.1,608,307,73.5,84.1,43,39,5,5,1,0,20,5,1,0,0,0,0,0,7,7,3,1,0,0,5,,3,3,2,1,18,24,5,5,25,24,9,2,15,9,6,6,20.5,39.5,17,17,56.7,45.1,110.7,109.3,282,159,2,3,0,0,-,4.23,2.37,A,0,3
397,2020-21,2020-09-21,2,19:45,Anfield,60494,Jarred Gillett,Cloudy,14.2,,Top 4 battle,Liverpool,Burnley,Jurgen Klopp,Vincent Kompany,4-3-2-1,5-4-1,attack,defense,average,bad,0,0,3,0,31;45+2;69,none,11,9,6,,54.5,88.9,3.48,0.46,-0.48,-0.46,72.2,27.8,603,556,89.6,73.0,64,23,8,7,1,0,21,12,0,0,0,0,0,0,20,,1,1,,0,2,2,8,3,0,3,19,14,8,11,13,37,8,9,22,20,5,4,18.2,25.3,11,12,53.4,60.4,106.7,100.8,194,248,1,-6,1,0,2.02,4.31,3.67,H,3,0
1597,2023-24,2023-10-04,8,15:00,St. James' Park,41343,Paul Tierney,Cloudy,7.9,,Title race,Newcastle,Brentford,Eddie Howe,Thomas Frank,4-3-2-1,4-3-3,defense,attack,,bad,2,1,2,1,4;36,37,9,7,6,6,66.7,85.7,2.59,,-0.59,-0.52,51.4%,48.6,501,320,87.2,85.4,35,31,7,6,1,1,8,15,0,0,0,0,0,0,,11,2,0,0,0,6,3,5,4,1,2,16,19,15,9,10,23,5,2,10,9,6,20,23.9,36.8,14,13,52.1,50.9,107.1,104.8,249,192,1,2,1,1,2.86,3.35,2.84,H,3,0
632,2020-21,2021-03-10,13,12:30,Amex Stadium,31690,Simon Hooper,Sunny,-2.3,42,League,Brighton,Burnley,Roberto De Zerbi,Vincent Kompany,3-4-3,4-3-2-1,balanced,defense,bad,average,0,0,3,0,12;23;31,none,12,14,10,,83.3,21.4,3.49,0.25,-0.49,-0.25,68.4,31.6,464,576,83.9,78.6,73,26,5,7,2,0,12,10,0,0,0,0,0,?,9,10,3,0,0,0,3,,3,7,0,3,10,21,9,18,19,8,11,-8,21,21,,20,35.7,42.7,9,7,61.8,,106.6,110.5,225,282,3,nan,1,N/A,2.03,3.74,4.16,H,3,0
1566,2023-24,2023-09-14,33,14:05,Villa Park,35857,Simon Hooperx,Clear,16.3,48,League,Aston Villa,Manchester United,Unai Emery,Erik ten Hag,4-2-3-1,3-4-3,attack,balanced,bad,BAD,1,0,5,1,22;60;66+1;66;68,19,8,9,5,1,62.5,11.1,6.14,0.96,-1.14,0.04,46.0,54.0,418,435,87.5,82.6,41,29,10,7,2,0,21,20,0,0,2,1,2,1,9,9,2,2,0,0,6,0,0,0,1,5,14,12,6,18,23,22,9,3,21,6,10,9,22.0,18.8,9,4,45.2,58.7,112.8,112.6,258,263,2,4,1,0,2.25,4.75,2.9,H,3,0
51,2019-20,2019-09-14,23,14:05,Old Trafford,58084,Anthony Taylor,Rainy,17.5,49,League,Manchester United,West Ham,Erik ten Hag,David Moyes,3-4-3,4-4-2,balanced,defense,average,average,2,0,3,1,15;56+4;77,,20,12,3,6,15.0,50.0,4.0,1.23,-1.0,-0.23,48.6,51.4,,295,84.7,85.2,76,38,3,5,1,1,7,5,0,0,1,0,1,0,15,17,1,1,0,0,0,2,5,0.0,1,3,13,14,10,13,20,22,10,2,15,19,21,12,,39.7,5,6,69.6,70.5,115.3,106.9,179,271,1,0,0,0,2.05,8.94,2.5,H,3,0
203,2019-20,2019-12-30,3,19:45,Tottenham Hotspur Stadium,57946,Thomas Bramall,Windy,8.8,70,League,Tottenham,Newcastle,Ange Postecoglou,Eddie Howe,5-4-1,3-4-3,attack,defense,good,bad,,0,,1,14;21,49+3,18,6,2,2,11.1,33.3,2.64,1.42,-0.64,-0.42,58.0,42.0,586,592,83.8,81.4,,37,6,8,1,0,13,20,0,0,0,0,0,0,14,13,4,0,0,0,5,0,1,0,1,2,29,11,10,7,nan,30,12,4,15,14,22,15,29.2,44.8,20,8,59.3,60.1,102.3,107.4,289,222,0,2,0,0,2.21,3.72,3.58,H,3,0
307,2019-20,2020-03-11,27,20:00,City Ground,30193,Thomas Bramall,Clear,5.0,41,League,Nottm Forest,West Ham,Nuno Espirito Santo,David Moyes,4-4-2,,defense,defense,average,good,1,2,,2,47,13;46,19,15,4,2,21.1,13.3,1.2,1.44,-0.2,0.56,50.2,49.8,345,638,81.3,81.1,36,18,2,,1,2,?,12,0,1,1,0,0,0,7,8,2,2,0,0,4,3,0,?,2,1,26,20,8,13,36,21,2,6,9,6,21,13,39.2,32.2,?,8,70.6,46.7,107.8,108.3,201,216,3,,1,0,2.43,6.32,2.32,A,0,3
1448,2022-23,2023-03-14,30,16:30,Goodison Park,nan,Robert Jones,Clear,13.3,53,League,Everton,Brentford,Sean Dyche,Thomas Frank,5-4-1,4-4-2,defense,attack,average,bad,1,2,1,2,58,17;22,,8,5,8,35.7,nan,1.03,1.55,-0.03,0.45,53.9,46.1,361,408,75.5,78.8,78,,4,,1,0,9,11,1,0,0,1,0,0,12,20,3,2,0,0,2,2,6,4,2,1,18,27,18,16,23,37,5,,25,12,24,22,23.1,43.4,17,14,40.0,64.2,101.6,108.5,282,210,1,3,0,0,2.21,6.95,2.48,A,0,3
846,2021-22,2021-10-09,38,20:00,St. James' Park,48174,John Brooks,Foggy,-6.9,74,League,Newcastle,Arsenal,Eddie Howe,Mikel Arteta,4-3-2-1,4-3-2-1,defense,attack,good,average,0,0,0,0,none,none,16,10,10,6,62.5,60.0,0.29,0.21,-0.29,,48.8,51.2,514,,81.1,86.2,20,26,3,2,0,0,18,11,0,0,0,0,0,0,20,20,1,1,0,0,5,3,6,10,0,0,24,24,7,12,33,31,12,4,,16,5,13,29.5,,18,12,66.9,,111.4,107.8,196,234,1,4,3,0,2.42,4.06,2.93,D,1,1
812,2021-22,2021-09-18,37,20:00,Gtech Community Stadium,16080,,Windy,26.1,49,Top 4 battle,Brentford,Manchester United,Thomas Frank,Erik ten Hag,3-4-3,4-1-4-1,attack,balanced,AVERAGE,average,1,2,2,3,74;85+2,53;75;76,18,10,5,6,27.8,60.0,1.73,2.51,?,0.49,47.2,##,687,284,79.9,84.7,N/A,25,6,9,1,2,6,14,0,0,0,1,0,0,9,14,3,2,0,0,,4,,3,3,2,19,10,9,7,38,25.0,2,8,21,14,,9,15.9,33.0,12,18,55.5,66.0,112.6,105.5,N/A,232,1,5,1,0,2.32,7.76,2.28,A,0,3
1537,2023-24,2023-08-22,8,15:00,Bramall Lane,25248,David Coote,Overcast,17.6,63,Relegation 6-pointer,Sheffield United,Burnley,Chris Wilder,Vincent Kompany,3-5-2,5-4-1,defense,defense,average,average,,3,3,3,19;42;55,10;11;46,15,9,4,6,26.7,66.7,2.8,2.64,0.2,,53.0,47.0,402,488,77.7,79.3,64,38,3,1,0,1,16,8,0,0,0,0,0,0,9,9,4,2,0,1,2,0,3,1,3,3,11,24,20,18,37,27,3,5,13.0,7,22,10,20.5,29.2,9,16,68.5,41.3,111.6,,196,210,3,3,3,0,,4.1,2.73,D,1,1
1046,2021-22,2022-02-28,7,12:30,Tottenham Hotspur Stadium,51609,Stuart Attwell,Foggy,11.0,63,Cup,Tottenham,West Ham,Ange Postecoglou,David Moyes,4-3-3,5-4-1,attack,defense,average,average,0,1,,2,none,62+5;85,12,8,10,,83.3,37.5,0.33,2.04,-0.33,-0.04,,43.3,529,573,86.2,78.3,37,46,10,6,0,2,10,13,0,1,0,0,0,0.0,20,7,4,2,0,0,6,3,1,10,2,0,16,27,18,9,37,33,4,2,23,8,,20,22.9,32.0,6,11,60.7,46.7,,102.6,213,207,2,3,2,0,,5.68,2.89,A,0,3
446,2020-21,2020-10-29,6,15:00,Goodison Park,39127,Michael Oliver,Foggy,5.8,77,League,Everton,Liverpool,Sean Dyche,Jurgen Klopp,3_4_3,4-3-2-1,defense,attack,bad,Good,0,3,1,4,53,8;25;35;38,17,12,7,4,41.2,33.3,0.62,3.97,0.38,0.03,35.9,64.1,644,274,76.8,90.0,,34,10,6,1,1,7,9,0,0,0,1,0,1,15,18,1,2,0,0,6,1,0,6,N/A,1,19,19,13,7,18,14,6,9,15,5,19,13,37.1,37.0,7,14,40.4,56.6,113.0,108.3,184,249,1,3,1,0,3.44,3.23,2.5,A,0,3
1650,2023-24,2023-11-07,9,14:05,Gtech Community Stadium,13640,Stuart Attwell,Rainy,4.0,75,Relegation 6-pointer,Brentford,Crystal Palace,Thomas Frank,Oliver Glasner,5-4-1,4-4-2,attack,defense,avg,good,1,0,3,0,71;76;81,none,16,10,8,6,50.0,60.0,2.05,0.11,0.95,-0.11,55.4,44.6,N/A,474,77.9,81.2,27,75,2,5,N/A,0,12,10,0,0,0,0,0,0,12,12,1,2,0,0,3,3,6,5,0,3,17,17,7,14,17,27,11,6,19,20,,16,,38.2,8,7,60.8,69.0,114.2,112.2,161,202,2,1,1,1,2.22,7.29,2.43,H,3,0
2077,2020-21,2021-05-23,17,19:45,Gtech Community Stadium,N/A,David Coote,Rainy,8.2,52,Relegation 6-pointer,Brentford,Arsenal,Thomas Frank,Mikel Arteta,5-4-1,3-4-3,attack,attack,bad,bad,1,0,2,1,25+4;74,1,9,8,,8,77.8,100.0,1.73,0.89,0.27,0.11,38.4,61.6,559,297,76.9,93.4,52,55,5,6,2,1,10,7,0,0,1,0,0,0,15,17,2,1,0,0,4,5,7,5,1,2,24,23,20,6,36,31,3,7,6,5,9,17,38.4,35.4,8,9,43.5,57.2,104.5,103.8,251,206,2,1,1,,2.39,4.74,,H,3,N/A
901,2021-22,2021-11-20,24,16:30,Craven Cottage,20223,Robert Jones,Overcast,?,68,Relegation 6-pointer,Fulham,Chelsea,,Mauricio Pochettino,4-3-2-1,4-1-4-1,balanced,balanced,bad,good,1,0,1,1,18,69,16,17,4,-3,25.0,35.3,1.04,0.86,-0.04,0.14,48.2,51.8,313,635,80.3,83.6,57,20,4,4,0,1,20,13,0,0,0,0,0,0,13,,-2,2,0,0,1,0,5,3,1,1,11,10,7,,35,,2,10,24,21,15,9,44.7,31.4,9,5,43.7,50.0,105.8,106.4,295,207,4,4,1,0,2.31,6.04,2.49,D,1,1
1211,2022-23,2022-09-23,25,17:30,London Stadium,61834,Paul Tierney,Sunny,##,93,League,West Ham,Liverpool,David Moyes,Jurgen Klopp,3-5-2,5-4-1,defense,attack,bad,good,3,0,3,1,16;54;60,57,20,14,nan,8,20.0,57.1x,2.74,1.08,0.26,-0.08,38.5,61.5,611,436,79.9,-,36,42,6,6,2,1,15,11,0,0,0,0,0,0,10,16,3,1,0,0,1,2,7,1,nan,3,30,16,15,5,33,21,8,8,15,8,18,4,17.5,,12,6,62.8,60.1,103.8,110.6,188,249,,6,3,0,2.74,3.51,2.86,H,3,0
1736,2023-24,10/01/2024,22,12:30,St. James' Park,50473,Stuart Attwell,Foggy,3.7,56,League,Newcastle,Fulham,Eddie Howe,Marco Silva,4-3-2-1,4_4_2,DEFENSE,balanced,good,average,0,0,2,0,29;61,none,10,10,6,6,60.0,60.0,2.47,0.1,-0.47,-0.1,49.1,,682,,83.8,77.3,63,30,11,9,1,0,8,12,0,0,0,1,0,0,11,12,1,3,0,0,4,1,6,4,0,2,15,27,N/A,8,37,35,11,9,22,14,10,13,19.0,19.6,15,10,68.5,51.9,103.2,,184,285,5,0,2,0,2.22,3.95,3.38,H,3,0
457,2020-21,2020-11-07,19,20:00,Amex Stadium,31793,Robert Jones,Foggy,27.1,73,League,Brighton,West Ham,Roberto De Zerbi,David Moyes,5-4-1,,BALANCED,defense,good,bad,2,1,2,1,34+4;56,68,9,15,7,2,77.8,13.3,2.09,0.69,-0.09,0.31,56.3,43.7,675,381,86.8,77.5,75,68,7,9,1,1,9,19,1,0,0,0,0,0,14,19,1,1,0,0,5,2,1,5,1,2,30,15,20,5,28,33,6,7,25,6,11,6,24.5,35.7,13,4,69.8,70.4,110.6,112.1,238,229,2,1,,1,2.75,4.07,2.56,H,3,0
1619,2023-24,2023-10-17,29,17:30,Molineux Stadium,30032,Paul Tierney,Sunny,10.1x,72,League,Wolves,Brentford,Gary O'Neil,Thomas Frank,4-3-2-1,4-1-4-1,defense,attack,bad,good,,0,1,2,76+4,12;37,16,12,5,6,31.2,50.0,1.04,2.04,-0.04,-0.04,43.3,56.7,526,575,,85.4,71,50,11,7,1,0,20,11,,0,0,1,0,1,13,9,,4,0,0,3,1,4,4,2,1,10,15,11,nan,27,16,9,,17,15,23,14,30.7,34.5,13,18,52.0,46.8,,111.8,171,255,1,2,2,0,2.24,8.28,2.31,A,0,3
1482,2022-23,2023-04-02,5,14:05,Anfield,,Jarred Gillett,Foggy,7.8,,Title race,Liverpool,Wolves,Jurgen Klopp,Gary O'Neil,4-1-4-1,4-3-2-1,attack,,good,bad,0,0,3,0,15+2;56;87+4,none,15,6,9,1,60.0,16.7,3.81,0.11,-0.81,-0.11,65.6,34.4,621,642,88.0,76.7,41,66,4,8,2,0,7,16,0,0,1,0,1,0,10,10,1,2,0,0,2,0,1,6,0,3,17,13,5,7,,18,9,2,6,15,12,14,39.0,29.2,7,9,61.7,70.5,98.5,103.7,229,263,1,0,0,0,2.28,5.24,2.7,H,3,0
1410,2022-23,2023-02-13,10,12:30,Villa Park,36740,Thomas Bramall,Sunny,9.8,88,Relegation 6-pointer,Aston Villa,Bournemouth,Unai Emery,Andoni Iraola,4-1-4-1,4-2-3-1,attack,attack,bad,bad,1,0,1,1,60,70,8,17,8,7,100.0,41.2,1.28,1.02,-0.28,-0.02,54.8,45.2,434,587,80.4,,32,25,4,7,1,1,13,10,0,1,0,0,0,0,11,7,0,1,0,0,5,N/A,6,,1,1,18,28,5,12,,35,12,10,13,12,14,18,27.4,38.8,20,11,73.0,69.4,111.3,106.6,272,252,3,2,1,0,2.23,5.46,2.72,D,1,1
1255,2022-23,2022-10-27,26,14:05,Turf Moor,18356,Robert Jones,Rainy,5.4,55,League,Burnley,Brighton,Vincent Kompany,Roberto De Zerbi,4-3-2-1,3-5-2,defense,balanced,average,bad,0,0,1,3,67,20;41;81,12,8,4,8,33.3,100.0,0.79,2.54,0.21,0.46,35.6,64.4,399,313,76.4,88.5,26,19,4,2,0,1,14,17,0,1,1,,1,0,7,17,2,1,,1,,2,5,3,3,1,20,18,6,5,37,25,8,8,19,18,24,13,39.1,22.8,13,14,59.1,66.1,112.1,110.3,232,191,4,2,0,0,2.73,5.39,2.23,A,0,?
1609,2023-24,2023-10-12,25,16:30,Turf Moor,18763,John Brooks,Foggy,9.6,49,League,Burnley,West Ham,Vincent Kompany,David Moyes,4-3-2-1,4-3-2-1,defense,defense,avg,bad,0,3,3,4,16;23;32,27;27;31;47,15,15,10,4,66.7,26.7,2.72,,0.28,N/A,38.8,61.2,319,398,72.7,77.9,28,52,5,?,2,0,12,16,0,1,1,0,1,0,20,6,3,3,0,0,6,1,0,7,4,3,20,26,11,11,25,20,11,4,25,6,13,21,42.9,,16,13,59.3,49.7,101.3,111.4,238,?,N/A,1,1,0,3.14,,2.1,A,0,3
1477,2022-23,2023-03-30,24,15:00,Vitality Stadium,9871,,Cloudy,11.9,74,Derby,Bournemouth,Fulham,Andoni Iraola,Marco Silva,5-4-1,4-4-2,attack,BALANCED,average,good,1,0,4,3,39;54;70;84,22;24;72,,9,3,6,37.5,66.7,4.72,2.66,-0.72,,53.1,46.9,441,437,82.2,85.1,56,25,5,6,2,0,13,19,0,0,1,0,,0,14,17,1,0,0,0,3,5,3,0,3,4,30,12,5,6,10,27,10,7,10,11,,18,32.1,,12,11,47.9,56.4,111.2,111.3,192,164,2,3,1,0,2.78,3.23,3.03,H,3,0
655,2020-21,2021-03-25,6,14:05,Villa Park,null,Chris Kavanagh,,6.4,65,League,Aston Villa,Liverpool,Unai Emery,Jurgen Klopp,4-1-4-1,4-2-3-1,attack,,good,bad,0,1,1,4,29,13+3;13;18;42,19,9,8,4,42.1,44.4,0.69,3.11,0.31,0.89,52.3,47.7,350,428,86.0,85.2,73,39,10,1,0,0,12,16,0,0,nan,0,1,0,13,17,N/A,1,,0,1,1,0,7,-4,1,13,12,17,5,18,12,3,9,24,17,11,6,23.9,19.7,5,11,46.6,,,109.3,193,143,1,7,0,0,2.53,3.62,3.05,A,0,3
537,2020-21,2020-12-29,18,14:05,City Ground,27346,Andy Madley,,7.8,87,Cup,Nottm Forest,Liverpool,Nuno Espirito Santo,Jurgen Klopp,3-5-2,4-4-2,defense,attack,bad,bad,0,0,3,N/A,11;30;55,64,15,10,2,6,13.3,60.0,3.01,1.15,,-0.15,32.3,67.7,625,606,74.1,91.1,32,29,6,7,2,1,13,12,0,,1,0,1,0,20,15,2,1,0,0,4,1,5,0,-1,3,23,15,8,13,34,16,6,6,23,7,8,21,43.5,18.9,14,13,,55.2,101.2,107.9,229,256,1,0,1,1,2.8,,2.45,H,3,0
204,2019-20,29/12/2019,29,12:30,Amex Stadium,28324x,Simon Hooper,Light Rain,10.4,72,League,Brighton,Crystal Palace,Roberto De Zerbi,Oliver Glasner,4-4-2,3-4-3,balanced,DEFENSE,bad,good,3,2,3,2,3;51;83+5,3;26,9,11,3,2,33.3,18.2,3.74,2.4,-0.74,,48.6,51.4,516,311,85.5,81.2,41,40,6,6,2,,21,10,0,0,0,0,0,,7,7,1,2,0,0,,,0,0,2,3,15,23,19,9,34,38,5,6,20,16,5,19,19.3,29.6,18,14,74.7,66.8,100.7,112.4,171,163,1,1,0,0,2.06,5.17,3.11,H,3,0
2025,2020-21,2021-05-05,23,20:00,Goodison Park,##,Paul Tierney,Light Rain,13.7,77,Cup,Everton,Manchester United,Sean Dyche,Erik ten Hag,3-4-3,3-4-3,defense,balanced,poor,bad,0,0,1,3,26,2;25;54,15,10,8,3,,30.0x,0.99,3.73,0.01,-0.73,40.5%,59.5,,293,78.5,84.2,69,41,3,3,1,1,7,18,1,0,0,0,0,0,7,13,3,2,0,0,3,3,0,7,N/A,1,28,18,10,15,34,36,3,5,22.0,8,19,10,22.0,38.9,12,11,52.6,71.6,106.1,,244,208,2,2,1,1,2.28,6.85,2.4,A,0,3
851,2021-22,2021-10-15,34,15:00,Emirates Stadium,51732,Anthony Taylor,Clear,##,91,League,Arsenal,Aston Villa,Mikel Arteta,Unai Emery,4-3-2-1,4-3-2-1,attack,attack,good,good,2,0,2,0,9;25,none,18,12,7,1,38.9,8.3,2.38,0.23,,-0.23,61.9,38.1,347,386,83.9,80.9,73,29,6,6,1,0,7,14,0,0,0,0,0,0,6,18,1,3,0,0,1,3,1,5,0,2,10,27,5,14,29,38,2,10,11,21,9,4,20.1,37.5,18,18,62.9,##,107.7,102.2,179,154,5,2,0,0,2.23,5.82,2.64,H,3,0
2035,2021-22,2021-09-26,4,19:45,St. James' Park,51337,Robert Jones,Rainy,22.8,95,Cup,Newcastle,Fulham,Eddie Howe,Marco Silva,4-2-3-1,3-4-3,defense,balanced,avg,bad,0,1,2,2,27;50,18;26,11,15,7,2,63.6,,2.42,2.26,-0.42,-0.26,57.6,,650,270,85.7,85.1,24,43,5,3,1,1,12,,0,0,N/A,1,?,1,17,9,1,3,0,1,6,0,0,5,2,nan,22,20,14,9,34,27,7,7,14,12,12,18,33.0,37.5,18,11,52.2,65.8,109.8,109.2,159,nan,3,4,2,2,2.8,3.33,2.92,D,1,1
2065,2021-22,2022-04-06,31,16:30,City Ground,23079,David Coote,Light Rain,5.0,40,Derby,Nottm Forest,West Ham,,David Moyes,4-2-3-1,5-4-1,defense,defense,,average,1,1,?,2,16,22+3;73,,6,10,3,83.3,50.0,1.04,2.49,-0.04,-0.49,51.4,48.6,380,259,76.2x,79.7,65,36,11,5,0,nan,11,,0,0,0,2,0,1,17,13,2,2,0,0,4,3,1,9,2,1,16,14,8,16,12,37,5,8,8,12,11,16,41.0,,6,?,65.5,60.5,109.1,101.3,231,231,5,3,3,0,##,2.9x,3.05,A,0,3
1680,2023-24,2023-12-03,22,20:00,Gtech Community Stadium,14522,Anthony Taylor,Windy,13.6,50,Cup,Brentford,Sheffield United,Thomas Frank,Chris Wilder,5-4-1,,attack,defense,average,good,0,0,0,0,none,none,14,10,10,3,?,30.0,0.1,0.12,-0.1,-0.12,,null,471,314,84.0,73.0,21,56,2,6,0,0,6,6,0,0,0,0,0,0,19,8,1,2,0,0,0,,3,10,0,0,25,22,5,12,36,30,4,2,19,14,21,17,##,37.2,11,10,65.2,44.2,103.5,106.4,254,177,0,3,1,1,2.07,5.02,3.15,D,1,1
787,2021-22,2021-08-30,8,14:05,Craven Cottage,22131,Andy Madley,Rainy,5.0,56,League,Fulham,Burnley,Marco Silva,Vincent Kompany,4-3-3,,balanced,defense,average,bad,1,0,2,1,45;82,80,9,?,8,4,88.9,40.0,1.59,0.8,0.41,0.2,53.9,46.1,631,551,N/A,77.0,70,69,10,1,1,0,14,10,0,1,0,0,0,0,12,14,2,2,0,0,-1,4,3,6,1,2,21,15,16,14,19,30,?,6,9,21,13,12,29.9,28.7,5,12,51.1,63.6,##,104.2,233,202,2,2,0,0,1.99,,2.93,H,3,0
518,2020-21,2020-12-16,5,14:05,Turf Moor,21225,Stuart Attwell,Light Rain,-4.6,40,Relegation 6-pointer,Burnley,Tottenham,Vincent Kompany,Ange Postecoglou,4-4-2,4-1-4-1,defense,attack,bad,good,0,1,0,2,none,1;29,11,11,7,8,63.6,72.7,0.47,2.02,-0.47,,31.6,68.4,316,493,70.1,85.5,23,73,6,8,0,0,8,9,0,0,0,1,0,1,8,12,2,2,0,0,2,3,6,7,2,0,,22,11,10,29,13,3,3,22,18,8,9,30.2,26.7,17,11,60.5,55.3,107.6,101.2,259,165,3,3,0,0,3.24,4.61,2.11,A,0,3
798,2021-22,2021-09-10,10,20:00,Etihad Stadium,46566,Andy Madley,Clear,9.0,82,League,Manchester City,Manchester United,Pep Guardiola,Erik ten Hag,3-4-3,4-2-3-1,balanced,balanced,bad,bad,1,0,1,1,38,87,11,17,9,6,81.8,35.3,1.44,0.59,,0.41,56.6,43.4,598,567,95.9,85.6,43,47,6,5,0,1,19,8,,1,0,0,0,0,8,6,1,4,0,N/A,6,3,,8,1,1,14,20,12,14,34,25,12,7,,22,8,5,40.1,31.8,,14,47.8,,116.6,104.8,287,158,0,1,1,0,2.15,3.99,3.51,D,1,1
1132,2021-22,2022-04-30,9,17:30,Turf Moor,18240,Simon Hooper,Clear,-1.5,42,Title race,Burnley,Brentford,Vincent Kompany,Thomas Frank,4-4-2,4-1-4-1,,attack,average,bad,0,,2,1,16;30,,13,16,7,6,53.8,37.5,N/A,1.28,0.29,,46.5,53.5,495,473,70.0,83.0,38,52,,3,0,0,10,8,0,0,0,1,0,0,16,10,1,1,0,0,4,5,5,5,1,2,,?,15,14,,19,10,2,21,7,17,12,39.0,22.1,N/A,14,67.5,52.9,105.0,105.2,277,218,3,0,0,0,3.21,N/A,2.35,H,-3,0
1739,2023-24,2024-01-10,16,15:00,Villa Park,41462,David Coote,Windy,13.7,70x,Title race,Aston Villa,Chelsea,Unai Emery,Mauricio Pochettino,4-2-3-1,3-5-2,,balanced,good,bad,1,0,1,2,57+3,16;76,18,10,8,3,44.4,30.0,1.04,2.15,-0.04,-0.15,48.4,51.6,331,531,81.5,85.0,47,46,4,7,0,2,16,8,0,0,1,0,0,0,16,18,4,1,0,0,5,4,1,7,N/A,1,17,27,14,15,19,10,2,4,10,14,19,22,29.3,39.5,16,15,65.1,71.3,100.7,106.6,168,169,2,6,0,0,2.64,4.83,2.41,A,0,3
663,2020-21,2021-03-30,29,15:00,Selhurst Park,23300,Andy Madley,Sunny,15.9,93,Relegation 6-pointer,Crystal Palace,Manchester United,Oliver Glasner,Erik ten Hag,4-3-3,4-4-2,defense,balanced,poor,good,0,0,1,2,15,6;33+2,12,11,4,2,33.3,18.2,1.17,1.72,-0.17,0.28,45.7,54.3,586,514,76.8,89.4,25,41,8,3,1,0,22,11,0,0,0,2,0,1,12,6,2,N/A,0,1,3,3,0,3,2,1,10,?,,5,11,32,9,8,6,16,20,16,15.5,23.9,6,17,59.7,44.8,107.5,111.3,273,233,0,2,1,1,2.49,3.95,2.9,A,0,3
1608,2023-24,2023-10-10,19,16:30,Gtech Community Stadium,14549,Paul Tierney,Overcast,17.4,50,League,Brentford,Everton,Thomas Frank,Sean Dyche,5-4-1,4-1-4-1,attack,defense,bad,good,0,1,1,3,57,18;45+1;85+4,16,15,2,5,12.5,33.3,1.25,3.22,-0.25,-0.22,59.5,40.5,470,335,79.1,83.8,76,20,4,9,,2,-15,7,0,0,0,1,0,1,15,,2,2,0,1,1,0,2,,3,1,16,13,16,7,13,29,11,8,25,13,15,19,28.1,?,6,6,69.1,54.9,105.6,112.5,222,179,1,4,0,0,2.05,4.47,3.45,A,0,3
1197,2022-23,2022-09-13,30,17:30,Selhurst Park,21320,Thomas Bramall,Cloudy,15.1,52,League,Crystal Palace,Tottenham,Oliver Glasner,Ange Postecoglou,,3-5-2,defense,attack,avg,bad,0,0,2,0,,none,12,13,9,5,75.0,38.5,2.39,0.1,-0.39,,37.4,62.6,491,380,80.2,88.6,74,41,10,N/A,2,0,,15,0,0,0,0,0,0,19,17,0,2,0,1,4,,5,7,0,2,15,27,16,10,19,19,11,8,25,12,12,8,32.9,22.1,11,12,60.2,55.9,104.6,118.0,269,155,3,3,2,0,3.11,3.55,2.52,H,3,0
266,2019-20,2020-02-11,16,19:45,Turf Moor,16872,Stuart Attwell,Windy,16.7,64,League,Burnley,Crystal Palace,,Oliver Glasner,4-2-3-1,4-3-3,DEFENSE,defense,average,average,0,1,,1,29;51,36+5,11,15,3,1,27.3,6.7,2.06,0.83,-0.06,0.17,46.1,53.9,564,498,71.7,81.0,45,24,9,6,1,1,,8,0,0,1,0,1,0,18,16,1,1,1,0,0,5,0,1,1,2,28,16,16,nan,11,29,4,2,9,14,10,8,36.8,28.4,13,12,74.3,71.2,108.2,106.7,288,212,2,3,2,1,2.44,5.5,2.45,H,3,0
278,2019-20,2020-02-22,7,15:00,Turf Moor,21278,Simon Hooper,Light Rain,11.3,88,League,Burnley,Aston Villa,Vincent Kompany,Unai Emery,4-3-3,5-4-1,defense,attack,average,average,1,1,2,1,,81,N/A,7,5,1,41.7,,2.9,0.92,-0.9,0.08,38.0,62.0,328,633,75.3,83.8,63,34,10,4,1,1,,20,1,0,1,0,1,0,20,17,1,1,0,0,1,0,0,3,1,2,13,17,10,9,30,25,10,4,24,14,18,5,42.3,,11,10,45.8,58.3,112.5,102.3,152,225,2,5,0,0,2.89,,2.27,H,3,0
269,2019-20,2020-02-13,14,19:45,Stamford Bridge,32288,David Coote,Rainy,17.7,65,Top 4 battle,Chelsea,Crystal Palace,Mauricio Pochettino,Oliver Glasner,4-2-3-1,4-4-2,balanced,defense,Good,good,2,1,2,1,27;82,50,19,10,7,8,36.8,80.0,1.89,1.18,0.11,-0.18,63.2,36.8,587,454,88.9,77.4,31,18,11,3,1,?,?,12.0,0,N/A,0,,0,0,14,9,1,1,1,0,2,3,,5,1,2,15,28,9,8,11,31,9,6,19,18,13,19,34.8,31.6,18,18,54.7,65.4,106.1,103.1,254,246,4,0,0,0,2.0,5.84,3.04,H,3,0
723,2020-21,2021-05-15,31,19:45,Craven Cottage,20637,Simon Hooper,Sunny,15.9,73,League,Fulham,Wolves,Marco Silva,Gary O'Neil,3-5-2,4-1-4-1,balanced,defense,bad,bad,1,0,2,0,33;45,none,9,6,4,6,44.4,100.0,1.89,0.43,0.11,-0.43,47.0,53.0,345,315,85.6,79.8,33,75,11,7,1,0,16,14,0,0,0,0,0,0,17,18,2,1,0,0,5,2,6,2,,2,19,16,13,14,38,12,6,5,20,22,22,21,,27.0,6,12,63.0,61.6,112.6,112.3,173,227,2,2,0,0,2.42,3.47,3.34,H,3,0
1675,2023-24,2023-12-01,33,20:00,City Ground,30148,Simon Hooper,Windy,0.5,72,Top 4 battle,Nottm Forest,Aston Villa,Nuno Espirito Santo,Unai Emery,4-3-2-1,4-1-4-1,defense,attack,average,average,1,2,2,2,22;32,-,nan,16,8,6,100.0,##,1.59,1.72,0.41,0.28,44.7,55.3,647,593,82.4,82.1,57,60,7,5,1,2,19,15,0,0,0,0,0,0,11,10,3,2,0,0,0,1,4,6,2,2,26,17,17,6,31,25,5,3,11,6,5,11,41.8,41.1,7,5,49.6,43.0,111.5,106.8,288,286,2,5,0,0,2.92,3.63,-,D,1,1
1644,2023-24,2023-11-08,24,20:00,Turf Moor,17733,Andy Madley,Foggy,?,75,Top 4 battle,Burnley,Arsenal,Vincent Kompany,Mikel Arteta,4-4-2,4-4-2,,attack,good,bad,0,0,2,2,11;37+3,4;51,17,16,5,3,29.4,18.8,2.37,1.9,-0.37,0.1,32.5,67.5,584,398,75.8,90.0,58,,10,7,0,1,11,7,0,0,0,1,0,1,,15,0,2,0,0,6,0,1,3,2,2,13,19,9,11,40,35,10,3,10,12,8,11,15.3,,15,9,63.4,70.3,110.5,106.1,177,159,,3,2,1.0,4.33,3.53,2.06,D,1,1
1174,2022-23,2022-08-26,29,17:30,Selhurst Park,24860,Michael Oliver,Light Rain,8.6,95,League,Crystal Palace,Brighton,Oliver Glasner,Roberto De Zerbi,5-4-1,4-1-4-1,defense,balanced,bad,bad,0,3,0,3,none,6;39;67,20,15,7,3,35.0,20.0,0.14,3.22,-0.14,-0.22,39.7,60.3,496,360,81.9,,27,52,2,3,0,2,7,17,0,0,0,0,0,0,13,7,4,2,0,0,5,3,,7,3,0,25,14,9,9,,18,12,4,9,18,13,14,,18.6,19,18,71.3,62.7,107.8,107.4,255,221,2,2,1,0,2.54,4.09,2.76,A,0,3
1631,2023-24,2023-10-28,22,16:30,Turf Moor,18958,Andy Madley,Foggy,4.6,89,Relegation 6-pointer,Burnley,Chelsea,Vincent Kompany,Mauricio Pochettino,4-3-2-1,4-3-3,defense,balanced,,bad,0,2,1,2,64,38;60,19,14,2,5,-,35.7,1.22,2.39,-0.22,-0.39,32.3,67.7,613,429,69.9,null,57,48,2,7,0,2,6,13,0,0,1,0,1,0,12,10,,3,0,0,2,0,3,1,2,1,30,,5,12,22,13,2,5,7,17,,15,18.8,27.8,15,18,55.8,52.1,106.3,106.3,,288,5,4,2,1,2.58,8.52,2.02,A,0,3
1660,2023-24,2023-11-18,18,17:30,City Ground,27510,Chris Kavanagh,Foggy,5.8,83,Top 4 battle,Nottm Forest,Chelsea,Nuno Espirito Santo,Mauricio Pochettino,4-1-4-1,4-3-3,defense,balanced,good,good,0,2,1,3,78,72;72;85,15,-1,10,3,66.7,42.9,1.12,2.58,-0.12,0.42,36.6,63.4,510,460,77.4,86.8,44,57,8,7,0,,17,19,0,0,,0,0,0,17,18,1,0,0,0,5,5,0,9,3,-1,19,22,5,8,25,38,12,7,25,15,18,15,15.3,31.4,16,17,52.0,,102.1,113.0,263,155,1,1,0,nan,2.63,4.15,2.64,A,0,3
2045,2020-21,2021-05-12,29,12:30,Emirates Stadium,50634,Anthony Taylor,Sunny,5.2,76,Cup,Arsenal,Newcastle,Mikel Arteta,Eddie Howe,4-3-2-1,3-5-2,attack,defense,average,average,3,0.0,3,2,17;30;33,42;79,17,14,3,6,null,42.9,3.03,2.99,-0.03,-0.99,56.1,43.9%,527,502,86.9,85.3,66,68,6,8,0,2,,19,0,1,0,0,0,0,14,17,0,1,0,0,0,3,4,0,2,3,21,,,5,24,23,3,6,8,20,11,?,39.3,18.2,15,8,60.3,62.2,109.4,107.8,-251,167,1,4,1,1,2.52,4.28,2.7,H,3,0
510,2020-21,2020-12-11,16,20:00,Amex Stadium,26041,Andy Madley,Cloudy,N/A,93,Top 4 battle,Brighton,Newcastle,Roberto De Zerbi,Eddie Howe,4-4-2,5-4-1,balanced,defense,average,average,0,1,2,1,49;88,47,20,12,4,6,20.0,50.0,1.85,1.06,0.15,-0.06,,50.0,636,363,80.3,88.3,34,31,6,5,2,1,17,19,0,0,0,0,0,0,,15,2,3,0,0,6,2,5,2,1,2,12,18,19,17,29,14,12,3,23,8,8,4,30.6,30.6,13,5,46.9,54.8,106.0,111.2,281,283,2,3,0,0,2.42,5.94,2.39,H,3,0
1145,2022-23,2022-08-07,15,19:45,Old Trafford,68204,Jarred Gillett,Sunny,18.3,54,Cup,Manchester United,Nottm Forest,Erik ten Hag,Nuno Espirito Santo,4-2-3-1,4-1-4-1,balanced,defense,bad,good,0,0,2,0,7;16,none,16,15,10,6,62.5,40.0,1.79,0.1,0.21,-0.1,55.4,44.6,671,473,82.1,76.6,51,44,5,4,N/A,0,8,9,0,0,0,0,0,0,10,12,3,1,1,0,nan,0,6,8,0,2,19,24,12,8,22,12,11,5,13,10,N/A,10,22.8,35.0,6,18,62.8,59.0,113.2,105.2,261,250,2,3,3,0,2.51,2.93,3.84,H,3,0
1956,2021-22,2022-03-08,6,17:30,Craven Cottage,24721,Chris Kavanagh,Light Rain,9.4,49,Derby,Fulham,Sheffield United,Marco Silva,Chris Wilder,4-3-2-1,5-4-1,,defense,good,average,2,0,3,0,78;81;88,none,19,8,10,7,52.6,87.5,3.12,0.23,-0.12,-0.23,56.9,43.1,457,639,77.5,74.8,40,67,2,2,0,0,15,17,0,0,2,,0,0,20,20,0,2,0,0,4,5,7,7,0,3,28,20,19,16,28,33,2,5,10,22,16,21,36.1,44.1,6,17,,53.0,113.6,104.6,278,280,1,2,1,0,2.09,,2.83,H,3,0
1090,2021-22,2022-03-31,15,17:30,Turf Moor,19945,Robert Jones,Overcast,9.7,55,Top 4 battle,Burnley,Arsenal,Vincent Kompany,Mikel Arteta,4-3-2-1,3-5-2,defense,attack,good,good,0,0,2,2,40;72,6;52,11,9,3,2,27.3,22.2,2.56,2.02,-0.56,-0.02,33.9,,321,625,74.1,91.2,,42,2,2,0,0,15,14,0,2,1,0,1,0,11.0,20,2,1,0,0,2,2,0,1,2,2,22,12,13,,33,36,10,2,14,15,20,12,24.3,38.9,17,17,65.2,58.7,109.1,107.7,254,239,2,4,0,0,3.64,4.25,##,D,1,1
1435,2022-23,26-02-2023,36,20:00,City Ground,25589,Anthony Taylor,Cloudy,17.0,85,Derby,Nottm Forest,Bournemouth,Nuno Espirito Santo,Andoni Iraola,4-3-2-1,4-3-3,defense,attack,,Good,1,1,1,1,90,42,12,14,4,4,33.3,,1.03,1.4,-0.03,-0.4,56.1,43.9,483,275,78.7,79.5,48,24,5,2,1,1,18,17,0,0,0,0,0,0,18,7,2,2,0,0,4,5,3,3,1,1,11,10,18,15,25,11,,4,7,7,10,13,44.7,34.3,5,13,54.6,47.3,111.4,,274,226,2,4,,nan,2.19,5.11,2.88,D,1,1
526,2020-21,2020-12-26,22,17:30,Gtech Community Stadium,,John Brooks,Cloudy,null,40,League,Brentford,Manchester United,Thomas Frank,Erik ten Hag,4-3-2-1,4-3-3,attack,balanced,average,average,0,3,2,?,16;51,2;16+2;30,10,11,10,3,100.0,27.3,2.46,3.84,-0.46,?,43.0,57.0,385,577,83.8,81.7,46,72,11,N/A,1,1,,11,0,0,0,0,0,0,16,6,0,4,1,0,3,0,0,8,3,2,28,25,7,10,10,20,,6,25,14,7,11,25.3,24.4,16,7,64.3,,106.2,114.7,168,262,5,4,2,0,3.18,2.76,3.1,A,0,3
482,2020-21,2020-11-23,3,14:05,Selhurst Park,20357,Andy Madley,Light Rain,15.6,67,League,Crystal Palace,Newcastle,Oliver Glasner,Eddie Howe,3-4-3,3-4-3,defense,defense,average,good,,2,1,2,15+1,23;69,9,8,2,3,22.2,37.5,0.74,2.62,0.26,-0.62,49.5,50.5,316,283,76.6,84.2,,19,10,1,0,1,17,20,0,0,,0,1,0,10,17,2,0,0,,2,3,1,1,2,1,21,28,15,10,32,32,2,2,17,20,14,14,37.7,33.3,10,5,62.8,48.2,102.4,107.8,224,215,2,4,1,1,2.85,3.64,2.67,A,N/A,3
1569,2023-24,2023-09-14,24,19:45,Craven Cottage,23681,Chris Kavanagh,Foggy,-3.6,87,Top 4 battle,Fulham,Aston Villa,,Unai Emery,5-4-1,4-2-3-1,balanced,attack,average,bad,nan,0,1,2,85,53;81,19,10,9,5,47.4,50.0,1.23,2.4,-0.23,-0.4,54.3,45.7,489,538,76.5,85.1,38,56,11,1,1,0,16,12,0,0,0,0,0,0,13,9,2,4,0,0,2,1,3,8,2,1,17,16,5,8,15,13,3,6,9,17,23,11,25.2,27.1,13,13,45.0,,,97.1,200,155,2,2,1,1,3.06,2.87,3.07,A,0,3
498,2020-21,2020-12-06,22,19:45,Anfield,52170,Andy Madley,Cloudy,7.8,73,Cup,Liverpool,Wolves,Jurgen Klopp,Gary O'Neil,4-2-3-1,4-3-2-1,,defense,average,bad,3,1,5,1,5;7;30;46;49+5,62,17,13,,2,null,15.4,4.98,1.43,0.02,-0.43,59.0,41.0,325,496,91.1,76.3,41,74,10,,0,1,21,14,0,0,1,0,1,0,7,11,3,2,0,0,5,3,1,0,1,5,18,21,9,7,27,20,12,6,6,17,16,22,30.9,31.3,5,10,53.2,61.8,111.4,99.0,nan,207,1,1,0,0,2.15,3.96,3.56,H,3,0
547,2020-21,2021-01-04,35,15:00,Bramall Lane,null,Anthony Taylor,Clear,13.1,60,League,Sheffield United,Manchester United,Chris Wilder,Erik ten Hag,3-4-3,5-4-1,defense,,average,average,0,0,1,0,89+1,none,16,17,5,5,31.2,29.4,1.52,0.1,-0.52,-0.1,31.4,68.6,477,266,73.9,85.4,36,56,7,1,0,0,14,11,0,N/A,0,1,0,0,,13,3,2,0,0,0,4,5,4,0,1,12,28,5,12,39,35,5,10,25,10,13,7,17.6,17.3,11,15,72.5,71.6,100.1,107.9,225,162,3,5,2,1,3.11,5.37,2.03,H,3,0
186,2019-20,2019-12-15,34,19:45,Gtech Community Stadium,15090,?,Foggy,11.6,71,Top 4 battle,Brentford,Sheffield United,Thomas Frank,Chris Wilder,4-1-4-1,5-4-1,attack,defense,good,bad,0,0,4,1,22;24;35;87,55,19,16,7,4,36.8,25.0,3.43,1.7,0.57,-0.7,,40.7,659,540,84.0,75.2,52,39,,3,0,0,6,12,-1,0,2,0,2,0,11,6,1,nan,0,0,3,2,3,3,1,4,22,19,13,14,?,22,5,3,25,18,20,8,38.4,27.6,19,14,56.5,66.6,109.7,104.2,176,220,4,7,2,1,2.17,3.14,4.53,H,3,0
1903,2022-23,2023-01-25,10,15:00,St. James' Park,41206,David Coote,Overcast,15.3,81,Relegation 6-pointer,Newcastle,Liverpool,Eddie Howe,Jurgen Klopp,3-4-3,4-3-3,defense,attack,good,average,0,0,0,3,none,3;4;46,9,14,2,4,22.2,28.6,0.1,2.59,-0.1,0.41,53.4,46.6,465,261,87.2,,53,38,,5,0,2,20,20,0,0,1,1,0,1,19,17,2,2,0,0,5,5,1,2,3,0,?,24,8,15,35,28,,3,23,16,7,14,15.4,39.2,15,13,41.9,49.1,104.1,108.2,183,147,3,2,0,0,3.16,3.83,2.37,A,0,3
2085,2023-24,2024-05-21,6,20:00,Old Trafford,64268,Stuart Attwell,Light Rain,10.7,58,Cup,Manchester United,Chelsea,Erik ten Hag,Mauricio Pochettino,4-1-4-1,4-4-2,balanced,balanced,bad,average,0,0,2,0,,none,20,13,4,6,20.0,46.2,1.34,0.1,0.66,-0.1,51.2,48.8,698,255,88.2,89.0,80,75,9,8,0,0,9,14,0,0,0,0,0,0,16,15,2,3,0,0.0,1,3,6,2,0,2,13,18,19,12,24,16,3,4,24,19,8,6,37.8,19.5,13,8,59.3,52.4,?,111.3,199,182,1,2,1,0,3.06,2.92,3.03,H,3,0
1938,2020-21,2020-10-16,9,16:30,Anfield,53589,John Brooks,Light Rain,9.7,45,Derby,Liverpool,Everton,Jurgen Klopp,Sean Dyche,5-4-1,3-4-3,attack,defense,good,average,1,0,3,0,2;37;87,none,17,17,5,1,29.4,5.9,2.2,0.1,0.8,-0.1,64.3,,499,542,,76.9,33,74,11,2,2,0,18,20,N/A,0,0,0,0,0,20,15,2,-2,0,0,2,1,1,2,0,3,,23,20,15,39,17,6,7,-24,22,8,6,36.7,17.1,7,,67.1,54.4,121.4,107.3,240,233,3,2,0,0,2.59,3.35,3.16,H,3,0
742,2020-21,2021-05-29,36,14:05,Old Trafford,72646,Michael Oliver,Light Rain,2.0,,League,Manchester United,Burnley,Erik ten Hag,Vincent Kompany,4-3-2-1,5-4-1,balanced,defense,good,good,1,0,3,1,40+4;40;56,24,12,11,10,8,83.3,72.7,2.46,1.11,0.54,,69.0,31.0,670,452,84.8,71.1,29,35,7,6,1,0,12,16,?,N/A,,1,0,1,19,6,0,2,0,0,6,4,7,7,1,3,13,13,17,6,13,37,3,7,18,18,21,19,19.4,27.0,17,9,43.3,70.1,110.9,109.7,172,175,2,2,3,0,1.96,5.76,3.17,H,3,0
125,2019-20,2019-11-05,26,15:00,Turf Moor,20386,Jarred Gillett,Rainy,13.2,74,League,Burnley,Wolves,Vincent Kompany,Gary O'Neil,4_3_2_1,3-4-3,defense,defense,AVERAGE,good,0,1,1,3,19,54;76;82,8,17,6,2,75.0,11.8,1.11,3.87,-0.11,-0.87,45.8,54.2,579,375,77.0,76.6,32,52,10,4,0,1,,8,0,0,1,1,1,1,13,9,2,1,0,0,1,4,0,5,3,1,30,28,7,16,25,33,2,2,22,16,14,6,40.6,29.2,12,17,72.4,42.3,105.8,109.6,191,177,4,5,3,0,2.68,3.49,2.94,A,0,3
2018,2019-20,2020-03-02,26,15:00,Vitality Stadium,11015,Andy Madley,Foggy,17.3,80,Derby,Bournemouth,Tottenham,Andoni Iraola,Ange Postecoglou,4-4-2,4-1-4-1,ATTACK,attack,good,average,0,2,1,2,61,35+1;38,17,10,9,3,52.9,30.0,0.81,2.34,0.19,-0.34,37.4,62.6%,694,341,73.3,85.0,37,57,4,1,1,0,16,10,0,0,0,0,0,0,13,9,1,2,1,1,6,4,1,8,2,1,29,20,8,14,39,22,7,5,15,12,14,15,19.2,40.6,18,18,57.5,58.8,109.1,108.7,290,225,1,4,1,0,3.68,3.59,2.23,A,0,3
1768,2023-24,2024-02-01,1,14:05,City Ground,24278,Simon Hooper,Clear,11.9,-,League,Nottm Forest,Manchester United,Nuno Espirito Santo,Erik ten Hag,3-5-2,3-4-3,,balanced,bad,good,2,0,3,,4;44;49,none,20,8,9,7,45.0,87.5,2.01,0.44,0.99,-0.44,35.9,64.1,309,,-,89.8,28,66,7,2,0,0,12,N/A,0,0,1,0,1,,10,9,1,0,0,0,2,1,7,6,0,3,17,27,12,18,39,33,6,10,8,21,,11,20.3,30.4,15,4,58.3,48.9,100.4,110.3,239,156,3,2,1,0,2.66,3.84,2.75,H,3,0
1254,2022-23,2022-10-21,28,14:05,Etihad Stadium,47122,John Brooks,Sunny,-0.6,89,League,Manchester City,Manchester United,Pep Guardiola,Erik ten Hag,3-4-3,4-3-2-1,balanced,balanced,bad,poor,2,0,2,1,11+2;36,56+1,18,8,5,,27.8,75.0,1.56,1.45,0.44,-0.45,53.7,46.3,490,496,91.3,83.7,69,,nan,5,1,?,21,9,0,0,0,0,0,0,13,16,1,2,0,0,3,1,5,3,1,2,12,13,19,17,11,36,7,5,16,14,6,10,15.2,25.0,16,8,42.5,41.4,108.9,102.4,162,155,2,1,1,0,2.62,3.08,3.41,H,3,0
1571,2023-24,2023-09-16,35,20:00,Kenilworth Road,9073,Chris Kavanagh,Foggy,12.2,50,League,Luton Town,Aston Villa,Rob Edwards,Unai Emery,4-3-2-1,5-4-1,defense,attack,bad,average,1,1,3,2,24;66+5;69,,15,14,5,4,33.3,28.6,3.33,2.55,,-0.55,?,54.7,543,352,74.6,86.3,60,75,11,3,0,1,9,8,0,0,2,1,2,1,15,20,3,4,0,0,3,4,2,2,2,3,22,14,5,12,22,9,2,5,7,13,24,16,35.1,18.6,8,7,55.2,65.6,106.5,109.2,164,194,3,4,0,0,3.24,,2.11,H,3,0
2011,2020-21,2020-12-27,19,16:30,Anfield,55298,Simon Hooper,Clear,8.4,68,Derby,Liverpool,Crystal Palace,Jurgen Klopp,Oliver Glasner,4-3-3,5-4-1,attack,defense,,,1,0,3,1,8;82;90+3,28,18,9,10,6,55.6,66.7,2.45,0.77,0.55,0.23,64.2,35.8,432,558,85.8,83.0,65,33,10,7,2,0,6,8,0,0,1,0,1,0,7,11,1,,0,0,0,2,5,7,1,3,17,19,7,13,32,37,5,7,12,6,8,20,26.5,41.5,20,18,44.3,62.9,104.2,102.9,235,274,2,2,1,0,2.43,3.74,3.12,H,3,0
978,2021-22,2022-01-13,13,15:00,Emirates Stadium,60244,Thomas Bramall,Windy,16.4,76,Cup,Arsenal,Brentford,,Thomas Frank,3-4-3,4-3-3,attack,attack,bad,good,3,0,3,1,5;17;83,61,14,10,3,4,21.4,40.0,3.07,1.09,-0.07,-0.09,55.5,44.5,654,476,89.8,77.7,38,27,2,1,0,0,16,19,0,,0,0,0,0,11,19,3,0,0,?,3,1,3,0,1,3,10,16,14,16,21,33,4,3,11,17,24,22,21.6,25.7,17,5,53.4,,103.1,101.8,182,177.0,1,,3,0,2.14,4.17,3.42,H,3,0
1131,2021-22,2022-05-02,15,16:30,Villa Park,41809,Paul Tierney,Sunny,6.3,50,League,Aston Villa,Liverpool,Unai Emery,Jurgen Klopp,4-3-3,,attack,attack,good,average,0,0,1,1,72+3,56,20,6,6,4,30.0,66.7,,1.54,0.22,-0.54,38.3,61.7,549,339,84.4,89.4,31,63,10,8,,1,13,7,1,0,0,0,0,0,16,14,3,2,0,0,2,4,3,5,1,1,13,24,5,14,40,11,7,6,22,6,15,N/A,30.3,26.5,,?,67.0,51.5,104.3,109.0,213,228,?,2,1,1,3.25,3.04,,D,1,1
1975,2020-21,2020-09-18,38,12:30,Tottenham Hotspur Stadium,,Andy Madley,Clear,##,87,Derby,Tottenham,Manchester City,Ange Postecoglou,Pep Guardiola,4-2-3-1,3-4-3,attk,balanced,average,average,2,0,2,1,24;67,29+3,10,10,3,1,30.0,10.0,2.06,1.63,,-0.63,46.9,53.1,670,639,86.9,93.7,80,32,8,,0,1,7,9,N/A,0,0,0,0,0,10,10,4,2,0,0,0,1,0,1,1,2,11,10,14,14,15,nan,5,9,22,15,18,5,36.6,16.3,9,10,61.5,67.0,102.4,110.3,nan,185,5,3,0,0,,3.04,2.73,H,3,0
1078,2021-22,2022-03-24,25,14:05,Molineux Stadium,28046,Stuart Attwell,Cloudy,13.9,64,Relegation 6-pointer,Wolves,Nottm Forest,Gary O'Neil,Nuno Espirito Santo,3-4-3,3-4-3,defense,defense,good,bad,1,1,1,2,39,63;77,20,7,-10,7,50.0,100.0,1.11,2.77,-0.11,-0.77,,42.4,390,374,84.8,77.7,77,49,2,2,1,2,22,18,0,0,0,0,0,0,15,6,2,2,0,0,1,2,-5,9,2,1,24,10,19,15,17,37,9,4,19,16,14,20,25.6,19.1,19,16,62.5,43.2,104.2,104.0,271,282,2,4,3,1,null,6.96,2.59,A,0,3
2061,2023-24,2024-02-27,21,19:45,Turf Moor,20570,David Coote,Rainy,1.7,54,Cup,Burnley,Brentford,Vincent Kompany,Thomas Frank,4-3-2-1,4-2-3-1,defense,attack,good,average,2,2,2,3,59;74,5;16;50,15,13,10,7,66.7,53.8,1.87,2.97,0.13,0.03,47.5,52.5,425,638,72.1,?,52,70,10,,1,2,16,9,0,0,0,1,0,1,18,18,3,0,,0,5,4,4,8,3,2,21,20,20,11,11,22,2,5,12,10,23,12,38.5,37.4,9,9,60.8,null,,103.7,282,223,2,2,1,0,3.82,3.58,2.18,A,0,3
576,2020-21,2021-01-27,10,20:00,Villa Park,37798,Paul Tierney,Cloudy,13.8,48,League,Aston Villa,Tottenham,Unai Emery,Ange Postecoglou,4-4-2,3-4-3,attack,attack,average,bad,0,3,1,3,10,32;36;53,14,13,10,8,71.4,,1.03,3.15,-0.03,-0.15,40.0,60.0,395,454,84.6,87.3,40,21,3,3,,1,7,,0,0,0,0,0,0,6,16,1,3,0,0,4,5,5,9,3,1,16,20,20,7,40,17,11,9,19,19,24,6,38.5,16.9,20,17,40.9,50.7,nan,109.8,290,159,1,3,0,0,2.39,4.32,2.85,A,0,3
1549,2023-24,2023-08-31,12,17:30,Kenilworth Road,9009,Michael Oliver,Sunny,11.2,63,Title race,Luton Town,Arsenal,Rob Edwards,Mikel Arteta,4-1-4-1,4-2-3-1,defense,attack,average,bad,1,2,1,3,84,12+3;70;78,10,16,5,6,50.0,37.5,1.34,3.88,-0.34,-0.88,41.4,58.6,377,361,76.0,93.3,34,39,3,1,1,0,16,9,0,0,0,0,0,0,17,7,3,2,1,0,3,1,3,4,3,1,13,20,12,5,32,26,7,5,5,15,,14,23.3,19.3,20,6,59.7,62.9,110.7,109.5,171,226,2,4,1,0,##,4.91,1.99,A,0,3
1725,2023-24,2024-01-05,16,17:30,Villa Park,33106,Thomas Bramall,Foggy,15.7,46,League,Aston Villa,Crystal Palace,Unai Emery,Oliver Glasner,4-3-3,3-4-3,attack,defense,average,average,2,1,3,1,55;76;77,69,14,10,7,5,50.0,50.0,3.65,1.13,-0.65,-0.13,##,,567,644,88.1,75.6,56,48,6,5,0,1,18,20,0,0,0,nan,0,0,20,18,3,4,0,0,6,4,4,4,,3,23,24,14,5,36,34,4,9,21,17,14,4,36.0,N/A,8,15,55.1,41.0,111.5,112.5,167,286,3,2,,1,2.14,3.73,3.77,H,3,0
1277,2022-23,2022-11-08,4,15:00,Villa Park,34411,Anthony Taylor,Foggy,6.3,51,League,Aston Villa,Fulham,Unai Emery,Marco Silva,4-3-2-1,5-4-1,attack,bal,,bad,2,0,2,0,56;72,,15,7,7,1,46.7,14.3,2.0,0.1,0.0,-0.1,48.0,52.0,497,412,86.4,83.4,80,67,4,6,0,0,10,10.0,0,0,0,0,0,0,10,19,2,0,0,0,0,0,1,nan,,2,21,10,11,9,20,14,11,5,9,21,18,10,34.3,35.3,,13,56.5,70.0,,101.5,183,238,3,2,1,1,2.46,?,3.71,H,,0
829,2021-22,2021-09-29,20,20:00,City Ground,22934,Michael Oliver,Foggy,23.7,90,Title race,Nottm Forest,Arsenal,Nuno Espirito Santo,Mikel Arteta,4-4-2,4-3-2-1,defense,attack,good,bad,1,2,2,3,33;79+4,16;55;76,15,16,9,3,60.0,18.8,2.45,3.64,-0.45,-0.64,?,68.1%,685,384,77.8,86.5,47,69,7,7,1,2,6,8,1,0,1,,1,0,18,15,3,0,0,0,4,2,0,7,3,2,22,11,12,7,16,21,5,3,11,5,6,?,36.8,39.1,19,10,70.5,51.8,101.1,,261,227,,4,3,1,,nan,2.91,A,0,3
1642,2023-24,2023-11-07,37,14:05,St. James' Park,48593x,Chris Kavanagh,Rainy,16.5,47,Title race,Newcastle,Liverpool,Eddie Howe,Jurgen Klopp,4-4-2,4-2-3-1,defense,attk,bad,average,1,3,,4,44,7;15;55;79,8,16,2,5,25.0,31.2x,1.48,4.03,-0.48,-0.03,44.9,55.1,439,548,83.1,88.2,49,57,11,9,1,2,,15,0,0,0,0,0,0,8,6,1,,,0,4,3,1,1,4,1,18,22,15,14,21,12,4,8,24,9,10,16,29.4,32.2,15,10,42.1,45.3,106.5,104.9,174,235,1,4,1,0,,5.24,2.52,A,0,
1198,2022-23,2022-09-17,21,14:05,Stamford Bridge,30651,Anthony Taylor,Overcast,-0.9,95,Top 4 battle,Chelsea,Brentford,Mauricio Pochettino,Thomas Frank,5-4-1,4-3-3,balanced,attack,good,good,1,0,2,1,10;36,2,11,15,4,8,36.4,53.3,1.92,1.4,0.08,-0.4,51.4,48.6,316,366,88.8,83.9,,47,3,2,1,0,13,11,0,0,0,1,0,1,18,20,1,2,0,0,2,3,7,2,,2,22,10,18,5,22,24,,3,10,20,15,22,43.6,31.2,5,7,44.5,52.2,108.3,99.1,177,243,3,4,0,0,2.47,4.6,2.64,H,3,0
1854,2023-24,2024-04-06,3,15:00,City Ground,,Andy Madley,Rainy,0.7,63,Relegation 6-pointer,Nottm Forest,Brentford,Nuno Espirito Santo,Thomas Frank,4-3-2-1,4-4-2,defense,attack,good,bad,0,0,,1,none,81,15,7,,1,13.3,14.3,0.33,1.06,-0.33,-0.06,52.7,47.3,523,408,-,86.0,N/A,42,10,4,0,1,15,15,0,0,1,0,0,0,15,15,,0,0,0,6,2,0,2,1,0,,25,10,17,33,15,4,5,25,6,14,21,16.0,20.1,5,8,72.8,63.1,104.1,113.0,212,141,2,5,0,0,2.25,5.31,2.72,A,0,
1835,2023-24,2024-03-22,24,14:05,St. James' Park,42830,Jarred Gillett,Clear,13.6,83,League,Newcastle,Chelsea,Eddie Howe,Mauricio Pochettino,4-3-2-1,4-3-3,defense,balanced,,good,1,0,2,2,6;29,41;65,8,11,6,7,75.0,63.6,2.26,2.85,-0.26,-0.85,42.3,57.7,468,524,85.2,88.0,24,68,3,,0,1,20,11,0,0,0,1,0,1,7,nan,1,1,0,0,0,3,5,4,2,2,30,12,14,13,12,18,4,9,9,11,17,6,27.7,33.6,5,18,55.2,47.2,106.2,106.3,160,157,1,,1,0,2.51,3.34,3.3,D,1,1
1080,2021-22,2022-03-29,25,17:30,Villa Park,38921,Stuart Attwell,Cloudy,7.9,,League,Aston Villa,Tottenham,Unai Emery,Ange Postecoglou,5-4-1,4-1-4-1,attack,attack,bad,BAD,0,0,1,0,18,none,16,11,5,4,31.2,36.4,1.26,0.43,-0.26,-0.43,46.6,53.4,652,287,85.3,89.3,70,70,10,1,,0,10,16,0,0,1,0,0,0,9,11,1,2,0,1,4,2,4,4,0,1,16,11,16,13,37,nan,?,9,15,9,23,4,39.4,16.8,8,4,69.5,56.5,106.8,,174,284,1,3,1,0,3.15,3.43,2.56,H,3,0
828,2021-22,2021-10-01,4,16:30,Goodison Park,32092,Robert Jones,Foggy,13.3,71,League,Everton,Tottenham,Sean Dyche,Ange Postecoglou,4-4-2,4-3-2-1,defense,attack,bad,good,0,0,0,3,none,5+2;18;30,13,7,7,2,53.8,28.6,0.1,,-0.1,-0.65,45.1,54.9,469,546,83.2,90.2,50,29,6,7,0,2,6,12,0,0,0,1,0,1,20,12,3,1,0,0,0,2,0,7,3,0,20,28,16,8,21,29,6,2,15,8,8,11,41.5,37.3,14,11,52.3,51.0,106.2,114.3,151,274,1,2,2,0,2.72,3.99,2.62,A,0,3
1563,2023-24,2023-09-10,11,16:30,Anfield,47315,John Brooks,Windy,6.7,52,League,Liverpool,Fulham,Jurgen Klopp,Marco Silva,5-4-1,4-4-2,attack,balanced,average,good,1,0,3,1,35;45;76,10,14,-1,5,2,35.7,12.5,2.76,1.24,0.24,-0.24,54.3,45.7,337,453,93.3,83.1,57,52,2,9,1,0,14,12,0,0,0,2,0,1,17,nan,1,2,0,0,0,3,1,2,1,3,22,16,14,8,10,36,4,10,24,13,15,20,40.2,44.4,15,17,nan,57.1,107.1,,206,242,3,2,0,0,2.27,3.33,3.85,H,3,0
566,2020-21,2021-01-22,5,17:30,Stamford Bridge,37491,Thomas Bramall,Windy,5.4,47,League,Chelsea,Burnley,Mauricio Pochettino,Vincent Kompany,3-4-3,3-4-3,balanced,defense,bad,good,2,3,4,3,2;37;52;87,36;70;76,15,6,8,6,53.3,100.0,3.99,2.25,null,0.75,59.3,40.7,433,634,86.9,71.2,80,42,6,?,2,0,8,5,1,0,1,0,1,0,15,,2,2,1,0,0,5,3,4,3,4,14,,16,12,29,8,9,6,25,22,10,8,43.7,31.4,18,4,73.9,,104.6,110.6,264,217,2,5,1,1,2.13,3.92,3.63,H,3,0
225,2019-20,2020-01-15,5,14:05,Old Trafford,73223,Andy Madley,Foggy,12.8,80,League,Manchester United,Bournemouth,Erik ten Hag,Andoni Iraola,3-5-2,4-3-2-1,bal,attack,good,good,2,0,?,3,25;43;50;61;78,36;42+3;58,19,11,4,3,21.1,27.3,6.33,3.7,-1.33,-0.7,52.1,47.9%,413,593,80.3,76.7,62,41,4,8,1,0,,7,1,0,1,1,,1,8,7,,2,0,0,1,2,0,0,3,5,19,13,11,9,22,34,,5,25,11,17,11,22.2,36.6,20,8,70.1,68.9,98.2,109.1,,224,1,3,,0,2.29,4.17,3.08,H,3,0
1523,2023-24,2023-08-15,4,17:30,City Ground,24501,Simon Hooper,Overcast,6.5,42,Top 4 battle,Nottm Forest,Liverpool,Nuno Espirito Santo,Jurgen Klopp,4-1-4-1,4-2-3-1,defense,attack,average,good,0,0,0,3,none,62;79;81,13,8,9,3,69.2,37.5,0.1,,,0.75,43.8,56.2,678,487,81.0,86.1,33,41,5,7,0,1,17,6,0,0,0,,0,0,14,nan,3,0,0,0,6,5,0,9,3,0,24,18,18,15,17,12,9,,16,16,14,18,38.7,28.3,19,6,45.0,##,110.4,105.8,284,201,2,5,2,1,3.86,2.88,,A,0,3
837,2021-22,2021-10-09,7,19:45,St. James' Park,48532,Paul Tierney,Cloudy,21.5,86,Cup,Newcastle,Nottm Forest,Eddie Howe,Nuno Espirito Santo,,4-1-4-1,defense,defense,bad,average,1,0,3,1,,81+3,15,15,10,7,66.7,46.7,3.54,1.05,-0.54,,60.8,39.2,,426,79.8,75.8,58,40,2,3,N/A,1,17,12,0,0,0,0,0,0,14,8,1,0,0,0,1,3,6,7,1,3,24,13,10,14,11,8,7,9,21,10,5,11,37.3,21.0,10,11,53.0,45.3,111.2,108.6,179,-247,0,0,0,0,2.12,4.33,3.37,H,,0
476,2020-21,2020-11-20,33,20:00,Turf Moor,18948,Michael Oliver,Foggy,10.5,69,Relegation 6-pointer,Burnley,Manchester United,Vincent Kompany,Erik ten Hag,4-4-2,4-1-4-1,,balanced,average,Avg,0,0,0,1,none,54,15,14,4,7,26.7,50.0,0.1,1.02,-0.1,-0.02,,67.5,447,320,76.4,83.4,37,62,6,3,0,0,,16,0,0,0,0,0,0,,6,1,4,0,0,4,1,6,4,1,0,18,23,15,10,37,10,7,2,8,18,20,22,,22.4,11,8,64.3,48.7,105.3,101.7,270,155,5,7,0,?,2.83,3.61,N/A,A,0,3
1709,2023-24,2023-12-21,24,16:30,St. James' Park,51867,Andy Madley,Sunny,15.2,,Cup,Newcastle,Aston Villa,Eddie Howe,Unai Emery,3-4-3,4-1-4-1,defense,attack,,average,1,0,1,0,76,none,12,,4,2,33.3,15.4,1.02,0.45,-0.02,-0.45,44.9,55.1,655,583,79.5,87.2,73,?,4,9,1,0,9,18,0,0,0,0,0,,16,12,2,1,,0,4,3,2,3,0,1,25,12,9,10,33,13,6.0,6,5,11,24,13,40.4,26.9,17,15,63.0,61.3,114.3,106.8,,179,1,2,2,0,2.42,3.35,3.47,H,3,0
290,2019-20,2020-03-01,17,15:00,Anfield,55788,David Coote,Overcast,0.5,67,Top 4 battle,Liverpool,Arsenal,Jurgen Klopp,Mikel Arteta,4-3-2-1,3-4-3,attack,attack,bad,bad,0,0,4,1,4;36;57;85,70,,8,4,4,21.1,50.0,4.53,,-0.53x,0.2,46.4,53.6,,452,92.1,92.5,27,18,11,8,1,0,16,7,1,0,0,0,,0,10,11,4,1,0,1,6,2,3,0,,4,12,27,13,14,31,13,2,3,10,15,7,9,40.9,34.5,,10,69.4,67.7,107.9,110.2,228,203,3,2,0,0,2.15,8.42,2.4,H,3,0
914,2021-22,2021-11-29,10,17:30,Goodison Park,?,Michael Oliver,Windy,,50,Cup,Everton,Arsenal,Sean Dyche,Mikel Arteta,4-3-2-1,4-3-3,defense,attack,good,bad,2,0,3,2,3;79;84,6;29+4,16,15,3,6,18.8,40.0,3.87,1.91,-0.87,0.09,43.3,56.7,483,605,81.3,89.6,48,64,9,7,2,2,21,12,1,2,1,0,1,0,13,10,1,1,0,0,0,5,4,0,2,3,15,20,12,12,18,23,5,6,17,20,9,20,21.4,44.6,12,9,69.4,67.2,113.2,101.8,165,288,,2,0,0,2.92,3.61,,H,3,0
578,2020-21,2021-01-26,13,20:00,Kenilworth Road,8120,Thomas Bramall,Light Rain,11.3,85,League,Luton Town,West Ham,Rob Edwards,David Moyes,4-3-2-1,4-1-4-1,defense,defense,good,average,0,N/A,0,3,none,56;72;84,12,-2,9,7,75.0,63.6,0.1,2.46,-0.1,0.54,45.3,54.7,303,625,71.5,79.7,49,65,8,3,0,1,17,5,0,1,0,0,0,0,18,,-2,2,,0,5,1,4,9,3,0,26,26,14,10,35,18,2,N/A,15,5,7,21,17.6,43.8,17,10,45.9,51.7,108.7,105.9,233,175,1,7,0,0,2.77,3.52,2.82,A,0,
1368,2022-23,2023-01-16,7,14:05,Molineux Stadium,28108,nan,Rainy,18.0,54,Relegation 6-pointer,Wolves,Liverpool,Gary O'Neil,Jurgen Klopp,4-2-3-1,4-3-2-1,defense,attack,good,average,0,2,2,3,30;90,19+1;82;85,12,15,2,,16.7,33.3,2.63,3.36,-0.63,-0.36,42.8,57.2,,636,75.7,85.0,63,48,8,9,0,2,22,10,1,0,0,0,0,0,6,9,1,1,0,0,0,5,2,0,3,2,17,15,19,16,14,34,9,8,12,17,12,21,27.2,?,17,17,63.6,46.9,109.9,105.4,292,203,2,3,1,0,3.45,3.33,2.44,A,0,3
750,2020-21,2021-06-04,3,19:45,City Ground,26829,Simon Hooper,Light Rain,13.5,,Title race,Nottm Forest,Bournemouth,Nuno Espirito Santo,Andoni Iraola,4-4-2,3-4-3,defense,attack,bad,good,1,0,1,1,55,5,17,11,9,2,52.9,18.2,0.44,0.69,0.56,0.31,47.5,52.5,604,434,75.1,75.6,77,65,3,6,0,0,12,12,1,0,0,0,0,nan,16,19,1,3,0,0,0,0,1,8,1,1,20,17,12,11,31,30,11,6,5,11,25,4,26.3,19.1,11,15,47.3,51.1,109.7,101.1,254,248,4,6,0,0,2.9,3.08,3.03,D,1,1
590,2020-21,2021-02-04,11,20:00,Villa Park,38243,Simon Hooper,Light Rain,4.7,90,Top 4 battle,Aston Villa,Arsenal,Unai Emery,,3-4-3,5-4-1,attack,attack,average,bad,3,0,3,0,16;16;29,none,9,8,5,5,55.6,,3.8,0.49,-0.8,,41.1,58.9,573,479,86.1,88.0,38,50,4,7,0,0,9,6,0,0,0,0,0,0,11,13,2,2,1,0,2,5,5,2,0,3,,14,18,5,26,25,9,2,5,7,8,5,25.5,32.9,19,13,74.1,60.9,105.5,108.9,156,194,5,,0,0,2.72,3.38,2.97,H,3,0
964,2021-22,2022-01-03,26,12:30,Turf Moor,19342,John Brooks,Overcast,16.6,50,League,Burnley,Everton,Vincent Kompany,Sean Dyche,4-2-3-1,4-3-2-1,defense,defense,,average,1,0,2,3,3;11,1;6+1;15,10,7,8,7,80.0,100.0,2.49,2.69,,0.31,,53.7,536,368,73.2,80.8,36,24,6,5,1,0,13,19,0,0,2,1,0,1,16,14,1,0,0,,0,4,4,6,3,2,17,15,12,11,18,9,10,8,23,12,18,11,43.4,35.6,6,5,63.8,40.8,110.2,104.9,274,224,3,1,2,,2.89,3.7,2.6,A,N/A,3
2039,2020-21,2021-02-02,18,20:00,Emirates Stadium,57625,Robert Jones,Overcast,9.6,77,Relegation 6-pointer,Arsenal,Brentford,Mikel Arteta,Thomas Frank,5-4-1,3-5-2,attack,attack,average,good,1,0,2,1,17;53,13,18,12,7,8,38.9,66.7,2.09,1.14,-0.09,-0.14,61.9,38.1,626,586,90.9,83.2,,36,3,1,2,1,19,12,1,0,0,0,0,0,15,,2,3,0,0,-1,0,7,5,1,2,14,23,20,9,,28,9,8,17,19,5,?,42.3,41.6,6,8,47.7,,115.7,95.8,293,218,2,4,0,0,2.52,3.45,3.19,H,,0
760,2020-21,2021-06-05,8,16:30,Stamford Bridge,34025,Simon Hooper,Rainy,12.7,60,League,Chelsea,Tottenham,Mauricio Pochettino,Ange Postecoglou,3-4-3,4-1-4-1,balanced,attack,average,average,1,0,3,0,8;29+3;44,none,11,11,,7,27.3,63.6,2.81,0.3,0.19,-0.3,55.7,44.3,356,586,84.7,81.1,61,75,11,1,2,0,N/A,17,,0,0,0,0,0,15,7,2,2,0,0,4,1,7,0,0,3,14,25,8,7,29,21,9,4,15,13,13,8,24.3,27.6,16,11,74.2,59.1,107.5,106.8,250,199,3,2,2,1,2.1,4.35,3.41,H,3,0
1109,2021-22,2022-04-14,13,14:05,Craven Cottage,24068,Robert Jones,Sunny,21.0,84,Derby,Fulham,Arsenal,Marco Silva,Mikel Arteta,4-3-2-1,4-4-2,balanced,attack,good,average,0,0,0,3,none,57;71+3;86+1,15,6,4,2,26.7,33.3,0.1,2.92,-0.1,0.08,40.4,59.6,349,322,85.1,89.5,,58,4,6,,1,21,14,0,0,0,1,0,1,20,12,0,0,0,0,4,2,0,4,3,0,18,25,15,15,29,8,7,9,8,12,24,14,33.5,29.2,18,8,69.3,54.8,105.1,102.1,229,179,2,2,1,1,2.91,3.08,3.02,A,0,3
1531,2023-24,2023-08-15,35,15:00,Stamford Bridge,39135,John Brooks,Windy,21.6,90,League,Chelsea,Wolves,Mauricio Pochettino,Gary O'Neil,3-4-3,4-3-3,balanced,defense,good,average,0,0,0,2,none,20+3;46,14,11,2,2,14.3,18.2,0.1,1.9,-0.1,0.1,55.9,44.1,327,565,85.1,75.4,78,28,8,5,0,,22,17,N/A,0,0,1,0,1,15,13,1,0,0,0,3,2,0,2,2,0,17,22,13,14,,8,5,7,8,15,24,6,42.6,29.6,10,15,,43.3,105.4,,155,202,0,1,0,0,2.28,5.55,2.62,A,0,3
1347,2022-23,2022-12-27,2,19:45,Amex Stadium,26000,Anthony Taylor,Overcast,6.9,91,League,Brighton,Luton Town,Roberto De Zerbi,Rob Edwards,,3-5-2,bal,defense,average,average,1,0,4,0,2;24;59;88+3,none,15,7,7,6,46.7,85.7,4.81,0.1,-0.81,-0.1,63.7,36.3,649,332,80.3,72.6,28,74,7,8,0,0,20,10,0,0,2,0,1,0,18,15,2,2,1,0,2,3,6,3,0,4,,14,12,6,34,29,10,2,11,7,14,13,38.2,23.3,20,5,,70.9,109.1,105.7,265,256,0,2,1,0,2.24,4.38,3.08,H,3,0
2033,2019-20,2019-09-25,12,16:30,Bramall Lane,25599,Thomas Bramall,Rainy,13.2,90,Cup,Sheffield United,Chelsea,Chris Wilder,Mauricio Pochettino,3-4-3,4-3-2-1,defense,balanced,bad,average,1,1,2,1,54;87,77,20,13,9,8,45.0,61.5,2.0,1.72,0.0,-0.72,35.5,64.5,355,462,74.1,81.3,67,64,7,4,1,,16,12,0,0,1,nan,1,0,15,10,2,2,0,0,1,5,7,7,1,2,26,15,7,16,27,,10,,25,5,23,7,25.9,34.4,14,5,40.0,54.0,102.8,106.1,253,217,0,3,0,0,2.68,,2.26,H,3,0
274,2019-20,2020-02-20,38,19:45,Gtech Community Stadium,14847,Thomas Bramall,Overcast,21.8,95,League,Brentford,Brighton,Thomas Frank,Roberto De Zerbi,4-4-2,4-3-2-1,ATTACK,balanced,average,average,3,0,4,0,13;20;23;85+4,none,15,16,4,5,26.7,31.2,4.2,0.35,-0.2,nan,46.5,53.5,674,277,78.4,79.4,,61,7,8,2,0,22,13,0,0,0,0,0,0,8,16,4,1,0,0,2,0,5,0,0,4,17,23,N/A,7,31,12,10,3,21,13,17,19,41.4,nan,5,16,68.9,68.7,106.4,109.6,236,272,2,4,0,0,2.3,6.08,2.49,H,3,0
1851,2023-24,2024-04-04,10,20:00,Old Trafford,61168,Michael Oliver,Clear,14.5,87,Cup,Manchester United,Brentford,Erik ten Hag,Thomas Frank,4-3-3,4-4-2,balanced,attack,bad,good,0,1,0,1,none,48,14,15,3,1,21.4,6.7,,1.44,-0.1,-0.44,47.5,52.5,616,398,84.0,82.3,74,N/A,9,8,0,1,12,N/A,0,0,0,0,0,0,9,14,1,2,0,0,1,0,0,3,1,0,11,28,13,7,28,32,11,9,14,12,5,13,37.4,,13,7,42.1,57.1,110.6,113.8,240,285,3,0,1,0,2.61,2.89,3.69,A,0,3
1379,2022-23,2023-01-21,31,19:45,London Stadium,46944,David Coote,Windy,13.8,89,League,West Ham,Tottenham,David Moyes,Ange Postecoglou,4-3-2-1,4-4-2,defense,attack,avg,,0,2,1,2,52,15;78+3,,10,9,2,81.8,20.0,1.1,2.35,-0.1,-0.35,40.7,59.3,633,405,83.9,89.7,74,67,3,6,0,1,6,18,0,0,1,0,1,0,19,16,1,?,0,0,5,4,0,8,2,1,19,24,9,11,36,36,7,10,20,15,22,22,39.4,21.1,,18,54.3,54.5,107.9,106.7,188,198,0,3,0,0,2.83,4.92,,A,0,3
873,2021-22,2021-11-01,34,17:30,St. James' Park,44086,Robert Jones,Clear,13.0,70,Top 4 battle,Newcastle,Tottenham,,Ange Postecoglou,3-5-2,4-2-3-1,defense,attack,bad,good,0,0,2,0,1;57+3,none,17,12,6,4,35.3,33.3,2.02,0.3,-0.02,-0.3,54.0,46.0,449,552,84.9,89.4,47,65,3,,1,0,14,16,0,0,,0,0,0,19,15,2,1,0,1,5,1,4,4,0,2,11,22,7,17,30,17,11,9,19,9,5,11,23.5,26.4x,5,9,54.3,53.6,105.9,110.9,223,197,2,3,1,0,2.75,3.86,,H,3,N/A
112,2019-20,2019-10-29,37,15:00,Selhurst Park,24946,Robert Jones,Sunny,3.6,50,League,Crystal Palace,Chelsea,Oliver Glasner,Mauricio Pochettino,,4-1-4-1,defense,balanced,bad,average,0,0,0,1,none,16,15,11,10,,66.7,36.4,,1.32,-0.1,-0.32,37.1,62.9,499,507,79.5,90.4,26,61,6,1,0,0,8,,0,1,0,0,0,0,14,8,3,1,0,0,0,0,3,10,1,0,21,27,5,5,40,10,5,6,8,16,20,,24.0,27.4,17,15,40.7,56.7,114.1,106.5,164,181,3,1,0,0,null,7.96,2.32,A,0,3
1176,2022-23,2022-09-01,24,20:00,Vitality Stadium,10254,Chris Kavanagh,Overcast,7.3,45,Relegation 6-pointer,Bournemouth,Newcastle,Andoni Iraola,Eddie Howe,4-3-2-1,3-4-3,attack,defense,bad,bad,0.0,0,1,2,24,6;60,11,7,6,,54.5,28.6,1.49,2.55,-0.49,-0.55,48.4,51.6,541,,##,85.7,71,74,4,5,1,0,14,12,0,0,0,0,0,0,6,17,0,2,1,0,0,5,0,5,2,,21,,18,13,32,16,9,7,14,7,6,13,25.1,43.9,12,7,74.0,51.6,111.2,107.3,252,185,4,1,2,0,2.38,4.51,2.79,A,0,3
1760,2023-24,2024-01-30,34,17:30,Gtech Community Stadium,13748,Chris Kavanagh,Light Rain,13.8,54,League,Brentford,West Ham,Thomas Frank,David Moyes,5-4-1,4-4-2,attack,defense,good,average,1,0,3,1,10;38;76,81,12,16,7,7,58.3,43.8,,1.27,0.66,-0.27,49.1,50.9,691,437,77.6,82.7,,70,11,7,2,,18,18,1,0,1,0,1,,10,14,1,2,0,0,0,4,6,4,1,3,12,26,19,18,26,nan,5,10,5,9,19,15,43.6,24.5,10,7,55.1,42.7,109.3,110.9,157,213,2,2,2,1,2.93,3.36,2.76,H,3,0
201,2019-20,2019-12-27,38,15:00,Molineux Stadium,27298,Chris Kavanagh,Clear,7.6,68,League,Wolves,Crystal Palace,Gary O'Neil,,4-2-3-1,3-4-3,defense,,good,average,0,0,1,0,9,none,14,10,7,,50.0,30.0,,0.1,0.03,-0.1,48.9,51.1,470,354,78.7,75.4,41,52,4,6,1,0,12,6,0,0,0,0,0,0,6,13,3,-2,0,0,2,3,3,6,0,1,22,20,19,5,15,13,3,8,8,10,14,10,37.8,15.7,17,10,51.1,54.6,107.4,110.8,201,279,2,6,2,0,3.0,3.82,2.47,H,3,0
721,2020-21,2021-05-14,13,20:00,Bramall Lane,28205,Paul Tierney,Foggy,13.0,56,League,Sheffield United,Crystal Palace,Chris Wilder,Oliver Glasner,4-2-3-1,5-4-1,def,defense,good,bad,0,1,1,1,55,68,nan,8,N/A,3,75.0,37.5,0.96,0.83,0.04,0.17,46.3,53.7,N/A,438,69.4,75.8,43,75,7,7,0,1,19,14,0,0,0,0,0,0,8,14,3,2,0,0,4,5,2,5,1,1,17,15,12,14,19,30,12,7,25,8,17,21,19.8,41.8,15,7,55.6,62.6,113.5,109.2,171,162,2,5,1,0,3.76,3.66,2.17,D,,1
66,2019-20,2019-09-27,2,15:00,Kenilworth Road,10307,Michael Oliver,Windy,11.8,89,Top 4 battle,Luton Town,Bournemouth,Rob Edwards,Andoni Iraola,,4-4-2,defense,attack,bad,,1,0,1,2,48x,36;78+5,8,10,6,7,75.0,70.0,,1.83,0.48,0.17,48.9,51.1,476,480,76.2,79.2,44,62,10,4,1,1,15,8,1,0,0,1,0,1,11,10,1,2,,1,4,,5,5,2,1,19,20,8,15,nan,36,12,6,19,7,13,4,31.0,16.2,20,5,58.7,66.9,109.3,108.7,260,145,5,2,1,0,2.41,4.61,2.72,A,0,3
1370,2022-23,2023-01-17,38,17:30,Kenilworth Road,9124,Simon Hooper,Rainy,16.1,92,League,Luton Town,Newcastle,Rob Edwards,Eddie Howe,4-2-3-1,,,def,average,average,0,0,0,2,none,32;82+4,13,7,10,-1,76.9,,nan,2.12,-0.19,,42.3,57.7,,598,73.4,81.7,39,30,2,5,0,0,13,8,0,0,,2,0,2,19,18,2,1,0,,5,4,0,10,2,0,29,26,6,15,40,24,8,,11,14,14,17,20.7,19.7,5,16,55.7,57.0,113.4,103.6,226,185,2,0,0,0,-,##,2.11,A,0,3
80,2019-20,2019-10-02,35,14:05,Anfield,51944,John Brooks,Foggy,12.7,,Relegation 6-pointer,Liverpool,Wolves,,Gary O'Neil,4-1-4-1,5-4-1,,defense,good,good,0,0,3,1,34+4;40;82,40,8,7,7,6,87.5,85.7,2.18,1.24,0.82,?,53.7,46.3,562,,87.7,75.5,32,42,2,3,2,0,18,16,0,0,0,1,0,1,16,14,0,1,0,1,2,4,5,4,1,,17,20,10,16,38,24,8,8,10,21,18,14,30.6,37.8,10,5,46.4,55.6,97.8,111.3,182,268,0,3,1,?,2.31,3.37,3.7,H,3,0
2002,2022-23,2023-01-12,20,12:30,Turf Moor,20130,Michael Oliver,Foggy,18.0,92,Cup,Burnley,Chelsea,Vincent Kompany,Mauricio Pochettino,4-3-2-1,4-3-2-1,defense,BALANCED,bad,good,0.0,1,0,4,none,22;41;50;74,12,12,7,6,58.3,50.0,0.1,4.46,-0.1,-0.46,32.9,67.1,465,498,70.3,83.2,37,45,4,8,0,2,16,10,0,?,0,1,0,1,17,17,1,2,0,,0,4,2,7,4,0,28,16,12,13,36,23,,4,10,10,10,14,16.4,43.0,16,10,,58.4,105.9,102.5,177,188,2,2,0,0,2.8,4.68,2.33,A,0,3
563,2020-21,2021-01-20,4,19:45,Craven Cottage,23183,Jarred Gillett,Sunny,11.8,94,Cup,Fulham,Everton,Marco Silva,Sean Dyche,4-2-3-1,4-2-3-1,balanced,defense,average,average,1,0,2,2,6;32,20;24,15,8,3,6,20.0,75.0,2.47,,-0.47,-0.03,55.7,44.3,597,384,77.5,78.4,45,N/A,,7,1,1,20,5,0,nan,1,1,0,1,13,9,2,1,1,1,6,0,4,1,2,2,14,26,20,18,16,11,5,6,5,16,24,15,16.7,22.3,10,7,63.5,67.8,105.8,112.2,194,255,0,2,1,0,2.08,8.93,2.46,D,1,1
530,2020-21,2020-12-26,30,19:45,City Ground,27833,Simon Hooper,Windy,13.0,52,Relegation 6-pointer,Nottm Forest,Arsenal,Nuno Espirito Santo,Mikel Arteta,3-5-2,4-4-2,defense,attack,,bad,0,3,0,3,none,23;68;88,15,9,3,6,20.0,66.7,0.1,2.66,-0.1,0.34,45.7,54.3,,262,75.7,90.4,72,51,2,1,0,1,12,20,0,0,1,0,0,0,8,8,2,2,0,0,0,5,3,3,3,0,11,20,20,9,28,8,11,6,14,8,12,4,25.8,36.1,11,5,51.2,,103.9,105.1,292,184,0,7,0,0,3.06,4.22,2.29,A,0,3
554,2020-21,2021-01-14,34,12:30,Tottenham Hotspur Stadium,60561,Chris Kavanagh,Rainy,0.6,44,Derby,Tottenham,Liverpool,Ange Postecoglou,Jurgen Klopp,3-5-2,5-4-1,attack,attack,good,good,0,1,0,2,none,9;31,20,9,9,2,45.0,22.2,0.13,2.39,-0.13,-0.39,40.8,59.2,,496,88.8,85.6,36,67,8,1,0,1,21,16,0,1,0,0,0,0,12,16,3,2,0,0,6,0,0,9,2,0,29,12,17,15,23,23,?,4,13,7,,18,38.3,34.6,17,11,68.6,71.1,106.4,104.2,261,153,3,3,0,0,2.63,3.96,2.72,A,0,3
1615,2023-24,2023-10-13,7,12:30,Amex Stadium,24349,Paul Tierney,Light Rain,9.0,61,League,Brighton,Manchester United,Roberto De Zerbi,Erik ten Hag,,4-1-4-1,balanced,balanced,Avg,average,1,0,2,1,9;50,59,14,-2,3,1,21.4,16.7,2.93,0.54,-0.93,0.46,48.1,51.9,407,480,88.6,84.6,48,39,2,5,2,1,14,13,1,0,0,0,0,0,12,17,2,,0,0,2,5,0,1,1,2,25,10,13,9,26,9,3,9,,20,16,12,38.5,40.9,12,14,69.1,56.6,107.3,110.0,296,267,2,4,0,0,2.81,3.63,2.71,H,3,0
88,2019-20,2019-10-12,15,12:30,St. James' Park,42337,Andy Madley,Cloudy,,41,Top 4 battle,Newcastle,Luton Town,Eddie Howe,Rob Edwards,4-3-2-1,4-3-2-1,def,defense,bad,AVERAGE,2,0,2,0,18;39,none,14,8,2,7,14.3,87.5,2.86,0.15,-0.86,-0.15,55.6,44.4,601,412,83.1,72.9,26,71,10,3,2,0,12,15,1,0,0,0,0,0,,10,3,2,0,0,0,5,7,0,0,2,20,22,17,12,34,31,9,7,16,7,13,21,17.3,22.2,13,17,63.7,58.3,,104.5,270,207,1,3,0,0,1.99,5.3,3.23,H,,0
1342,2022-23,2022-12-26,9,17:30,Etihad Stadium,51781,Chris Kavanagh,Windy,7.5,83,Title race,Manchester City,Liverpool,Pep Guardiola,Jurgen Klopp,3-4-3,4-4-2,balanced,,average,bad,0,0,1,1,40,19,12,14,,4,16.7,28.6,0.89,1.22,0.11,-0.22,48.3,51.7,413,635,91.2,86.8,50,41,2,3,0,1,19,16,0,0,,0,0,0,6,20,1,1,0,0,2,5,3,1,1,1,19,28,20,5,38,37,12,8,7,20,22,18,44.0,43.9,5,8,71.8,,104.0,95.7,,265,0,3,1,1,2.51,3.85,2.93,D,1,1
316,2019-20,18-03-2020,11,12:30,Craven Cottage,25075,Andy Madley,Rainy,-1.2,78,Relegation 6-pointer,Fulham,Brentford,Marco Silva,Thomas Frank,3-4-3,4-1-4-1,balanced,attack,good,average,1,1,1,2,71,19+4;67,19,17,4,3,##,17.6,1.17,2.36,-0.17,-0.36,47.0,53.0,649,377,79.4,84.3,67,31,4,8,0,2,17,5,0,0,0,0,nan,0,9,nan,1,2,0,0,1,0,1,3,2,1,28,14,10,12,21,25,7,,19,6,N/A,21,37.5,22.8,5,16,44.7,64.6,106.6,112.5,243,146,0,3,0,0,2.8,3.14,3.08,A,0,3
156,2019-20,2019-11-25,8,15:00,London Stadium,52510,Jarred Gillett,Light Rain,5.3,?,League,West Ham,Everton,David Moyes,Sean Dyche,3-4-3,4-3-2-1,defense,defense,poor,average,0,0,1,,82,47+2;73,-3,13,2,6,11.8,46.2,1.19,2.17,-0.19,-0.17,,41.5,622,513,77.8,80.3,28,28,5,8,1,0,7,13,0,0,0,0,0,0,,19,1,0,0,0,3,4,4,1,2,1,12,27,14,7,11,11,7,4,13,7,20,11,22.7,17.7,8,4,41.6,57.1,110.7,107.1,275,?,1,3,3,1,2.16,3.88,3.57,A,0,3
900,2021-22,2021-11-17,4,14:05,Old Trafford,59103,Jarred Gillett,Windy,13.0,63,Derby,Manchester United,Nottm Forest,Erik ten Hag,Nuno Espirito Santo,4-3-3,3-4-3,balanced,defense,average,good,3,0,3,0,12;41;76,none,9,16,3,4,33.3,25.0,2.38,0.41,0.62,-0.41,,46.4,540,265,,82.0,63,37,7,9,2,0,13,17,0,N/A,0,0,0,,19,14,3,0,0,0,6,3,,0,0,3,23,24,17,18,36,25,3,7,6,19,5,5,25.7,43.8,9,12,42.0,51.7,109.1,107.7,213,144,2,5,2,1,2.36,4.33,2.9,H,3,0
1256,2022-23,2022-10-25,17,16:30,Kenilworth Road,9925,Jarred Gillett,Clear,0.4,88,Cup,Luton Town,Manchester United,Rob Edwards,Erik ten Hag,4-4-2,3-5-2,,balanced,good,good,1,0,2,2,75;88,2;58,10,6,4,4,40.0,66.7,1.84,1.35,0.16,0.65,44.3,55.7,339,482,71.8,80.8,55,51,4,8,0,1,22,19,0,0,0,0,0,0,7,13,1,4,N/A,0,5,4,2,2,2,2,23,24,11,15,11,24,9,9,7,12,25,9,16.9,31.8,10,12,58.2,44.6,106.3,106.7,295,161,1,1,2,0,2.68,6.32,2.13,D,1,1
310,2019-20,2020-03-17,34,20:00,Bramall Lane,27386,Stuart Attwell,Clear,19.4,92,Title race,Sheffield United,Nottm Forest,Chris Wilder,Nuno Espirito Santo,4-1-4-1,3-4-3,def,defense,,avg,N/A,1,0,2,none,34;87,12,12,5,6,41.7,50.0,0.44,2.37,-0.44,-0.37,38.9,61.1,478,570,73.0,79.0,65,49,11,5,0,1,6,19,0,0,0,1,0,,12,,1,,0,0,3,4,4,5,2,0,28,,20,13,13,32,4,4,20,8,21,14,21.2,16.3,7,16,69.2,,108.9,105.8,244,173,3,5,3,0,2.9,3.76,?,A,0,3
849,2021-22,2021-10-14,8,14:05,Molineux Stadium,27253,John Brooks,Overcast,11.3,78,League,Wolves,Sheffield United,Gary O'Neil,Chris Wilder,,4-3-3,defense,defense,average,bad,1,0,4,0,14;30;50;66,none,17,6,9,6,-,100.0,5.1,0.24,-1.1,,,43.3,516,604,79.2,76.7,37,36,5,3,2,0,19,13,0,0,0,0,0,0,13,N/A,2,2,0.0,1,6,3,6,-5,0,4,19,20,20,18,19,23,12,4,20,5,16,16,41.1,39.3,15,9,53.8,69.2,,103.9,N/A,181,5,2,1,1,2.45,4.24,2.81,H,3,0
1475,2022-23,2023-03-27,10,12:30,Anfield,49310,null,Clear,25.5,48,League,Liverpool,Everton,Jurgen Klopp,Sean Dyche,5-4-1,4-3-2-1,attack,def,Avg,average,0,1,3,2,38;55;64,4+2;85,18,10,7,7,38.9,70.0,3.79,1.89,-0.79,0.11,63.3,36.7,541,517,88.0,75.8,45,55,4,8,1,1,18,10,0,0,1,1,1,1,17,9,,4,0,0,?,0,5,4,2,3,10,20,18,8,30,22,7,3,N/A,9,23,14,29.7,20.6,6,13,50.1,64.3,107.7,114.3,,255,5,3,2,1,2.1,3.98,3.66,H,3,0
456,2020-21,2020-11-02,27,19:45,St. James' Park,44313,Chris Kavanagh,Clear,9.5,64,Top 4 battle,Newcastle,Fulham,Eddie Howe,Marco Silva,4-3-2-1,4-2-3-1,defense,balanced,avg,good,0,1,2,,9;83,88,18,9,5,1,27.8,11.1,2.72,1.14,-0.72,-0.14,49.4,50.6,441,632,88.6,76.2,59,71,4,3,2,1,15,19,0,0,0,0,0,0,13,14,3,1,0,,0,3,0,3,1,2,13,14,17,18,27,31,8,4,22,6,11,,42.9,,11,9,72.3,53.6,110.0,109.8,256,144,1,4,0,0,2.2,4.34,3.18,H,3,0
1405,2022-23,2023-02-06,23,20:00,London Stadium,56654,Jarred Gillett,Rainy,15.5,53,League,West Ham,Luton Town,David Moyes,Rob Edwards,3-5-2,3-5-2,defense,defense,average,average,2,0,2,0,64;66,none,15,6,8,5,53.3,83.3,1.51,0.29,0.49,-0.29,66.5,33.5,403,310,81.9,73.5,60,-62,10,9,0,0,17,8,0,0,0,0,0,0,14,12,1,,0,0,,3,5,6,0,2,21,12,10,16,21,22,10,7,19,22,6,20,,31.4,20,18,55.5,null,,112.9,243,237,3,3,1,nan,2.52,-,2.81,H,3,0
273,2019-20,2020-02-18,22,20:00,London Stadium,59513,Thomas Bramall,Sunny,26.4,88,League,West Ham,Newcastle,David Moyes,Eddie Howe,4-3-3,4-3-2-1,defense,defense,,average,1,0,1,0,54,none,18,7,4,7,22.2,100.0,1.49,0.27,-0.49,-0.27,45.3,54.7,572,,84.9,83.3,47,59,11,5,0,0,19,11,0,0,0,0,0,0,12,20,2,2,0.0,0,6,2,7,3,0,1,26,22,19,5,,11,12,7,12,8,7,,28.0,30.2,19,12,48.7,45.7,97.8,106.0,193,155,5,2,1,0,2.18,6.46,2.58,H,3,0
925,2021-22,2021-12-10,38,14:05,Gtech Community Stadium,13563,Thomas Bramall,Windy,12.5,92,Top 4 battle,Brentford,Tottenham,Thomas Frank,Ange Postecoglou,4-2-3-1,4-2-3-1,,attack,good,bad,0,0,1,2,,28;30+1,19,10,4,6,,60.0,1.3,1.65,-0.3,0.35,47.0,53.0,642,333,83.0,nan,70,27,8,6,1,0,11,5,1,0,0,2,,2,11,6,1,1,?,0,3,3,4,3,2,1,20,21,18,15,39,13,3,9,16,13,25,12,40.2,15.6,20,17,48.8,60.0,107.3,118.5,290,N/A,3,1,1,1,2.6,5.01,2.41,A,0,3
688,2020-21,2021-04-18,21,17:30,Stamford Bridge,37770,Andy Madley,Foggy,10.6,52,Top 4 battle,Chelsea,Bournemouth,Mauricio Pochettino,Andoni Iraola,4-3-3,4-2-3-1,balanced,ATTACK,good,average,3,0,3,0,42;53;88,none,10,8,6,8,null,100.0,2.5,0.14,0.5,-0.14,63.0,37.0,529,538,84.8,77.4,27,54,8,4,1,0,?,11,0,0,0,0,0,0,15,,?,0,,0,6,4,8,3,,3,28,,7,6,30,28,3,3,8,9,24,10,42.4,35.1,16,16,72.1,62.3,109.2,102.3,283,220,4,3,0,0,2.17,3.36,4.13,H,3,0
1888,2023-24,2024-04-26,18,17:30,Molineux Stadium,29097,Chris Kavanagh,Clear,23.1,95,League,Wolves,Everton,Gary O'Neil,Sean Dyche,3-4-3,3_4_3,defense,defense,poor,good,0,0,,3,3;86+4,##,14,10,4,5,28.6,50.0,2.19,3.01,-0.19,-0.01,57.9,42.1,342,509,76.6,76.4,75,67,2,7,1,0,6,20,0,1,1,0,1,0,6,11,3,4,0,0,1,5,2,2,3,2,24,22,10,15,10,29,6,3,21,12,,11,34.2,40.1,7,4,55.7,54.7,103.5,107.0,200,269,1,3,1,0,2.15,5.89,2.74,A,0,3
1092,2021-22,2022-04-02,19,17:30,Emirates Stadium,55249,John Brooks,Overcast,-0.2,88,League,Arsenal,Manchester City,Mikel Arteta,Pep Guardiola,4-3-2-1,,attack,balanced,average,average,1,1,2,1,58;62,14,10,12,2,2,,16.7,1.69,1.42,0.31,-0.42,51.4,48.6,637,478,93.6,92.2,61,61,3,5,0,0,10,5,0,0,0,0,0,,9,18,0,2,0,0,0,1,-1,0,1,2,27,26,7,7,17,29,10,2,,17,21,4,27.7,18.1,20,15,58.9,,107.4,110.1,239,214,,?,0,0,2.71,4.68,2.4,H,3,0
921,2021-22,2021-12-05,34,14:05,City Ground,27288,Anthony Taylor,Overcast,13.7,86,Relegation 6-pointer,Nottm Forest,Wolves,Nuno Espirito Santo,Gary O'Neil,4-3-2-1,4-3-3,defense,defense,good,good,0,2,0,3,none,12;20;32,20,11,3,6,15.0,54.5,0.1,3.69,-0.1,-0.69,,55.5,479,456,80.1,80.6,70,70,9,2,0,2,18,19,0,1,0,0,0,N/A,8,6,1,1,0,0,6,0,3,3,3,0,10,16,-8,12,12,19,4,10,20,22,8,17,30.3,17.5,17,9,48.1,63.0,110.0,104.8,178,160,2,5,0,0,2.42,4.98,2.59,A,0,3
1933,2022-23,2023-04-04,35,14:05,Molineux Stadium,24253,Robert Jones,Clear,2.2,44,Cup,Wolves,Luton Town,Gary O'Neil,Rob Edwards,3-4-3,5-4-1,defense,DEFENSE,,average,0,0,4,0,34;59;60;72,none,?,15,4,1,28.6,6.7,3.54,0.42,0.46,-0.42,58.6,41.4,498,365,78.8,76.4,35,69,2,5,0,0,8,12,0,N/A,1,?,1,0,17,13,1,2,0,0,4,3,1,0,0,4,26,21,13,17,24,37,6,3,11,18,18,20,24.6,41.7,11,7,69.3,61.2,108.0,110.4,284,246,5,4,0,0,2.03,7.21,2.71,H,?,0
934,2021-22,2021-12-14,14,19:45,Amex Stadium,573416,Robert Jones,Cloudy,10.3,92,League,Brighton,Tottenham,Roberto De Zerbi,Ange Postecoglou,4-4-2,5-4-1,balanced,ATTACK,average,average,1,0,3,N/A,60;60;83+2,46,20,17,-1,2,10.0,11.8,2.54,1.1,0.46,-0.1,50.5,49.5,641,442,88.0,85.9,47,22,3,4,2,1,15,11,0,0,1,0,1,0,10,14,1,1,0,0,5,5,1,0,1,3,24,26,12,14,21,38,12,7,25,19,9,22,37.8,26.8,15,5,64.8,40.8,104.7,102.8,271,175,1,4,,1,2.61,3.37,3.13,H,3,0
1373,2022-23,2023-01-19,12,19:45,Anfield,50930,Chris Kavanagh,Cloudy,21.6,73,Top 4 battle,Liverpool,Arsenal,Jurgen Klopp,Mikel Arteta,4-2-3-1,5-4-1,attack,attack,average,bad,0,0,1,1,69,22,16,13,2,1,12.5,7.7,1.53,0.92,-0.53,0.08,43.1,56.9,568,313,90.4,92.3,26,61,7,2,0,1,13,12,0,0,0,0,0,0,14,12,2,,0,0,0,1,0,1,1,1,13,24,10,5,21,29,3,7,5,21,22,10,16.3,22.0,8,11,71.2,44.7,109.1,114.2,240,235,5,3,0,0,2.64,3.91,2.74,D,1,1
1264,2022-23,2022-11-03,33,19:45,Emirates Stadium,45212,,Cloudy,13.8,75,League,Arsenal,Bournemouth,Mikel Arteta,Andoni Iraola,4-3-3,4-2-3-1,attack,attack,average,good,3,0,5,,29+3;34;42;58;69+3,none,16,6,4,4,25.0,66.7,4.54,0.1,0.46,-0.1,61.1,38.9,681,267,-,75.6,70,60,7,6,0,0,9,15,0,0,2,0,1,0,,19,3,,0,1,1,5,4,0,0,5,14,13,14,12,30,18,10,8,25,13,?,6,17.4,33.1,16,12,63.1,55.6,107.2,110.7,162,191,2,3,1,0,1.83,4.57,4.24,H,3,0
532,2020-21,2020-12-26,35,16:30,Amex Stadium,26444,,Foggy,-4.6,54,League,Brighton,Wolves,Roberto De Zerbi,Gary O'Neil,4-2-3-1,3-5-2,balanced,defense,bad,average,1,1,3,2,1;5+5;28,19;39,11,15,5,4,45.5,?,3.18,1.61,-0.18,0.39,56.6,##,482,354,87.7,77.8,34,32,2,8,1,1,22,13,0,2,1,0,1,0,13,13,,1,0,0,3,5,2,2,2,3,19,28,8,16,22,18,6,10,9,19,19,19,35.3,23.6,20,9,73.3,59.3,101.0,110.5,240,159,4,4,0,0,2.04,,3.06,H,3,0
190,2019-20,2019-12-24,26,19:45,Molineux Stadium,31888,Stuart Attwell,Rainy,-0.8,85,Relegation 6-pointer,Wolves,Brentford,Gary O'Neil,Thomas Frank,4-2-3-1,4-3-3,defense,attack,good,good,0,0,1,3,51+1,11;27;83,10,13,4,7,40.0,53.8,1.54,3.53,-0.54,,54.5,45.5,457,289,83.4,86.1,20,31,4,4,1,1,10,18,0,0,0,1,0,1,9,16,,2,0,0,5,5,4,3,3,1,27,13,11,8,,31,4,9,N/A,20,14,15,22.0,32.6,17,18,64.9x,67.2,107.5,108.9,235,281,1,N/A,0,0,2.56,3.61,3.01,A,0,
111,2019-20,2019-10-29,28,12:30,Tottenham Hotspur Stadium,50790,Stuart Attwell,Light Rain,3.9,84,League,Tottenham,West Ham,Ange Postecoglou,David Moyes,4-2-3-1,4-3-3,attack,defense,good,average,2,,2,1,36;42,11,14,7,10,2,71.4,28.6,1.83,0.97,0.17,0.03,55.6,44.4,,522,89.8,77.4,22,24,5,8,,0,18,8,0,0,0,0,0,0,,18,2,3,0,0,6,1,1,8,1,2,14,18,15,7,18,28,2,4,13,19,14,12,32.7,41.9,19,7,41.4,42.7,108.3,107.9,191,285,1,5,1,0,2.39,5.17,2.57,H,3,0
1860,2023-24,2024-04-08,4,14:05,Gtech Community Stadium,13131,Paul Tierney,Cloudy,15.1,46,League,Brentford,Liverpool,Thomas Frank,,4-4-2,,attack,attack,bad,average,1,1,2,1,4;7,28+5,20,14,9,1.0,45.0,7.1,2.75,1.13,-0.75,-0.13,43.0,57.0,519,520,86.6,92.2,38,54,2,4,1,0,15,12,0,1,0,0,0,0,14,6,1,3,0,1,0,4,0,7,1,2,23,14,6,16,33,9,3,8,13,11,11,19,40.0,23.1,16,6,46.6,60.6,98.8,108.3,170,143,4,4,1,1,2.75,3.27,3.02,H,3,0
1654,2023-24,2023-11-15,27,14:05,London Stadium,50633,Chris Kavanagh,Foggy,11.0,93,League,West Ham,Tottenham,David Moyes,Ange Postecoglou,4-4-2,4-3-2-1,,attack,average,bad,1,2,2,3,84;90+4,11;31;50,20,9,5,2,25.0,22.2,2.4,4.18,-0.4,-1.18,47.4,52.6,532,413,84.9,89.4,42,45,3,4,1,0,9,10,0,0,0,1,0,1,nan,17,2,4,0,0,5,4,0,3,3,2,18,13,17,6,31,19,9,4,12,17,7,20,18.4,16.6,8,16,60.6,47.5,103.7,102.6,249,263,2,4,2,0,3.01,3.57,2.57,A,0,3
120,2019-20,2019-11-01,30,20:00,Gtech Community Stadium,14347,Anthony Taylor,Sunny,4.8,88,Title race,Brentford,Fulham,Thomas Frank,Marco Silva,4-1-4-1,3-5-2,attack,balanced,good,good,1,1,2,1,1;29,37,15,11,5,3,33.3,27.3,1.92,0.8,0.08,0.2,50.8,49.2,360,321,78.2,80.5,37,18,8,9,1,1,6,7,0,0,0,0,0,0,,17,2,1,0,0,0,4,2,3,1,2,22,19,18,5,26,28,8,4,7,17,5,10,22.3,22.7,15,,59.4,56.7,101.1,106.9,259,246,3,2,0,0,?,4.8,nan,H,3,0
380,2019-20,2020-05-04,21,15:00,Villa Park,39374,Jarred Gillett,Sunny,20.6,81,League,Aston Villa,Everton,Unai Emery,Sean Dyche,4-2-3-1,4-4-2,,defense,bad,good,0,0,4,1,8;12;23;71,23,10,15,10,7,100.0,46.7,4.95,1.37,-0.95,-0.37,61.8,38.2,649,349,86.3,80.5,43,,10,8,1,0,21,6,0,0,1,1,0,1,8,12,4,3,0,,0,3,6,6,1,4,25,11,18,11,10,23,4,9,19,20,,16,20.3,36.1,14,9,69.9,47.1,102.0,110.2,282,235,2,2,3,0,2.16x,6.01,2.69,H,3,0
1494,2022-23,2023-04-14,37,17:30,Tottenham Hotspur Stadium,48832,John Brooks,Clear,10.8,64,Title race,Tottenham,Liverpool,Ange Postecoglou,Jurgen Klopp,4-4-2,4-3-3,attack,attack,Avg,bad,0,0,3,2,11;38+4;41,40;60,17,7,3,?,17.6,28.6,3.3,2.92,-0.3,-0.92,45.8,54.2,423,633,82.1,86.9,47,70,5,5,1,2,6,9,0,0,,0,1,0,10,8,1,1,0,0,6,3,0,0,2,N/A,15,20,20,9,31,15,4,5,16,18,15,18,31.1,23.6,14,5,54.4,42.1,111.8,110.6,170,265,2,4,0,0,2.95,2.81,3.28,H,3,0
1822,2023-24,2024-03-13,7,14:05,Stamford Bridge,37895,Jarred Gillett,Cloudy,21.3,93,Relegation 6-pointer,Chelsea,Brighton,Mauricio Pochettino,Roberto De Zerbi,3-5-2,4-2-3-1,BALANCED,balanced,bad,bad,1,0,2,1,,38,20,7,9,3,45.0,42.9,2.56,1.16,-0.56,-0.16,48.0,52.0,368,285,82.0,82.2,33,38,11,N/A,1,0,20,8,0,0,1,0,0,N/A,13,8,0,3,0,nan,2,3,2,7,1,2,16,27,6,15,31,27,2,5,13,15,10,16,29.0,30.9,20,8,51.9,51.5,110.9,101.8,174,278,3,1,,0,2.07,4.49,3.4,H,3,0
1067,2021-22,2022-03-18,37,15:00,Amex Stadium,31152,Chris Kavanagh,Windy,14.2,94,Cup,Brighton,Fulham,,Marco Silva,4-3-2-1,4-3-2-1,balanced,,,average,1,0,1,4,4+1,14;22;24;37,18,14,2,6,?,42.9,0.76,4.42,0.24,-0.42,47.3,52.7,662,321,,76.2,27,19,4,9,0,1,17,,0,0,0,0,0,0,9,10,2,1,0,1,4,0,2,1,N/A,1,22,18,15,12,39,16,11,6,6,18,18,-8,30.6,38.2,10,15,67.6,55.0,106.2,109.4,219,265,2,4,0,0,2.85,3.04,3.12,A,0,3
174,2019-20,2019-12-11,5,15:00,Vitality Stadium,10514,Andy Madley,Sunny,12.2,58,League,Bournemouth,Everton,Andoni Iraola,Sean Dyche,3-5-2,3-4-3,attack,defense,bad,good,1,0,2,,55;88,31;64,19,9,4,4,21.1,44.4,2.31,3.02,-0.31,-1.02,52.0,48.0,397,434,79.7,75.1,54,32,4,,2,1,19,19,0,0,0,0,0,0,-10,20,4,3,0,0,6,1,2,2,2,2,19,18,5,7,21,15,5,10,10,11,20,8,30.9,17.4,14,14,56.5,61.5,,110.2,188,211,4,2,1,0,2.46,3.7,3.09,D,1,1
160,2019-20,2019-11-27,17,20:00,Goodison Park,33463,Andy Madley,Clear,15.1,41,League,Everton,Brighton,Sean Dyche,,3-4-3,3-4-3,defense,balanced,bad,good,0,1,2,1,6;80,21,11,13,7,1,63.6,7.7,2.15,1.41,-0.15,,46.0,54.0,667,559,83.8,85.0,40,44,8,6,2,1,22,20,0,0,0,0,0,0,10,14,2,2,1,,0,3,0,5,1,2,12,12,19,9,,23,12,4,22,12,22,22,22.7,36.4,12,10,44.9,45.9,105.7,114.1,179,200,1,3,2,0,3.37,3.35,2.47,H,3,0
1159,2022-23,2022-08-18,17,12:30,Craven Cottage,21594,Chris Kavanagh,Sunny,17.4,52,Relegation 6-pointer,Fulham,Liverpool,Marco Silva,Jurgen Klopp,4-1-4-1,3-4-3,balanced,attack,bad,bad,1,1,1,2,51,7;8,8,10,2,,25.0,40.0,1.07,1.75,-0.07,0.25,37.1,62.9,563,548,79.7,91.0,25,45,8,3,1,2,,,0,0,0,0,0,0,20,14,1,,0,0,,4,2,1,2,1,22,20,14,15,38,20,12,8,18,14,5,8,,16.4,8,8,49.9,66.6,116.5,109.2,190,256,1,1,2,0,3.37,3.06,2.66,A,0,3
1932,2023-24,2024-04-12,4,12:30,Old Trafford,62432,Robert Jones,Rainy,15.8,91,Relegation 6-pointer,Manchester United,Bournemouth,Erik ten Hag,Andoni Iraola,4-2-3-1,5-4-1,balanced,attack,bad,good,1,0,1,0,50,none,19,12,2,5,10.5,41.7,1.2,0.1,-0.2,-0.1,66.0%,34.0,646,555,82.6,80.7,60,31,11,8,0,0,18,20,0,0,0,0,0,0,9,10,0,3,N/A,0,4,4,,1,0,1,29,27,11,5,37,27,5,7,9,22,9,15,18.1,21.9,17,13,47.6,54.1,107.1,106.5,188,264,0,3,0,0,2.22,4.24,3.19,H,3,0
281,2019-20,2020-02-20,37,14:05,Amex Stadium,26410,Michael Oliver,Clear,23.7,74,Relegation 6-pointer,Brighton,Tottenham,Roberto De Zerbi,Ange Postecoglou,4-4-2,4-4-2,balanced,attack,bad,good,3,2,,2,23;47;60+5,30;77,8,17,7,5,87.5,29.4,2.26,2.04,0.74,-0.04,42.7,57.3,581,442,88.3,90.8,49,44,7,,1,1,10,11,0,1,0,0,0,0,,7,2,3,0,0,3,3,3,4,2,3,28,15,11,15,36,19,4,5,13,,15,14,20.2,19.1,5,18,43.7,48.5,102.1,108.5,208,209,2,4,1,1,2.26,4.71,2.9,H,3,0
406,2020-21,2020-09-26,26,17:30,Goodison Park,36819,Simon Hooper,Cloudy,21.4,73,Relegation 6-pointer,Everton,Brentford,,Thomas Frank,5-4-1,4-3-3,attack,attack,bad,average,0,0,1,3,55,13;29;32,19,15,5,3,26.3,20.0,0.99,2.55,0.01,0.45,,48.5,600,489,78.7,78.0,30,38,3,,0,?,21,7,0,N/A,1,0,1,0,20,11,3,0,0,0,3,5,0,4,3,1,21,13,8,6,23,31,5,?,25,21,11,19,20.2,27.1,17,5,58.8,46.8,112.9,109.3,210,265,3,6,0,0,2.7,4.6,2.42,A,0,3
1714,2023-24,2023-12-25,15,17:30,Vitality Stadium,9216,David Coote,Clear,18.8,50,League,Bournemouth,Luton Town,Andoni Iraola,Rob Edwards,5-4-1,4-2-3-1,attack,defense,good,average,0,0,1,2,21,42+1;49,10,6,9,2,90.0,33.3,1.13,1.76,-0.13,0.24,56.2,43.8,304,632,82.3,69.9,35,21,10,8,1,1,6,17,0,0,0,0,0,0,16,9,2,3,0,0,1,3,0,8,2,1,19,15,12,18,10,29,11,8,21,6,15,13,40.5,44.1,10,7,54.8,44.6,113.3,102.1,243,197.0,4,4,0,0,2.52,3.94,2.86,A,0,N/A
956,2021-22,2021-12-29,31,14:05,City Ground,28242,Simon Hooper,Windy,9.9,72,League,Nottm Forest,Burnley,Nuno Espirito Santo,Vincent Kompany,5-4-1,4-2-3-1,defense,defense,average,bad,0,1,,,26,67,10,14,5,6,50.0,42.9,0.99,1.27,0.01,-0.27,52.7,47.3,401,554,81.5,76.9,41,75,9,1,0,0,8,11,1,1,1,1,0,0,10,9,2,0,,0,4,4,5,4,1,1,21,21,20,17,35,33,3,3,23,16,20,4,30.7,39.0,20,,43.1,43.0,117.8,111.5,176,278,1,3,0,0,1.95,7.2,2.88,D,1,
148,2019-20,2019-11-23,37,20:00,Amex Stadium,28115,Anthony Taylor,Foggy,13.8,83,Cup,Brighton,Liverpool,Roberto De Zerbi,Jurgen Klopp,4-4-2,4-1-4-1,balanced,attack,poor,,1,1,1,2,42,,9,,9,,100.0,,1.03,2.24,,,47.8,52.2,659,491,87.9,87.2,73,58,11,6,0,,17,12,,1,0,1,0,1,18,20,1,1,0,0,0,,5,?,2,1,28,19,19,N/A,22,22,11,7,21,16,7,14,35.9,26.0,8,5,57.4,57.5,,102.3,231,218,3,0,2,1,##,4.23,2.46,A,0,3
819,2021-22,2021-09-25,12,15:00,Emirates Stadium,56165,Michael Oliver,Overcast,4.6,74,Relegation 6-pointer,Arsenal,Wolves,,Gary O'Neil,3-4-3,3-4-3,attack,,average,bad,1,0,2,2,19;81,17;37,12,11,8,5,66.7,45.5,2.1,1.66,-0.1,0.34,56.5%,43.5,563,613,,77.0,52,70,7,3,0,1,19,11,0,0,0,nan,0,1,12,14,2,2,0,0,3,3,,6,2,,23,14,7,,13,,9,4,12,6,23,,33.3,36.0,15,12,51.4,68.8,106.9,108.1,,253,1,2,1,1,2.16,3.55,3.92,D,1,1
107,2019-20,2019-10-23,19,17:30,Etihad Stadium,45888,Paul Tierney,,8.2,48,League,Manchester City,Crystal Palace,Pep Guardiola,Oliver Glasner,4-3-2-1,3-5-2,balanced,defense,bad,average,2,1,4,1,2;3;41;67,26,19,14,9,5,47.4,35.7,3.68,,0.32,-0.5,68.0,32.0,636,446,94.2,75.5,21,19,2,9,2,1,19,10,0,0,0,0,0,0,16,7,3,2,0,0,0,2,4,5,1,4,19,,7,13,18,31,6,nan,21,21,10,10,17.0,,15,13,53.9,,105.1,107.5,197,266.0,0,2,2,0,2.41,4.34,2.82,H,3,0
2083,2023-24,2023-08-18,28,14:05,City Ground,26936,Thomas Bramall,Clear,12.4,74,Derby,Nottm Forest,Chelsea,Nuno Espirito Santo,Mauricio Pochettino,5-4-1,3-4-3,defense,balanced,good,bad,1,2,1,,nan,7;55,12,15,2,2,16.7,13.3,0.85,null,0.15,0.27,40.7,59.3,580,319,76.1,81.9,50,45,11,7,0,,14,8,1,0,0,0,0,0,13,8,4,2,0,1,6,2,0,1,2,nan,10,25,19,,40,9,10,6,13,6,5,18,15.7,36.9,9,6,74.5,42.5,109.5,102.1,269,218,2,4,1,1,2.36,5.97,2.44,A,0,3
417,2020-21,2020-10-08,32,12:30,Gtech Community Stadium,17166,Andy Madley,Rainy,16.6,57,League,Brentford,Everton,Thomas Frank,Sean Dyche,4-4-2,4-2-3-1,ATTACK,defense,good,good,2,,4,0,29;52;67;72,none,17,15,7,8,41.2,53.3,3.66,0.44,0.34,-0.44,58.2,41.8,357,,82.5,,43,53,8,2,2,0,14,7,0,0,2,0,2,0,9,12,1,2,0,1,3,4,8,,0,4,27,24,16,nan,27,34,9,6,9,5,21,19,24.5,18.1,10,11,65.4,45.8,102.4,105.5,231,170,2,3,2,1,2.47,3.58,3.17,H,nan,0
1150,2022-23,2022-08-11,22,20:00,Vitality Stadium,10206,John Brooks,Clear,24.1,48,Top 4 battle,Bournemouth,Manchester City,Andoni Iraola,Pep Guardiola,3-5-2,4-1-4-1,attack,balanced,bad,good,0,0,1,2,38,37;81,,15,2,5,10.0,33.3,1.54,2.87,-0.54,-0.87,33.2,66.8,366,481,74.9,,71,49,10,1,1,1,10,14,1,0,0,0,0,0,15,20,4,3,0,0,5,1,3,1,2,1,27,,20,15,12,12,5,3,17,19,13,20,,17.0,19,?,45.6,47.1,111.2,105.9,161,228,3,3,1,0,2.51,7.31,,A,0,3
1754,2023-24,2024-01-25,13,12:30,Turf Moor,18238,Chris Kavanagh,Overcast,12.0,80,Derby,Burnley,Brentford,Vincent Kompany,Thomas Frank,4-3-3,4-4-2,defense,attack,bad,good,0,2,,2,77,19;47,11,12,6,6,54.5,50.0,1.32,2.58x,-0.32,-0.58,46.7,53.3,590,570,78.1,85.0,28,61,6,9,?,0,13,18,0,0,nan,0,0,0,18,11,1,1,0,,6,3,4,5,2,1,19,14,16,10,16,26,7,5,9,16,25,9,31.2,29.7,20,12,73.6,45.8,106.6,101.8,263,272,3,3,0,0,2.85,4.92,2.24,A,0,3
1204,2022-23,2022-09-18,1,14:05,Turf Moor,18544,Simon Hooper,Foggy,4.5,70,League,Burnley,Liverpool,Vincent Kompany,Jurgen Klopp,4-4-2,4-4-2,defense,attack,bad,bad,2,0,2,3,38+2;46,15;25;26,-1,9,8,8,,88.9,2.27,1.94,-0.27,1.06,25.5,74.5,-541,553,70.1,86.2,39,51,6,9,1,1,15,8,0,0,0,0,0,0,19,6,2,3,0,0,2,2,5,6,3,2,24,20,12,6,20.0,11,5,5,14,5,23,7,32.2,21.5,20,18,57.1,55.0,109.3,103.8,164,208,0,2,0,0,2.82,7.23,-,A,0,3
52,2019-20,2019-09-13,12,15:00,Villa Park,32977,null,Cloudy,3.0,51,League,Aston Villa,Sheffield United,Unai Emery,Chris Wilder,5-4-1,4-3-2-1,attack,defense,bad,average,0,2,1,2,72,10;39+3,16,11,2,4,12.5,36.4,1.4,2.28,-0.4,-0.28,63.1,36.9,673,304,80.3,73.6,45,75,,4,1,2,18,10,0,0,1,0,0,0,12,20,3,2,0,0,0,0,2,1,2,1,25,11,18,6,16,33,,4,17,15,7,12,,30.6,11,?,51.3,63.1,110.7,108.4,274,173,3,4,1,0,1.99,5.43,3.19,A,0,3
425,2020-21,10/10/2020,30,16:30,Tottenham Hotspur Stadium,62096,John Brooks,,8.3,58,League,Tottenham,Brighton,Ange Postecoglou,Roberto De Zerbi,4-1-4-1,3-4-3,attack,balanced,bad,good,2,2,2,3,19;76,6;42;48,14,,4,7,28.6,100.0,2.08,3.81,-0.08,-0.81,53.7,46.3,585,,84.3,88.8,51,37,10,9,2,2,19,16,0,0,0,nan,,1,nan,9,3,3,0,0,2,0,4,2,3,2,24,23,5,15,10,27,2,2,18,12,5,13,36.8,15.5,7,9,55.8,70.7,107.3,112.5,291,280,5,1,1,0,2.62,3.27,3.2,A,0,3
634,2020-21,2021-03-08,29,14:05,Kenilworth Road,9567,Robert Jones,Windy,12.0,,League,Luton Town,Newcastle,Rob Edwards,Eddie Howe,4-1-4-1,4-3-3,defense,defense,bad,average,0,0,0,2,none,28+5;89,17,14,5,8,29.4,57.1,0.1,3.07,-0.1,-1.07,37.9%,62.1%,546,606,75.5,81.9,40,30,9,3,0,0,20,8,0,2,0,0,0,0,17,14,4,,0,1,5,1,6,5,2,0,28,13,6,11,nan,11,11,6,25,10,6,4,26.1,24.8,17,14,44.0,69.4,101.6,103.3,161,255,2,3,0,0,3.55,3.31,2.4,A,0,3
92,2019-20,2019-10-12,9,14:05,Stamford Bridge,33663,Simon Hooper,Windy,12.8,45,Cup,Chelsea,Brighton,Mauricio Pochettino,Roberto De Zerbi,3-5-2,4-1-4-1,balanced,balanced,good,average,1,0,?,1,12;72,36+2,16,6,7,4,43.8,66.7,2.14,0.68,-0.14,0.32,51.3,48.7,530,298,80.8,86.8,36,48,6,8,1,1,16,10,0,0,0,0,0,0,10,10,1,,0,0,5,0,3,N/A,1,2,22,19,14,16,34,33,5,4,8,17,10,11,34.9,42.6,8,18,42.7,,105.0,111.3,284,151,,3,0,0,2.22,6.65,2.51,H,3,0
1139,2021-22,08/05/2022,37,19:45,Bramall Lane,24367,Andy Madley,Cloudy,11.0,61,League,Sheffield United,Fulham,Chris Wilder,Marco Silva,4-3-3,4-3-2-1,defense,balanced,good,average,1,0,1,2,30,49;88,10,14,10,6,100.0,42.9,0.79,2.0,0.21,0.0,31.5,68.5%,453,649,##,76.1,57,43,11,8,1,0,10,7,0,,0,0,0,0,15,10,1,1,0,0,6,1,4,9,2,1,17,17,10,18,13,29,6,7,6,20,14,15,38.6,30.2,17,6,41.9,61.5,101.6,101.9,159,,,4,0,0,3.8,3.46,2.23,A,0,3
1985,2023-24,2024-04-28,24,20:00,City Ground,28233,Robert Jones,Clear,7.9,51,Relegation 6-pointer,Nottm Forest,Newcastle,Nuno Espirito Santo,Eddie Howe,5-4-1,5-4-1,defense,defense,good,bad,0,0,0,nan,none,,15,17,8,3,53.3,17.6,0.1,0.95,-0.1,0.05,42.7,57.3,642,271,81.3,81.6,54,60,999,3,0,1,11,16,0,0,0,0,0,0.0,19,8,1,1,0,0,2,1,2,8,1,,29,19,13,9,22,16,3,9,6,9,9,17,21.3,36.3,20,14,68.8,61.2,110.5,?,171,186,1,5,2,0,2.79,3.65,2.72,A,0,3
272,2019-20,2020-02-19,34,17:30,Etihad Stadium,,Jarred Gillett,Windy,20.8,92,Cup,Manchester City,Fulham,Pep Guardiola,Marco Silva,4-3-2-1,4-1-4-1,balanced,balanced,average,good,1,0,3,0,17;31+2;53,none,19,15,3,5,15.8,33.3,2.97,0.1,null,-0.1,58.4,41.6,508,401,94.8,83.1,46,52,4,N/A,0,0,7,10,0,0,0,0,0,0,10,20,,2,0,0,0,1,5,0,0,3,30,18,8,14,18,21,9,2,5,14,10,22,16.6,25.1,13,4,47.7,59.0,104.9,108.4,211,?,3,3,0,0,2.53,3.21,3.4,H,3,0
2095,2023-24,2023-10-04,15,20:00,Selhurst Park,24478,Stuart Attwell,Overcast,10.5,91,Derby,Crystal Palace,Burnley,Oliver Glasner,Vincent Kompany,,4-4-2,defense,defense,average,good,2,0,2,0,40;46+1,none,19,9,5,6,26.3,,1.71,0.42,0.29,-0.42,51.7,48.3,540,333,76.0,73.0,43,73,10,4,0,0,22,16,0,0,1,0,0,0,12,7,,3,0,0,2,1,6,3,0,2,26,28,7,5,17,31,2,6,7,10,14,14,44.4,20.0,8,,60.3,40.8,112.8,,252,247,5,4,1,1,1.95,4.53,3.74,H,3,0
1165,2022-23,2022-08-23,26,14:05,Emirates Stadium,46222,Robert Jones,Clear,14.3,79,Relegation 6-pointer,Arsenal,Manchester United,Mikel Arteta,Erik ten Hag,4-2-3-1,4-2-3-1,attack,balanced,AVERAGE,Good,1,0,1,0,2,none,10,8,2,8,20.0,100.0,1.3,0.45,-0.3,-0.45,46.9,53.1,634,,89.1,88.0,25,31,9,3,1,0,11,10,0,0,0,0,0,0,6,20,?,1,0,0,5,0,8,1,0,1,11,18,10,5,17,13,8,5,,10,17,13,19.0,35.5,20,18,44.7,41.8,108.8,113.0,172,174,1,2,1,1,2.04,4.54,3.46,H,3,0
430,2020-21,2020-10-17,22,14:05,City Ground,29089,Andy Madley,Clear,13.9,42,League,Nottm Forest,Luton Town,Nuno Espirito Santo,Rob Edwards,,4-4-2,defense,defense,average,average,0,0,0,1,none,62,19,9,4,8,21.1,88.9,0.25,0.69,-0.25,0.31,,41.9,464,321,83.4,69.8,60,54,4,5,,0,13,19,0,0,0,2,0,1,15,19,1,3,0,0,4,2,7,4,1,0,13,28,12,11,26,29,6,8,7,14,12,19,44.9,42.6,11,5,57.6,51.7,107.3,105.0,166,205,4,4,1,1,1.97,8.23,2.69,A,,3
768,2021-22,2021-08-20,37,19:45,Molineux Stadium,24822,Thomas Bramall,Overcast,10.6,95,League,Wolves,West Ham,Gary O'Neil,David Moyes,4-1-4-1,5-4-1,defense,defense,,bad,0,0,0,1,none,80+4,15,7,5,2,33.3,28.6,,0.96,-0.1,0.04,,52.4,575,446,76.9,86.3,41,52,6,3,0,1,18,18,0,0,,0,0,0,,7,1,2,0,0,0,5,1,5,1,0,23,10,12,8,26,8,11,10,5,12,21,14,23.8,18.9,13,15,66.8,44.4,103.5,101.8,289,253,2,1,0,0,2.45,5.18,2.51,A,0,3
221,2019-20,2020-01-10,27,15:00,Amex Stadium,23875,Thomas Bramall,Overcast,##,45,League,Brighton,Manchester United,Roberto De Zerbi,Erik ten Hag,3-4-3,4-3-3,balanced,balanced,bad,bad,0,,1,1,81,71,8,8,4,2,50.0,25.0,1.18,0.5,-0.18,0.5,50.5,49.5,483,520,82.5,80.8,37,56,5,1,1,0,7,16,1,0,0,0,0,0,14,,2,?,0,1,6,2,1,3,1,1,23,22,7,5,40,18,11,3,16,16,14,4,28.7,22.6,17,12,40.4,55.7,105.1,109.7,273,199,2,2,3,0,2.12,8.68,2.42,D,1,1
1161,2022-23,2022-08-22,21,17:30,Kenilworth Road,7870,Paul Tierney,Light Rain,15.5,84,Cup,Luton Town,Aston Villa,Rob Edwards,Unai Emery,4-3-2-1,4-1-4-1,defense,attack,good,good,1,1,1,2,19,72;86,19,7,4,6,21.1,##,0.74,2.8,0.26,-0.8,37.8,62.2,488,284,72.8,83.4,61,23,10,9,1,2,7,20,1,1,0,0,0,0,9,16,1,0,0,0,6,1,4,3,2,1,30,15,9,6,N/A,10,5,7,17,15,8,19,43.8,22.0,17,13,47.5,46.6,110.4,106.1,201,178,2,3,1,,3.32,3.45,2.45,A,0,3
1734,2023-24,2024-01-12,26,16:30,Molineux Stadium,30031,Anthony Taylor,Foggy,4.8,90,Relegation 6-pointer,Wolves,Luton Town,Gary O'Neil,Rob Edwards,3-4-3,3-5-2,defense,defense,average,bad,2,0,4,1,,36,8,11,4,-3,50.0,nan,3.24,1.29,0.76,-0.29,62.5,37.5,608,403,75.8,77.1,51,31,2,2,0,1,12,7,0,0,0,1,0,0,14,9,2,3,0,1,0,1,7,0,1,,17,18,10,11,19,30,3,,9,11,15,20,22.0,,6,4,,65.7,108.0,,229,232,3,2,1,1,2.26,3.98,3.26,H,3,0
843,2021-22,2021-10-09,18,17:30,London Stadium,-,-,Sunny,13.8,88,Title race,West Ham,Aston Villa,David Moyes,Unai Emery,3-4-3,4-3-2-1,defense,attack,good,bad,N/A,4,4,4,13;32;78;87,6;26+1;65;68,14,14,4,4,28.6,28.6,3.5,5.26,0.5,-1.26,54.5%,45.5,569,364,77.6,84.2,71,25,9,5,0,0,11,7,0,0,1,0,1,0,15,20,2,1,0,0,2,0,0,,4,4,24,,20,14,31,33,3,10,23,?,15,22,40.8,38.4,,14,42.7,54.5,110.0,106.3,207,195,3,4,3,0,2.27,,2.67,D,1,1
1409,2022-23,2023-02-12,26,17:30,Turf Moor,17298,,Cloudy,9.1,82,Relegation 6-pointer,Burnley,Everton,Vincent Kompany,Sean Dyche,4-4-2,3-5-2,,defense,good,average,0,1,1,2,10+3,84+5;90,17,14,3,5,17.6,35.7,,1.96,-0.31,0.04,37.0,63.0,600,,74.4,84.1,32,36,10,9,0,1,20,13,0,0,1,1,1,1,19,8,0,0,0,0,2,0,3,2,2,1,19,18,18,13,25,35,3,5,23,15,18,12,34.8,,14,13,59.1,71.9,108.3,110.8,258,148,3,0,0,0,3.12,3.26,2.68,A,0,3
1313,2022-23,2022-12-04,24,16:30,Villa Park,41855,Robert Jones,Rainy,6.6,95,League,Aston Villa,Burnley,Unai Emery,Vincent Kompany,4-3-3,4-2-3-1,attack,defense,good,bad,3,0,4,0,18+2;33+3;60;70,none,10,7,8,6,80.0,85.7,4.12,0.3,-0.12,-0.3,63.8,36.2,630,,86.6,75.6,57,71,6,4,1,0,9,18,1,0,1,0,1,0,8,20,2,2,0,0,5,2,6,4,N/A,4,10,12,18,18,29,15,12,7,7,22,6,8,24.8,44.9,13,14,74.7,69.4,111.2,105.7,196,232,2,2,1,0,,2.96,3.82,H,3,0
1209,2022-23,2022-09-21,30,17:30,Stamford Bridge,38868,Robert Jones,Sunny,26.5,40,Derby,Chelsea,Manchester City,Mauricio Pochettino,Pep Guardiola,3-4-3,4-3-3,balanced,balanced,Avg,bad,0,1,0,1,none,28,17,6,10,2,58.8,33.3,0.1,1.06,-0.1,,46.6,53.4,430,392,88.2,93.0,31,37,8,9,0,1,8,19,0,1,0,1,0,0,12,11,1,1,,nan,0,5,?,10,1,0,21,16,6,11,34,33,5,4,7,11,16,6,41.4,19.1,7,18,41.1,46.4,101.9,103.7,296,140,2,,0,0,3.2,2.85,2.97,A,0,3
694,2020-21,2021-04-19,29,16:30,Anfield,393350,Chris Kavanagh,Clear,15.4,56,League,Liverpool,Luton Town,Jurgen Klopp,Rob Edwards,4-1-4-1,4-4-2,attack,,bad,bad,0,0,3,0,3;37;72,none,16,6,4,4,25.0,66.7,2.53,0.1,0.47,-0.1,60.6,39.4,,555,86.2,75.6,73,57,11,5,1,0,-10,8,0,0,0,,0,0,20,19,0,2,0,0,3,0,4,1,0,3,24,21,17,8,31,12,11,7,25,18,9,22,43.3,23.4,17,6,47.9,69.0,106.0,107.6,223,241,1,0,1,0,2.31,3.59,3.47,H,3,0
1890,2023-24,2024-04-30,8,12:30,Goodison Park,31824,Robert Jones,Rainy,19.5,51,Title race,Everton,West Ham,Sean Dyche,David Moyes,3-4-3,4-4-2,defense,defense,average,bad,3,2,3.0,2,29;44;52,7;55,15,14,,7,null,50.0,2.88,1.86,0.12,0.14,43.1,56.9,345,494,75.6,84.0,45,43,8,1,0,1,10,19,0,0,0,0,0,0,11,12,,1,0,0,3,2,5,5,2.0,3,16,16,5,6,20,21,4,7,17,6,7,6,42.9,33.7,19,4,61.8,45.3,106.1,109.0,273,278,5,3,3,0,2.6,5.6,2.29,H,3,0
1575,2023-24,2023-09-20,20,15:00,Villa Park,37075,John Brooks,Light Rain,18.6,80,Title race,Aston Villa,Bournemouth,Unai Emery,Andoni Iraola,5-4-1,5-4-1,attack,attack,avg,average,2,1,2,1,20;38,36,9,9,2,3,,33.3,2.37,0.74,-0.37,0.26x,50.0,50.0,540,479,87.1,76.6,64,62,5,4,2,1,14,6,0,,0,0,0,0,8,13,2,3,0,0,4,3,2,0,1,2,12,11,10,8,33,28,4,6,18,20,16,6,41.8,27.7,13,7,49.8,60.6,110.5,108.8,253,N/A,5,4,1,0,2.46,3.23,3.53,H,3,0
1116,2021-22,2022-04-23,32,19:45,Etihad Stadium,42451,John Brooks,Sunny,0.4,70,Cup,Manchester City,Tottenham,Pep Guardiola,Ange Postecoglou,4-1-4-1,3-4-3,bal,attack,average,good,0,1,1,,59,67;89,20,8,10,1,50.0,12.5,1.14,1.93,-0.14,0.07,62.1,37.9,N/A,,87.9,80.9,71,30,6,6,1,1,11,16.0,0,1,0,1,0,1,15,12,4,1,0,0,,2,0,9,2,1,?,11,,,36,17,5,7,9,17,25,11,26.1,20.1,11,15,49.5,69.1,103.4,110.2,293,242,2,3,1,0,,7.43,2.76,A,0,3
1221,2022-23,2022-09-27,11,12:30,Kenilworth Road,8150,Stuart Attwell,,9.8,63,League,Luton Town,Liverpool,,Jurgen Klopp,4-3-2-1,3-4-3,defense,attack,good,poor,1,1,1,1,15,42,18,11,2,3,nan,27.3,1.43,1.08,-0.43,-0.08,27.8,72.2,446,514,74.3,85.6,63,45,11,7,1,0,16,19,0,0,,0,0,0,16,9,4,4,0,0,6.0,1,2,1,1,1,16,25,5,7,21,11,8,10,6,9,11,13,22.5,41.4,15,14,46.2,53.1,107.5,110.0,262,231,3,3,0,0,2.74,4.17,2.53,D,1,1
1984,2021-22,2021-10-04,22,14:05,Gtech Community Stadium,14750,David Coote,Cloudy,,87,Derby,Brentford,Tottenham,Thomas Frank,Ange Postecoglou,4-2-3-1,5-4-1,attk,attack,average,good,0,0,1,0,38,none,12,nan,,8,,61.5,0.98,,0.02,,48.9,,432,396,,83.1,24,36,,8,1,0,19,13,0,N/A,0,0,0,0,8,19,2,2,0,0,0,5,8,5,0,1,10,28,20,15,27,9,6,,7,15,23,,26.8,44.5,5,17,##,56.2,98.3,105.0,260,245,0,4,0,0,3.34,3.77,2.3,H,3,0
375,2019-20,2020-05-01,23,15:00,Emirates Stadium,53626,Jarred Gillett,Rainy,-0.9,64,League,Arsenal,Sheffield United,Mikel Arteta,Chris Wilder,4-4-2,3-4-3,attack,,good,good,4,1,6,2,1;73;83;84+1;88;90,17;87,18,17,7,1,38.9,5.9,6.97,2.22,-0.97,-0.22,66.5,33.5,314,459,86.3,76.2,44,57,11,6,1,0,7,19,0,0,0,1,0,1,,17,2,2,0,1,5,0,0,1,2,6,28,11,16,8,10,26,8,9,12,11,14,15,22.8,?,17,,66.3,61.1,111.1,108.5,247,288,1,6,3,,,4.14,3.3,H,3,0
1387,2022-23,2023-01-29,21,19:45,Amex Stadium,29815,Thomas Bramall,Clear,10.1,44,League,Brighton,Bournemouth,Roberto De Zerbi,Andoni Iraola,4-1-4-1,4-1-4-1,balanced,attack,average,bad,2,0,3,1,4+2;10;37,72,10,7,9,6,90.0,85.7,3.07,1.1,-0.07,-0.1,56.7,43.3,510,640,79.2,76.2,37,54,2,4,0,1,12,14,1,0,0,0,0,0,10,9,2,1,0,0,3,1,5,6,1,3,14,19,13,6,40,16,5,-5,12,8,22,10,31.4,39.1,9,11,67.7,55.5,105.8,110.0,175,171,2,2,1,1,2.5,3.69x,3.05,H,3,0
1643,2023-24,2023-11-02,14,12:30,Emirates Stadium,47369,Paul Tierney,Light Rain,4.1,85,Cup,Arsenal,Everton,Mikel Arteta,Sean Dyche,5-4-1,4-3-2-1,attack,defense,average,bad,1,0,2,0,11;72+5,none,19,12,5,3,26.3,25.0,2.18,0.1,-0.18,-0.1,61.4,38.6,629,642,86.8,80.8,22,62,9,3,0,0,6,7,0,0,1,0,1,0,13,16,1,2,0,1,5,?,3,3,0,2,17,16,13,10,16,31,11,9,,22,6,22,26.9,41.8,7,7,73.8,,106.7,111.6,169,249,1,2,2,0,2.25,4.95,2.83,H,3,0
672,2020-21,2021-04-07,30,16:30,City Ground,23911,Simon Hooper,Windy,11.5,,Relegation 6-pointer,Nottm Forest,Manchester City,Nuno Espirito Santo,Pep Guardiola,4-1-4-1,4-2-3-1,defense,balanced,average,,0,1,0,2,none,21;59,20,10,6,7,30.0,70.0,0.1,2.27,,-0.27,45.1,54.9,625,507,79.2,nan,33,56,3,?,0,1,6,16,0,1,1,0,0,0,9,10,2,2,0,0,0,0,5,6,2,0,30,24,12,7,20,24,2,5,7,7,9,11,18.9,19.3,17,10,40.5,57.9,104.7,110.8,297,245,1,6,0,0,3.63,4.32,2.03,A,0,3
98,2019-20,2019-10-14,12,15:00,Goodison Park,35833,##,Light Rain,26.5,89,League,Everton,West Ham,Sean Dyche,David Moyes,5-4-1,4-4-2,defense,DEFENSE,good,average,0,1,3,4,9;17;88,45;48+1;73;74,16,15,8,8,50.0,53.3,3.89,-,-0.89,-,53.4,46.6,451,290,-,78.6,30,53,8,4,2,1,21,10,0,1,0,2,0,2,20,10,3,1,0,0,4,1,4,5,4,3,,26,17,18,33,34,9,10,14,20,9,22,44.2,18.5,15,17,59.8,60.0,109.5,113.3,265,175,2,4,0,0,2.38,6.32,2.37,A,0,3
938,2021-22,2021-12-13,30,20:00,Etihad Stadium,42830,Paul Tierney,Cloudy,23.0,90,Relegation 6-pointer,Manchester City,Arsenal,Pep Guardiola,Mikel Arteta,4-3-2-1,4-4-2,balanced,attack,bad,good,1,0,1,1,,75,-20,10,7,3,35.0,30.0,0.72,0.7,0.28,0.3,49.5,50.5,474,649,87.6,88.7,75,75,4,6,1,0,17,13,1,0,0,0,0,,14,11,3,0,0,0,4,1,2,6,1,1,28,24,7,5,20,35,7,5,21,20,23,9,38.6,17.9,5,12,69.7,44.2,103.1,114.6,205,222,N/A,4,2,0,2.12,3.92,3.67,D,1,1
1914,2023-24,2024-02-09,31,17:30,Amex Stadium,25992,,Light Rain,20.9,40,Relegation 6-pointer,Brighton,Everton,Roberto De Zerbi,Sean Dyche,4-3-2-1,5-4-1,BALANCED,defense,Good,good,1,0,2,0,23;63,none,17,9,2,1,11.8,11.1,1.87,0.44,0.13,-0.44x,56.1,43.9,381,627,81.9,82.3,60,51,7,3,1,0,?,9,0,0,1,0,0,0,19,11,3,4,0,0,6,2,1,0,0,2,16,23,11,7,13,,9,7,25,15,23,5,29.7,15.4,5,16,59.9,61.7,110.8,,294,168,0,4,1,1,2.31,4.38,2.95,H,3,0
773,2021-22,2021-08-18,2,14:05,London Stadium,58916,Stuart Attwell,Cloudy,16.9,43,League,West Ham,Brentford,David Moyes,Thomas Frank,4-1-4-1,,defense,attack,avg,bad,4,2,5,,37;42+4;66;77;88,7;76,,6,,3,36.4,50.0,5.2,1.63,-0.2,,50.4,49.6,576,435,83.6,77.9,32,46,4,7,?,1,16,17,1,0,1,0,1,0,14,15,3,0,0,0,3,0,1,0,2,5,20,21,11,5,21,21,6,3,10,7,25,14,22.3,18.7,12,15,44.9,56.1,109.1,110.8,182,211,2,2,2,1,2.76,3.33,2.97,H,3,0
1206,2022-23,2022-09-22,28,12:30,Turf Moor,20732,Paul Tierney,Foggy,19.8,,Derby,Burnley,Luton Town,Vincent Kompany,Rob Edwards,3-5-2,4-2-3-1,defense,defense,good,good,1,0,3,0,21;22;54,none,18,9,,6,?,66.7,2.57,0.18,0.43,-0.18,53.3,46.7,,?,71.6,71.2,67,24,4,2,0,0,6,17,2,0,2,0,1,0,7,16,3,1,0,0,5,1,6,nan,0,3,24,26,11,12,15,12,9,5,21,10,11,13,23.3,17.9,7,9,52.1,,103.6,106.6,,172,0,3,1,1,2.29,6.66,2.42,H,3,0
1240,2022-23,2022-10-17,13,19:45,Tottenham Hotspur Stadium,47810,Simon Hooper,Overcast,15.1,46,League,Tottenham,Manchester United,Ange Postecoglou,Erik ten Hag,4-4-2,4-3-3,attack,balanced,good,good,1,0,4,1,5;21;31;76,2,18,12,6,6,33.3,50.0,3.21,0.58,0.79,0.42,45.6,54.4,396,556,86.0,86.0,48,55,3,9,1,1,8,,0,0,1,0,1,0,12,6,0,1,0,?,5,3,5,2,1,4,30,16,5,14,12,,11,5,19,22,21,18,19.0,22.3,19,16,nan,58.7,113.8,105.0,255,198,?,4,2,0,2.8,3.31,2.93,H,3,nan
1915,2020-21,2021-05-31,3,14:05,Gtech Community Stadium,17207,David Coote,Windy,19.3,65,Relegation 6-pointer,Brentford,Everton,Thomas Frank,,4-4-2,3-5-2,attack,defense,average,bad,0,0,1,0,2,none,17,16,4,4,23.5,25.0,1.16,0.44,,-0.44,45.1,,631,428,84.3,79.0,?,?,9,?,,0,6,19,1,0,0,0,0,0,20,6,1,1,N/A,0,1,2,4,3,0,1,26,17,11,5,10,-26,9,7,22,20,19,16,26.3,44.0,10,13,40.2,54.2,103.4,111.9,161,187,2,2,3,1,2.47,3.13,3.62,H,3,0
1513,2022-23,2023-04-24,18,17:30,Stamford Bridge,37044,,Overcast,12.3,66,League,Chelsea,Fulham,Mauricio Pochettino,Marco Silva,4-4-2,4-2-3-1,balanced,balanced,average,bad,0,0,0,0,none,none,11,14,3,6,27.3,42.9,0.1,0.22,-0.1,-0.22,55.5,44.5,395,442,89.8,83.1,64,60,11,3,0,0,13,9,0,0,0,0,0,0,9,6,0,1,0,0,5,4,?,3,0,0,27,19,16,18,17,31,7,8,16,22,14,17,29.0,24.9,7,12,68.8,47.2,104.9,105.2,244,250,,4,0,0,2.13,3.67,3.87,D,1,1
1987,2023-24,2023-11-01,16,20:00,Bramall Lane,30287,Jarred Gillett,Clear,20.5,56,Relegation 6-pointer,Sheffield United,Fulham,Chris Wilder,Marco Silva,4-2-3-1,3-4-3,defense,balanced,good,bad,0,,1,,88,2;50;50,13,13,4,3,30.8,23.1,0.59,3.48,0.41,-0.48,36.9,63.1,371,615,74.7,77.8,79,68,7,7,1,0,12,17,0,0,?,0,0,0,,11,2,1,1,0,0,1,0,3,3,1,29,18,20,18,,13,?,3,8,14,24,18,18.7,20.7,7,15,74.6,47.4,113.6,101.3,,,2,1,3,0,3.27,,2.44,A,0,3
1558,2023-24,2023-09-07,32,16:30,London Stadium,57529,Thomas Bramall,Light Rain,11.9,,League,West Ham,Everton,David Moyes,Sean Dyche,3-4-3,5-4-1,defense,defense,bad,good,0,0,2,2,22;64,6;25,16,8,10,1,62.5,12.5,2.5,2.25,-0.5,-0.25,53.2,46.8,-485,554,79.4,78.6,30,22,4,,0,1,,,0,1,1,1,1,1,13,6,2,2,0,0,4,4,0,8,2,2,10,16,15,,,13,10,5,17,15,18,21,40.6,42.2,9,17,44.6,41.8,111.7,105.5,245,195,4,3,0,0,2.42,3.72,3.14,D,1,1
1546,2023-24,2023-08-25,15,17:30,Selhurst Park,23089,Robert Jones,Light Rain,6.2,90,League,Crystal Palace,Tottenham,Oliver Glasner,Ange Postecoglou,4-2-3-1,3-4-3,defense,attack,good,average,0,1,2,1,7;37,89,13,15,6,3,46.2,20.0,2.37,1.2,-0.37,-0.2,43.3,56.7,680,633,84.8,84.6,34,,8,9,0,1,6,10,,0,1,0,1,0,14,13,2,2,,0,2,0,2,4,1,2,25,13,10,17,14,35,11,7,25,13,6,8,19.9,42.8,7,10,64.4,50.0,,108.6,292,175,2,7,1,1,2.53,5.96,2.29,H,3,0
1325,2022-23,2022-12-16,27,16:30,Emirates Stadium,52275,Chris Kavanagh,Sunny,4.8,43,League,Arsenal,Newcastle,Mikel Arteta,Eddie Howe,3-4-3,4-3-3,attack,defense,good,good,0,0,2,0,6;73,none,14,12,3,4,21.4,33.3,2.16,0.49,-0.16,-0.49,56.8,43.2,620,423,92.9,84.2,71,40,5,6,0,0,20,19,0,0,1,0,1,0,10,13,0,0,0,,4,2,4,1,0,2,11,16,11,8,30,12,11,7,23,20,19,13,25.7,16.9,8,7,62.5,64.6,108.4,101.2,236,140,0,1,2,1,2.24,5.3,2.74,H,3,0
1114,2021-22,2022-04-19,32,14:05,Anfield,50770,Jarred Gillett,Light Rain,7.2,88,League,Liverpool,West Ham,Jurgen Klopp,David Moyes,3-5-2,4-4-2,ATTACK,defense,average,good,2,0,4,2,19;43;45;47,54;61,20,8,N/A,2,35.0,25.0,4.43,1.47,-0.43,,51.1,48.9,,334,,86.7,30,20,5,8,2,2,9,10,2,0,0.0,0,,0,6,8,2,1,0,0,,3,0,,,4,23,-24,6,,21,21,2,7,5,16,18,14,40.5,26.1,20,18,42.7,?,111.0,110.5,220,286,5,3,0,0,2.54,3.92,2.85,H,3,0
947,2021-22,2021-12-25,21,14:05,Kenilworth Road,8892,Stuart Attwell,Windy,nan,95,Title race,Luton Town,Fulham,Rob Edwards,Marco Silva,4-4-2,3-5-2,defense,balanced,bad,good,0,1,2,2,2;38,16;65,12,16,9,5,75.0,31.2,1.68,1.91,0.32,0.09,33.6,66.4,355,631,78.7,76.3,51,57,8,2,1,0,16,17,0,nan,1,0,1,0,10,15,3,2,0,1,2,0,3,7,2,2,25,14,13,9,16,15,11,,8,15,12,4,42.7,15.1,7,8,73.3,51.0,115.9,109.4,196,218,1,5,1,1,2.77,4.13,2.52,D,1,1
833,2021-22,2021-10-03,12,17:30,St. James' Park,-,Paul Tierney,Overcast,10.0,62,Top 4 battle,Newcastle,Wolves,Eddie Howe,Gary O'Neil,4-4-2,5-4-1,defense,defense,average,good,4,0,4,1,nan,11,20,7,4,1,20.0,14.3,4.28,1.52,-0.28,-0.52,,39.6,693,nan,85.3,82.5,56,61,8,6,0,1,22,9,1,0,0,0,0,0,9,7,0,1,N/A,0,2,0,0,0,1,4,28,28,,8,40,26,2,2,12,9,22,17,,34.7,N/A,12,57.0,53.0,108.3,109.1,203,157,4,N/A,1,1,2.1,7.82,2.52,H,3,0
1162,2022-23,2022-08-21,18,16:30,City Ground,,Thomas Bramall,Sunny,15.3,66,League,Nottm Forest,Luton Town,Nuno Espirito Santo,Rob Edwards,4-3-3,4-4-2,defense,defense,average,good,2,1,4,1,22;50;79;85,80,8,11,4,2,50.0,18.2,3.03,1.33,0.97,-0.33,50.5,49.5,,629,74.6,74.2,31,40,3,9,1,1,14,10,,0,1,0,1,0,12,18,1,2,0,0,4,1,1,0,1,4,21,19,7,17,19,33,6,6,9,21,23,8,22.7,,18,7,48.3,67.6,107.4,112.7,178,261,2,1,0,0,2.22,3.64,3.65,H,3,0
261,2019-20,2020-02-07,19,12:30,Turf Moor,16580,Robert Jones,Rainy,nan,69,League,Burnley,Tottenham,Vincent Kompany,Ange Postecoglou,4-3-2-1,4_3_2_1,defense,attack,bad,Good,0,0,0,1,none,45,10,17,3,2,30.0,11.8,0.45,1.0,-0.45,0.0,30.5,69.5,501,628,76.1,87.6,38,,8,7,0,1,14,7,0,1,0,0,0,0,19,10,3,1,0,0,3,2,1,3,1,0,27,17,9,6,24,38,11,4,5,,12,22,,27.4,,5,53.5,45.8,108.5,107.1,282,186,0,4,0,0,2.66,4.22,2.58,A,0,3
1065,2021-22,2022-03-18,19,15:00,Gtech Community Stadium,16493,John Brooks,Clear,8.1,40,League,Brentford,Bournemouth,Thomas Frank,Andoni Iraola,4-4-2,4-4-2,attack,attack,good,average,2,0,2,0,35;55,none,17,13,7.0,3,,23.1,2.66,0.1,-0.66,-0.1,47.5,52.5,590,568,,77.1,66,71,10,3,1,0,10,15,0,0,0,0,0,0,11,19,4,1,0,0,4,3,3,5,0,,23,-26,19,9,24,11,7,8,10,12,18,12,N/A,35.0,17,9,57.2x,68.8,110.6,107.7,212,243,,4,1,0,2.45,3.41,3.35,H,3,0
2057,2023-24,2023-11-15,19,16:30,Etihad Stadium,41983,Chris Kavanagh,Cloudy,17.5,42,Relegation 6-pointer,Manchester City,Tottenham,Pep Guardiola,Ange Postecoglou,4-4-2,3-4-3,balanced,attack,bad,good,2,0,3,1,25;44;82+5,64,13,7,3,5,23.1,71.4,2.06,1.54,0.94,-0.54,59.0,41.0,682,329,96.1,81.9,70,,6,3,1,0,22,5,0,1,0,0,0,0,18,19,1,4,0,0,1,1.0,4,0,1,3,18,17,17,8,31,32,8,2,24,12,9,11,28.9,25.2,7,18,71.0,,108.8,99.4,287,142,0,2,1,,2.7,3.06,3.31,H,3,0
1474,2022-23,2023-03-26,9,17:30,Amex Stadium,27385,Thomas Bramall,Light Rain,,92,Title race,Brighton,Wolves,Roberto De Zerbi,Gary O'Neil,3-4-3,3-5-2,balanced,defense,,Avg,1,0,1,0,38,none,20,9,3,4,15.0,,,0.23,-0.25,-0.23,54.1,45.9,402,611,83.1,83.2,nan,27,6,8,0,0,11,17,1,0,0,0,0,0,10,17,2,2,0,0,5,0,4,2,0,1,24,14,14,10,14,16,12,9,19,10,20,16,26.5,16.7,5,18,46.4,57.5,106.9,112.7,259,144,0,3,3,0,,4.35,3.81,H,3,0
983,2021-22,2022-01-16,28,14:05,Stamford Bridge,34273,Thomas Bramall,Foggy,18.0,47,Cup,Chelsea,Brentford,Mauricio Pochettino,Thomas Frank,4-3-2-1,4-2-3-1,balanced,attack,average,good,1,0,3,0,45;72;88,none,20,14,3,5,15.0,35.7,2.88,0.23,0.12,-0.23,58.9,41.1,343,287,81.3,79.4,76,56,5,9,,0,6,15,0,0,0,0,0,0,20,18,2,3,0,1,5,4,5,0,0,3,19,13,13,5,35,18,6,2,15,5,20,19,32.9,41.3,13,11,50.4,65.3,108.9,108.6,,205,2,1,0,0,2.37,4.4,2.85,H,,0
1147,2022-23,2022-08-08,12,16:30,Anfield,57177,Paul Tierney,,18.7,65,League,Liverpool,Tottenham,Jurgen Klopp,Ange Postecoglou,4-4-2,5-4-1,attack,attk,bad,,2,2,3,2,37;41;69,44;55,8,15,4,4,50.0,26.7,,N/A,-1.04,-0.48,57.9,42.1,381,?,93.5,84.9,68,64,11,5,2,2,16,9,1,1,1,,1,0,18,6,4,1,,0,3,2,2,1,2,3,12,11,18,14,40,14,6,8,25,10,19,22,23.2,33.9,10,?,60.5,51.5,108.3,105.0,171,142,1,7,0,0,2.15,4.03,3.49,H,3,0
2036,2020-21,2021-04-05,23,14:05,Selhurst Park,20176,Chris Kavanagh,Clear,7.6,79,Derby,Crystal Palace,Brentford,Oliver Glasner,Thomas Frank,4-1-4-1,5-4-1,defense,attack,good,bad,0,0,1,0,76,none,20,,3,3,15.0,21.4,1.13,0.12,-0.13,-0.12,52.5,47.5,689,265,76.4,80.3,54,60,10,7,1,0,10,14,0,0,0,0,0,0,11,12,2,1,0,0,3,2,3,2,0,1,23,10,5,8,21,23,10,6,18,18,20,17,24.5,22.9,17,N/A,67.6,57.7,109.2,106.6,279,227,1,2,1,1,2.14,5.13,2.95,H,N/A,0
115,2019-20,29/10/2019,36,14:05,Vitality Stadium,10743,Jarred Gillett,Cloudy,9.4,73,League,Bournemouth,West Ham,Andoni Iraola,David Moyes,,4-3-2-1,attk,defense,bad,bad,2,0,3,0,8;30;31,none,,12,3,7,20.0,,3.14,0.1,-0.14,-0.1,44.7,55.3,605,482,80.2,86.5,45,24.0,7,9,,0,17,7,0,,1,0,1,,7,8,3,4,0,0,2,1,7,0,0,3,17,26,8,18,14,12,4,2,5,11,18,5,31.5,,20,13,59.0,62.2,116.7,104.6,286,237,2,1,3,0,3.15,2.91,2.95,H,3,0
1230,2022-23,2022-10-10,28,12:30,Molineux Stadium,24932,Andy Madley,Clear,11.0,89,League,Wolves,Crystal Palace,Gary O'Neil,Oliver Glasner,3-5-2,4-1-4-1,defense,defense,good,bad,0,0,4,0,4;28;45;65,none,,N/A,10,7,71.4,46.7,3.8,0.1,0.2,-0.1,56.0,44.0,311,366,77.5,81.7,27,71,3,6,2,0,15,10,0,0,1,0,,0,10,17,2,2,1,1,3,2,7,6,0,4,23,23,16,15,11,35,5,7,20,17,13,15,22.4,,7,11,40.2,?,108.4,102.6,246,154,2,,2,2,2.27,5.2,2.73,H,nan,0
1832,2023-24,2024-03-20,20,19:45,Old Trafford,72053,Jarred Gillett,Light Rain,13.8x,75,Derby,Manchester United,Luton Town,Erik ten Hag,,4-3-2-1,4-1-4-1,balanced,defense,good,bad,0,0,3,1,8+3;33;62,13,,-1,9,2,100.0,14.3,2.36,1.19,,-0.19,58.2,N/A,483,289,87.8,74.3,37,39,11,5,,1,17,15,1,0,1,0,1,0,17,14,1,1,0,0,0,2,1,6,1,3,10,24,14,10,23,35,9,9,10,21,25,13,20.9,23.2,18,8,46.6,42.9,107.3,113.3,281,264,N/A,3,3,1,2.39,4.25,2.89,H,3,0
528,2020-21,2020-12-26,24,16:30,Emirates Stadium,53267,Simon Hooper,Light Rain,6.9,91,League,Arsenal,Crystal Palace,Mikel Arteta,Oliver Glasner,5-4-1,4-3-3,ATTACK,defense,average,average,1,0,?,1,29;46,86,8,9,8,4,100.0,44.4,2.02,1.61,-0.02,-0.61,60.3,39.7,398,357,84.2,85.0,61,,11,9,2,0,12,14,0,0,0,0,0,0,20,8,2,1,0,0,2,0,3,6,1,2,14,16,15,11,27,30,11,,18,13,11,,,16.9,10,12,62.7,40.9,102.7,115.3,264,254,1,1,2,0,2.1,4.84,3.16,H,3,0
665,2020-21,2021-03-30,17,12:30,London Stadium,49231,Michael Oliver,Cloudy,10.2,46,Relegation 6-pointer,West Ham,Manchester City,David Moyes,Pep Guardiola,3-4-3,4-3-3,defense,,average,average,0,1,0,2,none,29+3;37,8,13,8,4,100.0,30.8,0.1,1.16,-0.1,0.84,42.4,,318,481,79.1,92.4,,50,3,5,0,,19,19,0,0,0,1,0,1,15,13,2,2,0,0,3,3,2,8,2,0,17,19,9,17,,24,10,6,22,12,5,16,,43.8,19,13,49.9,61.9,109.2,107.0,243,197,,1,1,0,2.8,3.8,2.63,A,0,3
453,2020-21,2020-11-05,5,17:30,Selhurst Park,20844,Jarred Gillett,Windy,16.7,79,Relegation 6-pointer,Crystal Palace,Manchester City,Oliver Glasner,Pep Guardiola,4-1-4-1,3-4-3,defense,balanced,bad,average,0,2,0,3,none,9;44;69,14,10,3,2,21.4,20.0,0.1,3.46,-0.1,-0.46,45.2,54.8,614,532,80.1,,43,63,6,?,0,,15,13,0,0,0,1,0,1,19,7,,4,,0,3,5,0,3,3,0,16,28,7,5,19,25,11,10,23,5,24,21,17.8,35.0,9,15,null,55.1,110.4,109.4,279,237,0,1,0,0,3.83,-,2.43,A,0,3
1094,2021-22,2022-04-05,1,12:30,Bramall Lane,29755,David Coote,Light Rain,8.6,43,Top 4 battle,Sheffield United,Manchester City,Chris Wilder,Pep Guardiola,4-2-3-1,5-4-1,defense,balanced,good,good,1,1,3,N/A,67;82+4;89,41;75,11,14,,4,36.4,28.6,3.02,2.33,-0.02,-0.33,28.6,71.4,590,350,72.6,91.0,22,40,4,9,2,,20,13,0,0,2,1,1,0,10,17,3,1,0.0,0,5,5,2,1,2,3,24,16,7,N/A,19,16,2,2,,11,7,21,-,,6,6,45.6,57.3,105.0,100.0,151,244,5,3,1,1,4.33,3.36,2.12,H,,0
1465,2022-23,2023-03-22,23,16:30,Anfield,55941,Michael Oliver,Windy,8.0,83,League,Liverpool,Crystal Palace,Jurgen Klopp,Oliver Glasner,5-4-1,4-1-4-1,,defense,average,good,0,0,1,0,13,none,20,8,6,7,30.0,87.5,1.32,0.31,-0.32,,56.1,43.9,686,318,90.2,81.2,59,33,6,3,1,0,16,18,1,0,0,0,0,0,20,7,0,1,0,0,1,5,7,5,,1,23,27,12,18,24,22,11,7,15,10,8,17,19.2,25.5,N/A,16,46.6,54.0,113.1,,281,226,2,6,1,0,2.22,4.88,,H,3,
1681,2023-24,2023-12-04,8,15:00,Gtech Community Stadium,16647,David Coote,Sunny,12.4,48,League,Brentford,Wolves,Thomas Frank,Gary O'Neil,3-4-3,5-4-1,attack,,good,bad,,1,0,3,,20;31;82,11,9,5,6,45.5,66.7,0.1,3.48,-0.1,-0.48,53.5,46.5,319,520,82.2,82.0,62,62.0,7,4,0,1,12,7,0,1,0,0,0,0,7,17,1,0,nan,0,3,4,3,5,3,0,13,,9,14,18,23,6,4,18,12,25,11,,23.0,14,?,45.4,,111.1,104.8,165,174,1,6,1,1,2.92,2.7,3.49,A,0,3
1630,2023-24,2023-10-30,2,15:00,Molineux Stadium,26174,Paul Tierney,Rainy,##,64,League,Wolves,Brighton,Gary O'Neil,Roberto De Zerbi,3-5-2,4-4-2,defense,balanced,bad,good,0,2,2,6,42+1;47,,8,11,8,6,100.0,54.5,1.5,6.64,0.5,-0.64,40.7,59.3,602,268,84.8,82.7,42,28,5,8,0,2,11,15,0,0,0,2,0,2,17,7,2,3,0,0,2,2,0,6,6,2,,26,N/A,12,13,17,3,6,11,10,7,14,23.3,43.7x,7,11,66.9,53.8,97.0,106.7,220,275,4,3,0,0,3.12,3.07,2.83,A,0,
89,2019-20,2019-10-11,19,15:00,Gtech Community Stadium,14923,Anthony Taylor,Clear,16.4,44,League,Brentford,Chelsea,Thomas Frank,Mauricio Pochettino,4-3-2-1,5-4-1,,balanced,bad,good,1,1,1,2,61,16;32,16,16,10,5,62.5,31.2,0.62,2.67,0.38,-0.67,43.3,56.7,529,546,82.5,82.7,?,52,6,7,1,1,22,8,1,,0,1,0,1,17,14,-2,2,0,0,0,3,3,9,2,1,25,20,15,6,20,24,12,7,9,12,25,,22.1,16.2,12,15,73.0,59.8,107.5,102.4,259,290,4,1,2,2,2.51,5.58,,A,0,3
152,2019-20,2019-11-24,23,19:45,Molineux Stadium,31939,Jarred Gillett,Cloudy,5.9,72,League,Wolves,Liverpool,Gary O'Neil,Jurgen Klopp,4-2-3-1,3-5-2,defense,attack,bad,average,2,1,2,3,3;79+5,67;71;82+3,13,16,7,8,53.8,50.0,1.79,3.45,0.21,-0.45,35.5,64.5,323,500,84.3,89.0,42,75,9,4,1,2,,15,0,0,0,0,0,0,14,10,4,0,0,0,0,4,5,5,3,2,10,18,20,8,34,18,12,3,7,,16,20,25.5,33.8,16,12,73.4,66.3,116.6,105.6,178,161,3,4,0,0,2.47,4.17,2.81,A,0,3
1356,2022-23,2023-01-04,31,20:00,Etihad Stadium,41020,John Brooks,Overcast,7.1,84,Relegation 6-pointer,Manchester City,Fulham,Pep Guardiola,Marco Silva,3-4-3,3-5-2,balanced,balanced,bad,bad,0,0,2,0,25;71,none,14,14,6,1,42.9,7.1,2.2,0.5,-0.2,-0.5,57.0,43.0,507,437,87.8,76.0,22,53,11,5,2,0,21,11,0,0,0,0,0,0,8,19,2,2.0,0,0,5,4,1,4,0,2,24,12,19,9,35,30,2,4,5,16,8,12,21.1,25.3,7,10,40.8,64.3,105.4,113.4,176,,3,3,nan,0,2.27,3.38,3.8,H,3,0
1989,2019-20,2019-11-10,29,19:45,Selhurst Park,22559,Anthony Taylor,Windy,10.2,81,Relegation 6-pointer,Crystal Palace,Brentford,Oliver Glasner,Thomas Frank,4-3-2-1,3-5-2,def,attack,bad,bad,1,0,2,1,20;24,N/A,14,17,8,1,57.1,5.9,2.36,,-0.36,0.36,42.8,57.2,608,337,84.3,79.8,41,65,10,3,,0,,14,0,0,0,1,0,1,15,8,2,3,1,0,1,1,0,6,1,2,17,25,14,7,32,8,5,5,15,16,19,13,,,6,18,66.6,41.2,105.9,99.5,212,245,5,3,3,0,2.79,3.02,,H,3,0
1168,2022-23,2022-08-26,16,17:30,Turf Moor,17210,Michael Oliver,Sunny,16.9,50,Derby,Burnley,Manchester City,Vincent Kompany,Pep Guardiola,3-5-2,,defense,balanced,average,bad,2,0,2,2,23+2;79,24;35,16,10,7,5,43.8,N/A,1.76,2.31,0.24,-0.31,32.1,67.9,459,544,70.3,93.5,73,27,4,3,2,0,10,7,0,0,0,0,,0,11,7,2,2,0,0,2,0,3,5,2,2,19,21,11,11,40,16,7,2,25,22,19,16,,30.3,13,11,61.6,67.9,109.4,103.9,282,205,4,1,,1,3.1,4.48,2.2,D,,1
1678,2023-24,28/11/2023,3,19:45,London Stadium,56890,Jarred Gillett,Light Rain,9.3,90,League,West Ham,Brighton,David Moyes,Roberto De Zerbi,4-1-4-1,4-3-2-1,defense,balanced,bad,bad,1,0,1,0,85,,16,-8,9,5,56.2,62.5,0.86,0.11,0.14,,49.7,50.3,698,409,77.8,84.2,47,62,9,1,1,0,15,17,0,0,0,0,0,0,17,,3,3,0,0,2,4,5,8,0,1,17,,17,15,22,30,11,4,12,10,17,16,30.2,35.1,14,13,68.8,53.0,107.4,103.0,162,186,2,7,1,0,2.79,4.08,,H,3,0
1662,2023-24,2023-11-16,3,17:30,Amex Stadium,29575,Simon Hooper,Windy,16.9,91,Cup,Brighton,Crystal Palace,Roberto De Zerbi,Oliver Glasner,4_2_3_1,4-1-4-1,balanced,defense,good,good,0,0,3,0,34;36;42,none,20,,10,6,##,,2.71,0.1,0.29,-0.1,57.5,42.5,495,306,81.6,80.4,48,43,8,4,1,0,,8,,0,0,0,0,0,7,18,1,1,0,0,4,3,,7,0,3,25,20,6,13,22,21,7,2,18,17,16,5,21.5,39.1,7,7,67.5,46.1,107.0,106.7,274,258,2,3,0,0,2.78,2.75,3.61,H,3,0
1155,2022-23,2022-08-15,29,16:30,Bramall Lane,29861,John Brooks,Rainy,18.8,64,Top 4 battle,Sheffield United,Bournemouth,Chris Wilder,Andoni Iraola,3-4-3,4-1-4-1,defense,attack,bad,average,0,0,0,2,none,4;41+4,18,8,4,4,22.2,50.0,0.42,2.47,,-0.47,37.7,62.3,384,379,73.8,79.8,32,68,11,5,0,0,14,14,0,0,0,0,0,0,6,14,2,2,0,0,0,0,2,4,2,0,30,20,15,18,22,27,12,2,19,17,21,10,43.4,N/A,11,14,60.0,55.6,104.5,109.0,272,167,3,3,1,0,3.16,3.19,2.71,A,0,3
1308,2022-23,2022-12-04,23,16:30,St. James' Park,46425,Robert Jones,Overcast,12.9,62,League,Newcastle,Liverpool,Eddie Howe,Jurgen Klopp,3-5-2,4-2-3-1,,attack,bad,Good,0,1,0,2,none,32;33,16,14,3,4,18.8,28.6,0.1,2.02,-0.1,-0.02,52.9,47.1,610,557,83.7,87.7,65,40,3,4,0,0,7,14,0,1,0,0,0,0,20,?,,1,0,0,5,2,2,3,2,0,21,23,19,10,37,,5,4,10,13,15,4,40.8,18.5,7,,,59.3,-,115.6,297,205,2,3,2,0,2.41,6.04,2.39,A,N/A,3
617,2020-21,2021-02-24,5,20:00,Vitality Stadium,,Jarred Gillett,Overcast,nan,84,Relegation 6-pointer,Bournemouth,Wolves,Andoni Iraola,Gary O'Neil,4-4-2,3-4-3,attack,DEFENSE,bad,bad,0,0,0,0,none,none,9,?,3,8,33.3,50.0,0.15,0.14,,-0.14,42.7,57.3,568,488,78.5,79.2,31,57,7,6,0,0,11,5,0,0,0,0,0,0,9,8,3,3,0,0,6,1,8,,0,0,11,27,9,13,18,11,9,5,14,6,22,19,31.8,15.4,16,15,68.8,67.6,112.7,97.1,276,222,0,2,2,0,2.21,8.11,2.36,D,1,1
501,2020-21,2020-12-08,2,15:00,Emirates Stadium,50195,John Brooks,Clear,14.1,72,Cup,Arsenal,Nottm Forest,Mikel Arteta,Nuno Espirito Santo,3-4-3,4-3-2-1,attack,defense,average,average,4,0,5,0,12;24;37;54;70,none,15,15,5,3,33.3,20.0,6.03,0.13,-1.03,-0.13,57.9%,42.1,454,455,87.1,76.8,,,8,6,2,?,19,12,0,0,,0,1,0,6,9,2,0,0,0,4,4,3,0,0,5,10,28,?,11,21,28,12,8,5,22,,15,32.7,23.8,19,13,49.4,48.7,,103.4,253,168,4,2,0,0,2.16,5.04,2.96,H,3,0
674,2020-21,2021-04-06,31,14:05,Anfield,53787,Jarred Gillett,Foggy,18.3,55,League,Liverpool,Newcastle,Jurgen Klopp,Eddie Howe,3-4-3,,attack,defense,good,,0,2,2,2,6;85,56;77,14,9,6,6,42.9,66.7,2.18,2.51,-0.18,-0.51,54.8,45.2,,635,90.9,80.9,68,67,,6,0,2,12,14,nan,0,0,0,0,0,14,7,2,1,0,0,6,0,4,4,2,2,25,17,8,5,?,29,3,6,18,12,20,21,37.9,22.1,17,6,60.0,47.2,108.4,105.5,292,252,3,4,3,0,2.63,3.14,3.32,D,1,1
1862,2023-24,2024-04-09,34,19:45,Turf Moor,19393,Paul Tierney,Foggy,17.0,93,League,Burnley,Nottm Forest,Vincent Kompany,,5-4-1,4-1-4-1,,defense,bad,good,1,0,2,1,44;73,33+5,,6,4,1.0,28.6,16.7,2.63,1.13,,-0.13,37.6%,62.4,566,252,71.4,78.0,34,27,9,6,0,0,10,11,0,0,1,0,0,0,14,9,0,,0,0,3,1,0.0,2,1,2,26,20,16,6,34,33,4,4,23,,14,20,27.1,,9,14,42.8,40.5,105.6,101.7,174,241,0,1,1,0,2.39,5.92,2.42,H,3,0
1125,2021-22,2022-05-01,4,20:00,Emirates Stadium,54187,Simon Hooper,Windy,10.1,95,League,Arsenal,Brighton,Mikel Arteta,Roberto De Zerbi,4-1-4-1,5-4-1,attack,balanced,good,good,1,0,2,0,47;52,none,-15,10,3,1,20.0,10.0,nan,0.1,0.5,-0.1,51.8,48.2,417,461,,80.8,50,53,11,9,1,0,18,13,0,0,0,0,0,0,7,N/A,2,nan,0,0,2,2,1,1,0,2,19,18,10,5,39,24,3,2,24,19,21,16,23.1,41.1,19,10,51.4,63.6,113.3,110.9,194,204,1,4,0,0,2.11,null,2.76,H,nan,0
1234,2022-23,2022-10-13,32,20:00,Molineux Stadium,25505,Paul Tierney,Foggy,25.0,77,Top 4 battle,Wolves,Bournemouth,Gary O'Neil,Andoni Iraola,4-1-4-1,4-4-2,defense,attack,good,good,0,0,2,2,2;80+3,37+1;53,14,12,2,8,14.3,66.7,2.92,2.09,-0.92,,55.3,44.7,335,494,76.9,78.6,29,75,10,nan,2,0,12,7,0,0,0,1,0.0,0,18,10,1,0,0,0,2,3,6,,2,2,11,14,18,12,16,33,6,6,21,6,15,21,37.4,21.4,13,9,56.8,49.4,107.8,108.8,260,224,0,6,0,N/A,2.05,,3.6,D,1,1
378,2019-20,03-05-2020,38,19:45,Gtech Community Stadium,16106,Jarred Gillett,Light Rain,17.2,51,Relegation 6-pointer,Brentford,Wolves,Thomas Frank,Gary O'Neil,4-1-4-1,3-5-2,attack,defense,AVERAGE,AVERAGE,1,2,4,4,10;54;59+5;66,16;20;27;43,17,7,5,4,null,,3.92,5.11,,-1.11,47.0,53.0,561,536,80.0,83.5,79,36,11,5,0,1,9,16,0,0,2,2,2,2,13,10,4,1,0,0,3,5,0,1,4,4,27,20,12,18,21,?,7,6,N/A,7,20,20,17.8,29.2,12,10,63.9,58.9,109.9,104.2,286,283,3,2,0,0,2.7,3.55,2.88,D,1,1
1010,2021-22,2022-02-06,18,16:30,Bramall Lane,31344,Michael Oliver,Clear,11.6,65,Cup,Sheffield United,Chelsea,Chris Wilder,Mauricio Pochettino,3-5-2,4-3-2-1,defense,balanced,average,good,0,0,1,2,13,58;59,19,6,7,6,36.8,100.0,1.08,2.03,-0.08,,33.5,66.5,367,525,75.9,89.5,,,9,5,0,2,7,19,0,0,1,?,1,0,7,12,3,1,0,0,0,1,4,6,2,1,26,14,9,16,,28,2,5,,19,22,15,27.5,20.6,17,11,42.9,66.2,108.0,107.6,258,242,3,3,,0,3.2,3.86,2.33,A,0,3
1189,2022-23,2022-09-09,25,15:00,Craven Cottage,21876,Paul Tierney,Clear,5.9,71x,Title race,Fulham,Burnley,Marco Silva,Vincent Kompany,5_4_1,4-1-4-1,balanced,defense,bad,Good,1,2,2,2,36;78,3;79,8,15,4,,50.0,46.7,2.99,1.95,-0.99,0.05,62.3,37.7,623,288,76.9,70.6,66,34,6,7,2,2,N/A,13,1,0,0,?,0,0,6,6,1,1,0,0,,3,5,2,2,2,24,N/A,10,8,18,27,11,4,23,16,25,20,42.5,38.6,9,5,44.4,69.4,101.5,109.6,289,163,3,0,0,0,1.96,4.25,3.94,D,1,1
1031,2021-22,2022-02-21,11,17:30,Amex Stadium,,Simon Hooper,,19.5,40,Top 4 battle,Brighton,Everton,Roberto De Zerbi,Sean Dyche,4-1-4-1,4-1-4-1,balanced,defense,BAD,good,1,,2,nan,33;38,21;59,18,7,7,3,38.9,,1.61,2.55,0.39,-0.55,54.2,45.8,328,598,84.2,74.8,72,34,2,7,2,1,13,12,0,0,0,1,0,1,11,6,3,2,0,0,2,N/A,,5,2,2,11,25,19,13,27,37,3,5,6,7,6,9,33.4,37.8,15,18,61.1,51.1,110.4,106.6,262,247,2,,2,0,2.78,3.48,2.83,D,1,1
1972,2021-22,2021-11-06,30,15:00,Villa Park,32391,Robert Jones,Sunny,-2.6,86,Cup,Aston Villa,Crystal Palace,Unai Emery,Oliver Glasner,4-3-3,3-5-2,attack,defense,average,good,2,0,2,0,23;24,none,9,nan,,1,55.6,5.9,2.07,0.1,-0.07,-0.1,48.6%,51.4%,467,643,80.3,78.7,49,43,4,7,1,0,10,12,0,0,0,0,0,0,17,18,0,0,0,0,4,0,1,3,0,2,15,20,12,18,18,24,7,5,8,nan,22,12,33.9,44.5,6,5,40.3,64.7,107.5,103.4,161,196,0,0,2,1,2.57,,3.22,H,3,0
539,2020-21,2021-01-03,21,14:05,Amex Stadium,29773,Anthony Taylor,Cloudy,-3.0,77,League,Brighton,Luton Town,Roberto De Zerbi,Rob Edwards,4-1-4-1,4-4-2,,defense,average,good,3,1,,1,15;38;66,,-2,11,4,3,22.2,27.3,2.87,0.72,0.13,0.28,66.5,33.5,343,468,86.6,76.4,nan,,,7,2,1,10,13,0,0,0,0,0,0,15,17,2,2,0,0,6,3,2,1,1,3,22,18,17,?,36,21,11,3,11,6,14,8,43.5,N/A,10,15,68.9,64.5,111.6,114.6,181,185,2,0,1,,1.85,null,3.47,H,3,0
928,2021-22,2021-12-06,11,15:00,Villa Park,38888,Stuart Attwell,Windy,3.9,51,League,Aston Villa,Everton,Unai Emery,Sean Dyche,5-4-1,5-4-1,attack,defense,good,bad,,1,3,1,4;55;66,15,9,11,4,7,44.4,63.6,3.16,1.13,-0.16,-0.13,50.1,49.9,578,541,79.3,78.8,78,23,4,nan,2,1,19,15,1,1,1,0,0,0,8,14,0,1,0,0,0,4,6,1,,3,13,18,19,14,,29,3,10,11,11,5,10,27.9,38.1,13,8,58.3,41.6,111.1,106.0,196,276,0,2,1,0,2.04,4.38,3.55,H,3,0
177,2019-20,2019-12-10,36,16:30,Etihad Stadium,46405,Stuart Attwell,Windy,-0.7,54,League,Manchester City,Brighton,Pep Guardiola,Roberto De Zerbi,3-5-2,4-2-3-1,balanced,balanced,good,bad,0,1,4,1,24+3;30+4;34;54,85,9,,4,4,44.4,30.8,4.34,1.0,-0.34,0.0,52.6,47.4%,514,491,88.4,80.9,42,56,10,7,0,1,13,10,0,0,0,0,0,0,16,13,3,4,0,0,3,5,3,0,1,4,25,19,,12,29,14,5,8,14,9,16,6,25.3,26.3,5,15,50.7,69.5,101.6,104.1,300,174,2,1,0,0,1.98,5.19,3.31,H,3,0
511,2020-21,2020-12-15,19,14:05,Vitality Stadium,9340,Michael Oliver,Sunny,-0.2,79,League,Bournemouth,Newcastle,Andoni Iraola,Eddie Howe,4-3-3,3-4-3,attack,defense,good,bad,0,0,0,1,none,37,9,15,7,8,77.8,?,0.43,1.57,,-0.57,40.1,59.9,503,335,77.9,88.4,20,19,2,1,0,1,12,13,0,0,0,0,0,0,19,17,2,2,0,0,5,5,7,7,1,0,15,17,19,16,19,8,N/A,9,6,21,15,5,42.6,33.6,20,11,74.9,58.6,113.2,103.0,274,141,2,0,0,0,3.22,2.94,2.86,A,0,3
745,2020-21,2021-05-29,6,12:30,City Ground,30100,Simon Hooper,Sunny,-5.9,91,League,Nottm Forest,Sheffield United,Nuno Espirito Santo,Chris Wilder,5-4-1,4-1-4-1,defense,defense,avg,average,2,0,2,0,29;86,,20,13,5,6,25.0,46.2,2.62,0.24,-0.62,-0.24,57.0,43.0,609,322,76.8,77.1,61,30,5,5,1,0,13,18,0,0,0,0,0,0,7,8,2,1,N/A,1,0,4,6,3,0,2,21,13,19,12,25,8,9,,25,11,18,4,36.1,,6,16,65.7,51.4,109.6,104.6,150,147,3,2,1,0,2.52,3.54,3.12,H,3,0
1113,2021-22,2022-04-18,36,12:30,Villa Park,40714,Chris Kavanagh,Overcast,3.9,80,Title race,Aston Villa,Brighton,Unai Emery,Roberto De Zerbi,4-2-3-1,4-4-2,attack,BALANCED,bad,average,1,3,2,3,40;86,14;41;55,16,17,4,7,25.0,41.2,1.48,3.1,0.52,-0.1,56.6,43.4,687,360,82.2,79.8,67,N/A,11,9,1,2,9,5,0,0,0,1,0,0,9,9,3,0,0,0,1,2,,2,3,2,18,14,16,17,28,31,6,,25,5,15,12,35.5,19.4,10,18,52.9,58.7,103.9,109.0,152,149,3,1,0,0,2.95,2.84,3.24,A,0,3
1053,2021-22,2022-03-09,35,20:00,Kenilworth Road,8563,Anthony Taylor,Light Rain,11.4,84,Derby,Luton Town,Crystal Palace,Rob Edwards,Oliver Glasner,5-4-1,3-5-2,defense,defense,bad,bad,1,1,3,1,5+5;51;51,67,17,16,4,3,23.5,18.8,3.48,1.33,-0.48,-0.33,48.9,51.1%,507,512,74.7,80.0,73,67,3,nan,2,0,18,6,0,0,2,0,1,0,10,10,2,2,0,0,4,0,2,1,1,3,24,23,16,8,30,34,9,4,15,7,23,8,25.1,31.1,9,4,55.7,40.7,114.4,106.1,265,150,2,6,0,0,2.56,5.67,2.31,H,3,0
1418,2022-23,2023-02-15,24,20:00,Kenilworth Road,9610,Stuart Attwell,Clear,11.2,49,League,Luton Town,Brighton,Rob Edwards,Roberto De Zerbi,4-4-2,4_1_4_1,defense,balanced,bad,bad,0,1,1,5,3+5,29;30;47;75+5;78,19,10,,-2,42.1,30.0,1.55,3.95,-0.55,1.05,33.6,66.4,313,468,71.3,79.5,59,19,7,,1,0,15,6,0,0,0,2,0,2,19,7,1,2,0,0,0,5,0,,5,1,20,16,16,8,20,29,5,8,,16,12,8,32.8,29.6,17,4,,47.3,104.5x,106.6,236,275,2,2,0,0,3.33,,2.64,A,0,3
1323,2022-23,2022-12-14,25,14:05,London Stadium,61132,Thomas Bramall,Sunny,13.4,83,Cup,West Ham,Aston Villa,David Moyes,Unai Emery,4-3-3,5-4-1,defense,attack,good,average,,1,1,2,33,16;76,19,12,3,,15.8,66.7,1.23,1.55,-0.23,0.45,50.0,50.0,644,349,82.2,88.7,37,49,6,5,0,1,10,nan,,0,0,0,0,0,8,N/A,1,0,0,0,4,0,6,2,2,?,30,25,15,9,20,25,11,3,7,20,17,9,30.3,28.0,20,,73.5,55.3,111.1,102.8,264,162,4,7,0,0,3.14,,2.34,A,0,3
1170,2022-23,2022-08-27,31,19:45,Molineux Stadium,31490,Anthony Taylor,Light Rain,,74,League,Wolves,Fulham,Gary O'Neil,Marco Silva,4-1-4-1,4-3-3,defense,balanced,good,bad,1,2,3,4,35;38+1;71,1;46;86;87,10,17,6,4,60.0,23.5,,3.74,0.67,0.26,50.5,49.5,427,616,82.2,78.0,72,50,11,3,2,0,,8,0,0,0,0,0,0,12,8,1,3,0,0,2,1,0,3,4,3,18,18,8,7,14,32,7,5,14,5,14,21,19.7,25.3,19,10,68.9,61.8,107.6,101.8,264,199,2,5,1,1,3.07,3.11,2.84,A,0,3
346,2019-20,2020-04-07,32,14:05,Tottenham Hotspur Stadium,62443,Michael Oliver,Windy,21.1,41,Relegation 6-pointer,Tottenham,Sheffield United,Ange Postecoglou,Chris Wilder,4-3-3,5-4-1,,defense,,good,4,0,5,0,1;23;31;72;89,none,14,15,5,8,35.7,null,5.94,0.1,-0.94,-0.1,71.0,29.0,633,529,83.9,,70,62,8,1,2,0,10,20,0,,0,,0,0,17,,3,2,0,0,5,1,8,0,0,5,N/A,27,6,11,11,10,5,7,14,22,19,15,18.1,43.2,12,6,71.3,61.7,113.9,105.4,234,,2,4,2,1,2.02,4.35,3.64,H,3,0
1507,2022-23,2023-04-23,38,12:30,Tottenham Hotspur Stadium,58559,Paul Tierney,Overcast,18.7,51,League,Tottenham,Bournemouth,,Andoni Iraola,4-3-3,3-4-3,attack,attack,bad,good,0,0,4,0,40;54;61;81,none,20,17,6,?,30.0,23.5,4.06,0.43,-0.06,?,53.1,46.9,N/A,255,87.6,82.7,33,20,8,4,1,0,8,19,0,0,1,0,1,0,14,18,1,2,0,0,2,1,4,2,0,4,20,23,17,6,N/A,37,6,7,6,8,25,7,42.7,18.0,16,8,61.3,71.4,109.2,105.8,196,280,5,7,0,0,2.66,3.2,3.2,H,3,
1880,2023-24,2024-04-19,31,12:30,Villa Park,38452,Jarred Gillett,Light Rain,16.4,50,Title race,Aston Villa,Liverpool,Unai Emery,Jurgen Klopp,3-4-3,4-2-3-1,attack,attack,bad,good,1,1,1,,83,49;88,14,14,6,7,42.9,50.0,1.06,2.36,-0.06,-0.36,47.5,52.5,688,396,88.6,86.3,73,32,5,,,1,21,7,1,0,,0,0,0,10,9,1,0,0,0,1,3,5,5,2,1,17,21,,18,35,,12,9,25,18,9,12,36.9,16.3,10,9,54.5,55.9,106.6,104.5,153,158,2,1,1,1,2.71,3.55,2.87,A,0,3
609,2020-21,2021-02-22,23,17:30,Emirates Stadium,55124,Michael Oliver,Overcast,12.3,94,Cup,Arsenal,Luton Town,Mikel Arteta,Rob Edwards,4-2-3-1,3-5-2,attack,defense,good,bad,2,0,3,1,44;47;87,89,11,11,5,1,45.5,9.1,3.36,1.43,,-0.43,69.7,,,305,91.4,71.0,63,21,2,9,0,0,12,8,0,0,1,1,1,1,12,-13,2,0,0,?,6,4,0,2,nan,,27,23,5,16,25,37,4,8,10,6,21,8,31.2,28.6,11,8,72.1,71.7,107.4,110.5,249,250,3,6,1,0,1.76,7.28,3.4,H,nan,0
198,2019-20,2019-12-29,24,19:45,Bramall Lane,27690,?,Clear,10.2,76,Cup,Sheffield United,Manchester City,Chris Wilder,Pep Guardiola,3-4-3,4-4-2,defense,balanced,bad,average,nan,1,0,,none,78,16,9,3,2,18.8,22.2,##,1.53,-0.41,-0.53,,62.9,,290,77.7,91.1,76,65,8,8,,1,20,12,0,0,0,0,0,0,7,13,1,2,0,0,4,2,1,3,1,0,16,15,20,5,23,8,9,7,6,17,12,21,26.4,42.8,17,18,58.7,66.9,106.7,110.3,152,146,4,2,2,1,2.9,5.41,nan,A,0,3
596,2020-21,2021-02-12,29,15:00,Bramall Lane,29299,,Foggy,19.2,89,League,Sheffield United,Brentford,Chris Wilder,Thomas Frank,4-3-2-1,5-4-1,defense,attack,bad,average,0,1,0,1,none,73+1,8,9,6,2,75.0,22.2,0.1,1.04,-0.1,-0.04,40.9,59.1,596,520,69.4,82.6,53,31,11,1,0,1,19,6,0,0,0,0,0,0,10,16,,2,0,,4,4,1,6,1,0,21,16,14,17,27,17,,10,13,17,10,11,27.9,19.7,12,4,74.3,48.1,105.2,118.5,265,226,2,2,,1,3.64,2.78,2.73,A,0,3
484,2020-21,2020-11-27,25,12:30,Gtech Community Stadium,16045,Jarred Gillett,Cloudy,25.1,56,League,Brentford,Tottenham,Thomas Frank,Ange Postecoglou,3-5-2,4-1-4-1,attack,attack,bad,average,2,1,2,-2,8;88,68;89,12,10,8,8,66.7,80.0,1.99,1.95,0.01,0.05,41.3,58.7,672,644,77.2,85.0,22,35,5,7,1,0,11,13,0,0,0,0,0,0,19,19,1,2,0,0,5,4,6,,2,2,26,13,11,14,38,37,12,7,6,9,,4,23.9,28.1,7,11,44.6,46.0,101.0,108.9,205,263,1,4,0,0,2.27,4.93x,2.8,D,1,1
211,2019-20,2020-01-07,19,20:00,London Stadium,47501,Andy Madley,Cloudy,13.2,61,League,West Ham,Liverpool,David Moyes,Jurgen Klopp,3-5-2,4-4-2,defense,attack,good,bad,1,1,2,1,11;78,44,10,13,10,6,100.0,46.2,1.86,1.15,0.14,-0.15,41.0,59.0,601,568,86.6,89.1,76,75,10,5,1,1,9,,0,0,0,0,0,0,20,20,1,2,0,0.0,2,5,5,8,1,2,13,15,8,12,,27,2,7,18,11,5,7,42.2,24.0,14,18,53.3,56.2,107.9,98.4,264,266,1,6,0,0,3.55,3.43,2.34,H,3,0
974,2021-22,2022-01-09,13,16:30,Gtech Community Stadium,13902,Andy Madley,Foggy,19.3,56,Derby,Brentford,Aston Villa,,Unai Emery,4-2-3-1,5-4-1,attack,attack,good,average,0,0,0,1,none,10,19,7,4,5,21.1,71.4,0.33,1.45,-0.33,-0.45,41.1,58.9,612,595,81.9,80.3,24,22,2,2,0,1,9,15,0,0,0,0,0,0,7,10,2,1,0,0,2,5,4,4,1,0,26,23,20,10,25,,10,10,5,9,18,9,20.8,15.2,10,16,58.1,51.9,113.2,111.5,284,154,3,3,1,1,2.58,4.14,2.69,A,0,3
1738,2023-24,2024-01-10,12,12:30,Emirates Stadium,59054,Michael Oliver,Windy,12.5,67,Title race,Arsenal,Sheffield United,Mikel Arteta,Chris Wilder,4-3-2-1,5-4-1,ATTACK,defense,bad,bad,1,0,5,1,33;37;58;70;87,66,16,10,5,8,31.2,,4.48,1.0,0.52,0.0,74.6,25.4,587,491,85.1,72.8,65,69,9,4,1,0,13,14,0,0,nan,1,1,1,16,10,2,1,0,0,1,0,7,0,1,5,15,25,15,16,12,17,11,5,15,22,14,9,21.4,29.0,20,16,45.9,55.9,104.8,109.9,294,219,1,4,0,0,1.89,5.37,,H,,0
1312,2022-23,2022-12-03,2,12:30,City Ground,26294,Paul Tierney,Clear,13.4,86,Title race,Nottm Forest,Aston Villa,Nuno Espirito Santo,Unai Emery,4-3-2-1,4-3-2-1,defense,attack,good,average,1,0,1,3,52,30+3;47;69+5,14,,5,5,35.7,31.2,0.97,2.45,0.03,0.55,44.9,55.1,459,469,80.1,86.9,44,40,8,7,0,1,,11,1,0,0,0,0,0,11,14,0,0,0,0,1,0,2,,3,1,15,22,7,10,33,19,12,2,23,17,11,19,38.8,33.6,5,18,64.1,51.3,106.0,107.8,187,,2,7,0,0,,nan,2.44,A,0,3
865,2021-22,2021-10-27,3,15:00,Goodison Park,31507,Thomas Bramall,Cloudy,20.7,69,Relegation 6-pointer,Everton,Wolves,Sean Dyche,Gary O'Neil,4-3-2-1,4_2_3_1,defense,defense,bad,average,1,0,3,0,28;73;77+1,none,19,8,7,7,36.8,87.5,2.29,0.1,0.71,-0.1,43.6,56.4,595,373,82.2,77.2,,26,3,5,0,0,7,19,0,0,0,0,0,0,14,15,1,3,0,0,0,1,7,4,0,3,29,19,10,5,29,27,12,7,8,14,10,22,,34.9,5,14,55.0,47.8,117.7,112.9,,171,5,0,,1,2.5,4.97,N/A,H,3,0
1875,2023-24,2024-04-15,3,14:05,Old Trafford,67493,Andy Madley,Light Rain,23.4,,League,Manchester United,Everton,Erik ten Hag,Sean Dyche,3-4-3,4-3-2-1,balanced,DEFENSE,good,average,1,0,1,0,88,none,8,6,7,4,87.5,66.7,0.61,0.1,0.39,-0.1,59.3,40.7,697,324,87.1x,82.9,40,23,5,6,1,0,10,15,0,0,0,0,0,0,11,20,3,1,0,0,1,2,4,6,0,1,10,14,20,14,21,21,9,2,13,12,8,22,21.8,36.8,9,4,64.2,51.4,101.3,104.1,235,261,0,6,0,0,?,2.89,3.85,H,3,0
1543,2023-24,2023-08-27,21,14:05,London Stadium,49992,Chris Kavanagh,Clear,11.5,64,League,West Ham,Crystal Palace,David Moyes,Oliver Glasner,4-4-2,4-1-4-1,defense,DEFENSE,good,good,0,,0,-2,none,12;66,10,7,5,1,50.0,14.3,0.33,2.36,-0.33,-0.36,46.5,53.5,474,631,84.3,83.7,51,,9,6,0,,22,11,0,0,0,1,0,1,9,17,1,0,0,0,2,0,0,5,2,0,25,18,?,,19,?,2,5,8,5,6,4,29.0,21.8,nan,12,66.8,57.9,102.2,106.9,271,252,,2,3,2,2.84,3.77,2.61,A,0,3
1027,2021-22,2022-02-19,34,19:45,St. James' Park,52200,David Coote,Windy,25.5,68,League,Newcastle,Luton Town,Eddie Howe,Rob Edwards,4-4-2,4-4-2,defense,defense,average,average,2,0,2,1,11;26,85,9,13,2,5,22.2,38.5,2.95,1.23,-0.95,-0.23,62.8,37.2,358,314,83.8,77.9,41,52,11,5,0,0,12,5,0,0,0,0,0,0,20,18,2,1,0,0,0,0,4,0,1,2,nan,10,10,5,31,32,5,10,15,6,,17,38.6,,17,13,43.3,71.8,108.3,95.7,195,,3,5,1,1,2.41,##,4.27,H,3,0
1721,2023-24,2024-01-01,22,15:00,Stamford Bridge,39449,Andy Madley,Sunny,12.9,87,Title race,Chelsea,Burnley,Mauricio Pochettino,Vincent Kompany,4-4-2,3-5-2,BALANCED,defense,average,good,1,0,2,1,,63,12,14,3,7,25.0,50.0,,1.13,-0.1,,56.2,43.8,575,593,89.8,79.3,41,67,9,1,2,,17,6,0,0,0,0,0,0,13,7,0,1,0,0,0,4,6,1,1,2,11,13,10,13,34,24,11,-7,14,6,13,17,38.1,27.3,17,5,66.0,57.6,108.4,113.1,289,241,2,4,0,0,2.22,3.48,3.83,H,3,nan
315,2019-20,2020-03-17,36,17:30,Turf Moor,16481,Michael Oliver,Clear,4.7,91,Top 4 battle,Burnley,Newcastle,Vincent Kompany,Eddie Howe,4-3-2-1,5-4-1,defense,defense,bad,average,0,0,0,3,none,4;75+3;89,12,nan,10,3,83.3,18.8,0.1,2.62,,0.38,42.6,57.4,621,nan,?,86.1,44,52,8,4,0,nan,15,19,0,0,0,0,0,0,16,19,2,0,0,0,0,4,0,10,3,0,13,17,11,8,29,12,9,5,5,5,15,17,43.3,38.1,nan,15,58.5,52.7,102.6,115.2,173,215,2,5,1,1,3.97,3.84,-,A,0,
1557,2023-24,2023-09-08,16,16:30,Kenilworth Road,8699,,Foggy,20.9,42,Derby,Luton Town,Manchester United,Rob Edwards,Erik ten Hag,4-3-2-1,3-5-2,defense,balanced,average,good,0,1,1,1,13,10,8,12,5,4,62.5,33.3,0.92,1.09,0.08,-0.09,35.2,64.8,639,259,72.9,85.9,20,33,6,4,0,1,14,15,0,1,0,0,0,0,10,15,1,1,0,0,4,2,3.0,4,1,1,18,12,6,11,21,21.0,9,3,19,14,22,12,42.7,29.6,19,12,45.6,56.6,104.7,111.6,178,?,2,3,3,1,2.87,5.28,2.16,D,1,1
1196,2022-23,2022-09-13,17,15:00,Amex Stadium,,Thomas Bramall,Light Rain,20.1,46,League,Brighton,Burnley,Roberto De Zerbi,Vincent Kompany,,3-4-3,attack,def,bad,average,0,0,,0,19;30;45+4;51,none,8,8,6,5,75.0,62.5,3.28,0.13,0.72,-0.13,69.2,30.8,615,274,85.2,75.5,40,36,8,1,1,0,10,8,0,0,1,0,1,0,7,nan,2,1,0,0,1,0,5,,0,4,14,14,20,,29,32,11,7,23,11,23,7,15.1,21.8,20,17,74.4,60.3,108.8,104.2,280,217,2,2,0,0,2.39,2.96,4.11,H,3,0
852,2021-22,2021-10-15,1,20:00,Old Trafford,63843,,Foggy,6.5,85,Relegation 6-pointer,Manchester United,West Ham,Erik ten Hag,David Moyes,4-4-2,4-3-2-1,balanced,attack,good,bad,1,0,1,1,33,36,12,11,,7,16.7,63.6,1.1,1.1,-0.1,-0.1,56.0,44.0,367,412,80.2,80.1,28,27,2,2,0,1,14,8,0,,0,0,,0,,20,1,2,0,0,2,1,?,1,1,1,23,16,13,9,39,13,12,2,18,11,19,13,41.4,33.7,8,18,55.4,58.0,106.5,null,279,187,2,2,1,1,2.05,5.36,3.07,D,1,
1658,2023-24,2023-11-15,12,16:30,City Ground,25831,Thomas Bramall,Foggy,,65,League,Nottm Forest,West Ham,Nuno Espirito Santo,David Moyes,4-4-2,3-5-2,defense,defense,average,good,1,,2,1,60+1;76+3,40,8,15,5,8,62.5,53.3,2.82,1.28,,-0.28,41.9,58.1,686,475,76.8,82.6,75,23,9,6,0,1,14,10,0,0,0,1,0,0,16,7,1,2,0,0,2,4,7,3,1,2,10,26,,15,11,29,2,10,13,14,14,21,19.1,,16,15,71.8,59.2,107.6,103.7,276,285,3,6,2,0,null,4.15,2.84,H,3,0
1219,2022-23,2022-09-27,31,19:45,London Stadium,56406,,Clear,-4.3,61,League,West Ham,Chelsea,David Moyes,,4-3-2-1,3-4-3,defense,balanced,bad,bad,1,0,3,1,48;81;87,68,10,13,5,2,50.0,15.4,2.98,0.69,0.02,0.31,41.9,58.1,657,?,78.8,80.6,,37,2,3,0,1,14,12,1,N/A,1,0,1,0,19,17,1,1,0,0,4,1,1,2,1,3,29,23,18,18,21,19,12,5,24,13,9,,27.9,39.4,6,8,63.5,69.8,107.7,N/A,152,268,2,2,2,0,2.32,5.65,2.55,H,3,0
230,2019-20,2020-01-15,3,20:00,Vitality Stadium,8679,David Coote,Rainy,11.2,60,League,Bournemouth,Chelsea,Andoni Iraola,Mauricio Pochettino,3-4-3,5-4-1,attack,balanced,bad,average,1,1,2,,49;62,4;51,17,15,7,2,41.2,13.3,2.39,2.18,-0.39,-0.18,41.5,58.5,675,456,82.3,85.0,64,38,7,3,1,0,16,11,0,0.0,1,0,1,0,10,9,2,2,0,0,6,0,0,5,2,2,21,18,17,9,14,38,5,nan,24,22,14,6,39.2,23.0,18,15,65.8,66.6,111.3,109.0,295,279,,3,0,0,2.35,7.21,2.29,D,1,1
536,2020-21,2020-12-29,10,20:00,Craven Cottage,19786,Anthony Taylor,Rainy,14.9,63,League,Fulham,Burnley,Marco Silva,Vincent Kompany,4-4-2,4-3-3,balanced,defense,bad,average,1,1,2,1,41;48,71,19.0,6,8,1,42.1,16.7,2.72,1.52,-0.72,-0.52,53.5%,46.5,428,374,83.2,74.6,30,?,,8,,1,13,7,0,0,0,0,0,0,15,19,2,0,0,0,1,2,0,6,1,2,14,26,13,,10,35,8,4,7,17,12,9,35.2,36.3,11,11,74.5,59.3,110.0,112.6,227,237,1,2,nan,0,N/A,3.79,2.95,H,3,0
1668,2023-24,2023-11-25,17,15:00,London Stadium,49979,Andy Madley,Light Rain,,51,Cup,West Ham,Nottm Forest,David Moyes,Nuno Espirito Santo,4-4-2,4-3-2-1,defense,defense,good,average,1,1,2,2,19;44,79;79,16,,7,3,43.8,33.3,1.69,2.24,0.31,-0.24,53.3,46.7,596,573,81.8,81.6,68,59,4,7,1,1,7,19,1,0,0,1,0,0,14,17,4,1,0,0,4,3,1,5,2,2,29,11,15,18,39,22,10,2,13,6,8,8,37.5,35.3,18,17,56.5,44.5,105.4,102.7,161,151,4,2,2,2,2.19,,3.42,D,nan,1
297,2019-20,2020-03-06,19,12:30,Kenilworth Road,9172,Chris Kavanagh,Cloudy,10.0,77,League,Luton Town,Burnley,Rob Edwards,Vincent Kompany,4-2-3-1,3-5-2,defense,defense,good,bad,1,2,2,3,24;59,9;11;75,9,16,3,5,,31.2,2.56,2.22,-0.56,0.78,53.5,46.5,388,514,79.0,74.6,75,38,6,7,0,0,7,10,0,2,0,1,0,1,11,,3,3,0,0,6,0,2,1,3,2,28,27,16,12,23,14,7,10,8,11,10,19,,38.9,16,9,,70.4,,103.1,250,253,1,3,0,0,2.19,3.94,3.45,A,0,3
2067,2021-22,2021-12-11,28,17:30,Turf Moor,19335,Chris Kavanagh,Light Rain,15.5,63,Cup,Burnley,Sheffield United,Vincent Kompany,Chris Wilder,4-2-3-1,4-2-3-1,defense,defense,good,bad,0,,3,0,,none,16,17,8,7,50.0,41.2,3.63,0.1,-0.63,-0.1,45.3%,54.7,499,553,76.3,70.4,61,59,11,6,0,0,17,11,0,0,1,0,1,0,12,14,1,1,0,0,4,3,7,5,0,3,21,14,6,15,18,28,8,3,11,9,13,7,29.3,15.1,17,10,68.4,46.9,107.3,107.8,225,164,2,4,0,0,2.85,3.13,3.04,H,3,0
1595,2023-24,2023-09-29,16,20:00,Villa Park,36957,?,Sunny,17.9,95,Title race,Aston Villa,Wolves,Unai Emery,Gary O'Neil,4-1-4-1,4-3-3,,defense,,good,2,0,4,2,12;51;66+2;71,37;46+2,14,7,7,2,50.0,28.6,4.32,,-0.32,0.18,54.0,46.0,564,488,87.9,75.7,71,33,9,2,0,N/A,11,9,0,0,2,0,2,0,12,16,0,0,0,0,6,0,0,3,2,4,23,28,,9,15,,9,6,5,18,8,8,32.1,31.5,9,14,43.7,67.6,114.3,107.4,150,,3,5,0,0,2.11,6.1,2.76,H,3,0
1817,2023-24,2024-03-08,9,20:00,St. James' Park,40796,Stuart Attwell,Windy,24.7,71,Derby,Newcastle,Brighton,Eddie Howe,Roberto De Zerbi,4-3-3,4-2-3-1,defense,balanced,BAD,average,0,2,2,2,10;79,55;89,20,6,9,6,45.0,100.0,1.91,1.8,0.09,0.2,48.5,51.5,401,507,84.0,85.0,44,49,5,,1,2,21,18,0,0,1,0,1,0,16,11,1,2,0,,3,3,4,7,2,2,17,11,8,12,38,22,11,,14,8,24,6,16.0,35.1,9,8,43.0,44.2,110.5,105.8,225,248,2,5,2,1,2.31,3.91,nan,D,1,1
1665,2023-24,2023-11-21,24,20:00,Amex Stadium,31388,Andy Madley,Foggy,15.2,90,Relegation 6-pointer,Brighton,Newcastle,Roberto De Zerbi,Eddie Howe,4-1-4-1,4-3-3,balanced,,bad,good,0,0,2,1,1;67,39,8,17,5,6,62.5,35.3,2.57,1.31,-0.57,-0.31,52.6,47.4,477,590,81.8,89.4,-36,50,2,5,1,0,21,13,,0,0,1,0,1,7,,1,2,,0,0,5,5,3,1,2,14,26,16,13,19,27,2,N/A,10,22,,7,34.7,,19,6,62.3,40.6,107.9,108.1,232,152,2.0,3,0,0,2.92,3.15,2.94,H,3,0
927,2021-22,2021-12-05,21,19:45,Craven Cottage,23775,Robert Jones,Clear,19.3,40,League,Fulham,West Ham,Marco Silva,David Moyes,4-4-2,4-3-3,balanced,defense,good,good,0,0,2,0,65;81,none,15,13,9,3,60.0,23.1,2.86,0.29,-0.86,-0.29,,52.3,659,589,85.1,78.1,27,33,11,1,1,0,8,5,0,0,0,0,0,0,7,19,1,3,1,1,6,1,3,7,0,2,-28,16,14,10,,28,11,9,11,8,9,8,18.9,41.6,9,5,nan,55.6,##,109.9,300,258,1,5,3,0,3.15,3.45,2.55,H,3,
958,2021-22,2022-01-02,4,20:00,Old Trafford,61648,Thomas Bramall,Windy,12.4,45,League,Manchester United,Luton Town,Erik ten Hag,Rob Edwards,4-3-3,4-3-3,balanced,defense,average,bad,1,0,1,1,75,59,18,14,2,6,11.1,42.9,0.97,1.0,0.03,0.0,70.7,29.3,549,353,82.6,76.0,67,18,2,8,1,0,15,10,0,0,0,1,0,1,8,20,3,3,0,0,3,4,5,1,1,1,11,10,15,15,12,38,8,9,12,6,8,19,19.0,22.1,17,16,,50.5,105.7,105.8,269,145,2,3,,1,2.26,4.78,2.87,D,1,1
515,2020-21,2020-12-15,32,15:00,Bramall Lane,31788,Chris Kavanagh,Rainy,16.1,46,League,Sheffield United,Newcastle,Chris Wilder,Eddie Howe,5-4-1,4-3-3,defense,defense,bad,average,0,0,0,0,none,none,13,10,8,6,61.5,60.0,0.1,0.1,,-0.1,,72.4,528,382,74.4,80.3,37,31,2,4,0,0,11,10,0,0,0,0,0,0,20,7,3,1,,0,2,2,nan,8,0,0,15,15,12,6,36,16,2,10,20,14,12,14,22.0,18.7,9,5,48.5,70.0,109.5,110.3,236,173,2,4,1,1,3.77,2.9,2.57,D,1,1
1852,2023-24,2024-04-01,10,20:00,Goodison Park,36677,Andy Madley,Windy,30.0,56,League,Everton,Fulham,,Marco Silva,4-4-2,3-4-3,def,balanced,bad,good,1,1,1,2,28,38;66,20,6,3,3,15.0,50.0,0.81,1.5,0.19,0.5,43.2,56.8,681,598,75.4,78.5,43,52,2,8,0,2,16,8,1,1,0,0,0,0,13,17,2,2,0,0,2,0,1,2,2,1,17,16,5,17,19,9,9,3,23,12,11,17,25.1,19.3,19,5,74.6,56.2,nan,108.5,204,267,3,2,0,0,3.19,2.97,2.86,A,0,3
1203,2022-23,2022-09-21,1,17:30,Vitality Stadium,11051,Jarred Gillett,Foggy,12.9,78,Relegation 6-pointer,Bournemouth,Sheffield United,Andoni Iraola,Chris Wilder,3-5-2,4-3-3,attack,defense,average,bad,1,0,2,0,7;20,none,18,13,2,2,11.1,15.4,1.7,0.1,0.3,-0.1,62.6,null,300,481,75.0,73.5,28,55,8,,0,0,20,17,0,0,0,1,0,0,6,11,3,1,0,0,N/A,4,2,0,0,2,16,18,20,9,34,34,7,5,,7,25,18,34.7,,16,11,63.5,58.4,105.6,115.0,189,245,4,1,2,1,2.37,4.68,2.75,H,3,0
1292,2022-23,2022-11-17,16,20:00,Emirates Stadium,54703,Robert Jones,Rainy,17.1,45,Derby,Arsenal,Brighton,Mikel Arteta,Roberto De Zerbi,4-2-3-1,4-3-2-1,attack,balanced,good,good,0,0,0,1,none,37,19,6,6,2,31.6,33.3,0.1,0.67,-0.1,0.33,57.6,42.4,417,254,86.7,88.5,54,73,9,9,0,0,12,8,0,0,0,0,0,0,17,20,2,1,0,0,1,3,1,6,1,,28,25,8,9,28,15,8,10,14,17,22,21,,22.9,18,13,N/A,,112.1,113.3,260,186,2,2,0,0,2.09,7.71,2.55,A,0,3
23,2019-20,2019-08-26,31,14:05,Molineux Stadium,26983,Andy Madley,Overcast,22.0,57,League,Wolves,Sheffield United,Gary O'Neil,Chris Wilder,3-5-2,3-4-3,defense,DEFENSE,average,good,0,0,2,1,,83+5,9,8,4,7,,87.5,1.96,0.87,0.04,?,53.2,46.8,nan,403,N/A,74.8,67,63,10,2,1,0,21,16.0,1,1,0,0,0,0,20,10,2,1,0,0,1,3,6,2,1,2,11,25,11,15,24,23,7,,15,5,19,14,38.6,22.0,18,5,73.5,46.6,99.4,112.5,209,234,2,2,1,0,2.27,3.85,3.34,H,3,0
1625,2023-24,2023-10-21,27,17:30,Selhurst Park,20379,Jarred Gillett,Windy,3.1,59,Cup,Crystal Palace,Brighton,Oliver Glasner,Roberto De Zerbi,3-5-2,4-3-2-1,DEFENSE,bal,average,average,2,0,2,2,17;84,8;8,13,15,2,8,15.4,53.3,2.81,2.32,,-0.32,43.1,56.9,492,410,84.1,86.6,67,31,11,3,1,0,12,14,0,0,0,0,0,0,18,20,2,2,0,0,1,4,6,0,2,2,19,22,,6,18,21,10,6,5,10,8,21,,18.8,16,17,42.3,71.3,106.3,108.4,217,143,3,2,0,0,3.06,4.04,,D,1,1
1555,2023-24,2023-09-06,15,16:30,Molineux Stadium,27891,Stuart Attwell,Overcast,26.6,93,League,Wolves,Aston Villa,Gary O'Neil,Unai Emery,4-3-3,5-4-1,defense,attack,good,good,0,1,1,1,3+5,55,20,,4,8,20.0,61.5,0.85,1.49,0.15,-0.49,,50.7,,372,81.5,85.8,22,54,10,,0,0,6,20,0,0,1,0,1,0,20,18,1,2,1,0,1,5,7,3,1,1,22,13,12,15,36,31,,8,18,6,13,21,31.5,31.3,12,7,70.6,53.0,115.0,110.2,234,162,4,5,0,0,3.38,3.45,2.41,D,1,1
458,2020-21,2020-11-05,34,12:30,Stamford Bridge,39584,Andy Madley,Foggy,14.5,63,Derby,Chelsea,Arsenal,Mauricio Pochettino,Mikel Arteta,4-3-2-1,4-2-3-1,balanced,attack,bad,good,2,0,2,2,13+5;82,31;59,18,15.0,?,7,38.9,46.7,1.41,,0.59,-0.4,51.2,48.8,555,450,82.1,84.4,75,37,10,5,2,2,nan,5,0,0,0,0,0,0,18,18,1,0,0,0,1,4,5,5,2,2,21,13,17,18,29,38,11,6,22,16,19,19,N/A,41.6,6,14,null,70.7,111.9,103.9,268,157,1,4,1,1,2.73,4.99,2.31,D,1,1
448,2020-21,2020-11-01,17,19:45,St. James' Park,46384,Thomas Bramall,Foggy,18.2,46,League,Newcastle,West Ham,Eddie Howe,David Moyes,4-3-2-1,4-4-2,,defense,good,bad,0,2,1,4,18,8;14;16+2;32,16,15,8,7,50.0,46.7,0.75,4.14,0.25,-0.14,53.2,46.8,520,304,85.2,83.7,57,57,8,7,0,,10,6,0,0,,1,1,1,20,17,3,,0,nan,6,0,3,7,4,1,,24,18,9,14,9,3,9,17,13,9,4,20.5,30.4,6,4,74.8,50.5,108.3,107.6,155,161,1,3,0,0,2.02,6.06,-,A,,3
786,2021-22,2021-08-31,9,19:45,Amex Stadium,28222,Jarred Gillett,Sunny,17.6,78,League,Brighton,Brentford,Roberto De Zerbi,Thomas Frank,4_1_4_1,3-5-2,balanced,attack,good,bad,2,1,2,2,32;39x,47;88,9,15,6,8,66.7,53.3,2.77,N/A,-0.77,-0.56,51.0,49.0,,467,82.5,80.9,25,75,2,1,1,1,21,10,0,0,0,0,0,0,,15,2,1,0,0,3,0,6,4,2,2,16,17,16,9,17,12,5,2,16,22,12,4,32.2,32.6,13,15,53.3,61.2,113.2,,168,152,?,6,0,0,2.59,3.57,3.0,D,1,1
292,2019-20,01/03/2020,10,20:00,Selhurst Park,22225,?,Light Rain,4.8,94,Top 4 battle,Crystal Palace,Newcastle,Oliver Glasner,Eddie Howe,3-4-3,3-4-3,defense,defense,poor,,0,0,1,2,14+2,51;72,11,17,8,2,72.7,11.8,0.89,1.87,,0.13,38.3,61.7,688,496,78.2,82.0,80,56,5,4,1,1,19,7,0,1,0,0,0,0,20,11,,1,0,0,2,1,0,7,2,1,10,27,15,18,35,28,3,2,19,13,25,19,39.4,16.0,19,5,41.0,68.0,113.0,109.3,213,,1,3,1,0,2.22,4.52,3.05,A,0,3
886,2021-22,2021-11-10,25,15:00,Etihad Stadium,44991,Paul Tierney,Clear,,86,Top 4 battle,Manchester City,Fulham,Pep Guardiola,Marco Silva,4-3-3,,balanced,balanced,good,bad,4,0,4,1,14;37;69+1;79,55,10,11,4,6,,54.5,4.14,,-0.14,0.38,60.1,39.9,653,549,93.8,78.4,57,55,10,3,1,1,8,12,0,1,0,0,0,0,10,17,3,2,0,0,5,4,5,0,1,4,,11,8,12,,11,4,4,6,22,19,16,25.5,21.6,18,17,66.5,47.1,109.9,109.9,300,268,3,7,3,2,2.38,3.86,3.12,H,3,0
1741,2023-24,2024-01-16,13,15:00,Vitality Stadium,10066,Paul Tierney,Sunny,-1.5,51,League,Bournemouth,Wolves,Andoni Iraola,Gary O'Neil,3-4-3,3-5-2,attack,defense,bad,good,1,0,1,2,90,36;75,20,13,5,4,,30.8,0.72,1.72,0.28,0.28,55.2,44.8,439,378,77.0,75.0,76,65,7,8,1,2,15,,0,1,0,0,0,0,17,15,1,2,0,nan,6,3,2,4,2,1,13,13,20,14,15,15,7,4,21,6,8,11,26.9,41.0,13,18,43.9,46.9,107.2,,258,191,4,5,1,1,2.73,4.78,2.35,A,0,3
1735,2023-24,2024-01-11,25,16:30,Stamford Bridge,?,Michael Oliver,Rainy,5.6,74,Derby,Chelsea,Crystal Palace,Mauricio Pochettino,Oliver Glasner,4-4-2,4-1-4-1,balanced,,avg,average,3,0,4,0,25;44;54;75,none,9,15,9,5,100.0,33.3,3.99,0.1,0.01,-0.1,57.1,42.9,520,434,86.9,83.0,60,,6,4,2,0,12,7,0,0,0,0,0,0,12,13,2,,0,0,0,1,5,5,0,4,26,21,12,12,34,20,2,7,15,10,14,7,17.5,33.7,20,15,63.0,43.5,107.1,96.2,158,248,3,3,0,0,2.13,5.79,2.8,H,3,0
1777,2023-24,2024-02-05,11,14:05,Villa Park,32517,Anthony Taylor,Foggy,15.2,75,Top 4 battle,Aston Villa,Manchester City,Unai Emery,Pep Guardiola,4-2-3-1,3-4-3,attk,balanced,bad,bad,0,1,1,2,52,51;53,19,15,8,8,42.1,53.3,1.02,2.33,-0.02,-0.33,35.2,64.8,334,,84.7,91.8,20,41,2,1,0,0,8,10,0,0,2,0,1,0,9,7,4,1,0,0,3,0,6,7,2,1,29,28,8,10,16,34,7,6,10,14,19,9,29.0,16.4,6,7,55.3,43.0,109.6,103.1,250,180,5,6,1,1,,3.11,2.88,A,0,3
321,2019-20,2020-03-22,22,20:00,Tottenham Hotspur Stadium,48334,John Brooks,Rainy,7.6,86,League,Tottenham,Crystal Palace,Ange Postecoglou,Oliver Glasner,4-3-3,4-3-3,ATTACK,,,average,1,0,2,2,45;85,30;85,10,17,10,,100.0,47.1,2.35,1.43,-0.35,0.57,,42.6,489,397,-,78.3,26,44,11,7,2,1,19,8,0,0,0,1,0,1,16,9,4,2,0,0,6,5,6,8,2,2,22,11,7,7,34,16,6,6,8,8,10,4,16.9,39.1,11,4,58.5,46.1,nan,104.2,224,nan,3,0,0,0,1.95,5.37,3.33,D,1,1
1166,2022-23,2022-08-21,36,17:30,Craven Cottage,,Anthony Taylor,Cloudy,8.5,85,League,Fulham,Luton Town,Marco Silva,Rob Edwards,4-4-2,4-3-3,balanced,defense,good,good,0,0,5,2,19;29;47;73+5;87,3;22,16,13,6,6,37.5,46.2,3.48,2.67,,,57.8,42.2%,698,434,83.8,70.1,76,49,6,2,2,0,14,15,0,2,2,0,2,0,,16,4,1,0,0,3,0,4,1,2,5,27,11,13,18,17,14,4,9,21,13,20,10,44.0,40.1,17,6,43.0,68.4,nan,100.9,176,268,N/A,2,0,0,2.3,4.91,2.77,H,3,0
1389,2022-23,2023-01-27,38,12:30,Molineux Stadium,26767,Simon Hooper,Windy,1.1,64,League,Wolves,Manchester United,Gary O'Neil,Erik ten Hag,4-2-3-1,3_4_3,,BALANCED,bad,average,0,1,0,1,none,54,18,17,4,7,22.2,41.2,0.1,0.74,-0.1,0.26,45.7%,54.3,479,501,77.2,86.2,58,51,3,6,0,1,12,19,0,0,0,0,0,0,14,14,4,2,0,0,3,1,6,4,1,0,19,22,15,10,15,30,11,,16,13,7,16,24.5,24.6,8,13,74.5,58.5,113.7,105.1,267,177,4,,0,0,2.53,4.82,2.52,A,0,?
1656,2023-24,2023-11-13,16,17:30,City Ground,29017,Chris Kavanagh,Foggy,8.1,82,Cup,Nottm Forest,Sheffield United,Nuno Espirito Santo,Chris Wilder,5-4-1,3-5-2,,defense,good,bad,2,1,3,2,16;20;53,28;39,,13,6,1,31.6,7.7,3.94,2.41,-0.94,,62.9,37.1,460,430,78.1,78.1,36,22,5,9,1,1,19,9,0,0,0,1,0,1,8,8,0,1,0,0,4,1,0,3,2,3,20,27,5,8,29,18,7,2,23,,6,5,37.4,35.1,15,11,50.8,60.7,112.5,106.9,229,184,1,,1,0,2.21,3.75,3.56,H,3,0
352,2019-20,17/04/2020,32,19:45,Bramall Lane,26482,N/A,,1.4,80,League,Sheffield United,West Ham,Chris Wilder,David Moyes,5-4-1,3-5-2,defense,defense,good,good,0,2,1,3,19,39;43;63,14,6,5,5,35.7,83.3,1.6,2.45,-0.6,0.55,,68.2,589,501,72.4,84.5,-78,54,10,,0,1,20,15,0,0,0,0,,0,16,20,2,3,0,0,3,0,2,4,3,1,25,16,14,6,26,33,12,4,20,21,,8,,15.9,17,18,,57.8,111.4,106.4,162,146,,5,1,1,3.55,2.77,2.8,A,0,3
1151,2022-23,2022-08-12,25,17:30,City Ground,29529,Thomas Bramall,,0.7,65,League,Nottm Forest,Brentford,Nuno Espirito Santo,Thomas Frank,4-1-4-1,4-1-4-1,defense,attack,average,good,0,0,1,1,68,31,16,17,6,7,37.5,41.2,0.69,1.46,0.31,-0.46,49.0,51.0,518,402,80.7,80.8,76,42,3,nan,0,0,15,16,0,0,0,,0,0,11,14,2,3,0,1,5,4,6,5,,1,26,16,17,18,27,31,8,2,19,19,15,21,,44.8,11,6,41.2,,100.1,108.7,283,152,2,2,1,1,2.52,,,D,1,1
514,2020-21,2020-12-18,29,20:00,Tottenham Hotspur Stadium,56583,Simon Hooper,Overcast,17.3,86,Top 4 battle,Tottenham,Fulham,Ange Postecoglou,Marco Silva,3-4-3,3-5-2,attack,balanced,bad,good,0,0,3,0,41;56;74,none,-2,7,10,2,55.6,28.6,3.88,0.32,-0.88,,60.6,39.4,418,502,86.0,83.4,33,18,8,8,0,0,22,11,1,0,1,0,1,0,11,9,1,2,0,0,2,5,2,,0,3,16,23,16,10,37,38,11,8,9,12,17,4,,26.1,18,14,57.8,,109.1,111.3,274,187,1,3,1,0,2.28,3.46,,H,3,0
1280,2022-23,2022-11-10,25,14:05,Stamford Bridge,38856,Michael Oliver,Rainy,5.8,87,Top 4 battle,Chelsea,Arsenal,Mauricio Pochettino,Mikel Arteta,3-4-3,,bal,attack,average,good,0,1,1,5,,32;52;58;65+2;76,12,12,6,5,50.0,41.7,1.71,5.92,,-0.92,52.8,47.2,604,365,82.4,91.7,35,72,7,2,0,1,13,7,0,0,1,2,0,1,15,12,4,2,0,0,3,1,0,5,5,1,12,22,12,11,15,,3,3,16,11,18,22,44.1,42.1,14,4,43.3,69.5,110.5,104.6,178,200,2,3,0,0,2.61,,2.36,A,0,3
712,2020-21,2021-05-05,1,15:00,Selhurst Park,22454,Paul Tierney,Overcast,12.1,63,Relegation 6-pointer,Crystal Palace,Wolves,Oliver Glasner,Gary O'Neil,4-3-2-1,4-1-4-1,defense,defense,good,bad,1,1,1,1,59,47,20,6,10,5,50.0,83.3,1.03,1.05,,-0.05,57.8,42.2,467,319,82.3,80.2,63,27,3,9,1,N/A,16,10,0,0,0,0,0,0,7,13,0,3,0,0,2,4,4,9,1,1,19,10,16,12,10,23,5,3,9,17,12,,41.7,44.0,5,5,64.6,nan,106.1,96.0,220,211,N/A,4,1,0,2.08,4.66,3.3,D,1,1
1191,2022-23,2022-09-10,6,15:00,Emirates Stadium,58622,Paul Tierney,Rainy,9.0,64,Top 4 battle,Arsenal,West Ham,Mikel Arteta,David Moyes,4-2-3-1,4-2-3-1,,defense,good,good,2,0,3,0,22+1;69;86,none,11,12,8,8,72.7,66.7,3.72,0.22,-0.72,-0.22,60.1,39.9,446,330,87.1,77.2,64,40,10,4,1,0,6,15,1,0,1,0,1,0,8,10,0,3,0,0,5,0,8,5,0,?,29,14,13,9,23,13,,6,7,14,12,14,25.1,32.2,17,10,49.4,57.6,115.7,102.6,265,238,1,3,2,0,1.98,8.62,2.64,H,3,0
21,2019-20,2019-08-24,17,16:30,Molineux Stadium,,Andy Madley,Sunny,10.6,41,Top 4 battle,Wolves,West Ham,Gary O'Neil,David Moyes,3-4-3,4-3-3,,defense,average,average,1,0,1,2,8,4;18,8,14,6,2,75.0,14.3,0.69,2.66,0.31,-0.66,50.8,49.2,,529,81.1,81.6,49,44,2,9,1,0,6,,1,0,0,0,0,0,16,17,1,2,0,1,,4,0,5,2,1,13,12,16,9,34,17,4,9,14,14,24,22,44.4,38.1,,5,42.6,43.6,106.1,101.9,283,,2,5,0,0,2.48,4.81,2.57,A,0,3
1584,2023-24,2023-09-27,13,20:00,Vitality Stadium,9501,Anthony Taylor,Overcast,26.6,83,League,Bournemouth,Arsenal,Andoni Iraola,Mikel Arteta,3-4-3,4-1-4-1,attack,attack,good,bad,0,1,1,2,58,30;67,17,14,9,5,52.9,35.7,1.37,2.06,,-0.06,42.3,57.7,340,640,75.1,91.6,62,31,3,9,1,1,13,9,0,0,0,1,0,1,14,20,2,1,0,0,5,2,3,8,2,1,22,16,15,13,27,15,12,3,13,11,25,15,39.0,44.8,18,12,47.7,48.2,110.2,109.5,207,,1,6,0,0,3.7,3.03,2.5,A,0,
1154,2022-23,2022-08-16,18,15:00,St. James' Park,47239,Michael Oliver,Overcast,16.4,76,League,Newcastle,Burnley,,Vincent Kompany,4-1-4-1,4-4-2,defense,defense,bad,good,1,0,1,1,53,5,10,,3,,30.0,30.0,0.68,1.0,0.32,0.0,66.7,33.3,307,639,87.8,74.1,42,73,4,7,1,0,18,12,0,0,0,2,0,1,17,8,2,2,0,0,3,2,2,2,1,1,,13,14,10,15,29,,6,7,19,13,18,30.6,35.8,16,4,55.6,42.2,110.5,112.3,186,,3,4,0,0,2.25,4.39,3.04,D,1,1
1187,2022-23,2022-09-08,8,12:30,Craven Cottage,22581,John Brooks,Overcast,4.4,62,Top 4 battle,Fulham,Crystal Palace,Marco Silva,Oliver Glasner,4-3-3,4-2-3-1,balanced,defense,bad,bad,0,0,0,0,none,none,9,6,4,5,44.4,83.3,0.1,0.45,-,-0.45,45.4,54.6,351,619,85.6,76.9,20,49,10,2,0,0,16,11,0,0,1,0,0,0,13,,3,3,0,1,4,1,5,4,0,0,20,11,15,12,15,23,5,4,5,6,20,5,31.1,41.5,15,9,44.4,62.6,109.9,106.6,218,197,1,2,1,0,2.67,3.38,3.04,D,1,1
124,2019-20,01/11/2019,37,17:30,Craven Cottage,21831,Chris Kavanagh,Overcast,,66,Cup,Fulham,Brighton,Marco Silva,Roberto De Zerbi,3-5-2,5-4-1,balanced,balanced,good,bad,1,1,,1,24,45,14,13,5,1,35.7,7.7,0.89,1.47,0.11,-0.47,48.5,51.5,409,309,79.8,82.4,51,31,3,4,1,1,7,20,?,0,0,0,0,0,11,17,3,3,0,0,0,4,0,4,1,1,19,11,10,6,32,13,10,8,15,8,23,16,40.6,40.8,19,9,67.8,56.1,104.7,112.9,289,234,1,4,0,0,##,9.5,2.28,D,1,1
398,2020-21,2020-09-23,14,17:30,Stamford Bridge,30923,Stuart Attwell,Foggy,8.9,85,Relegation 6-pointer,Chelsea,Sheffield United,Mauricio Pochettino,Chris Wilder,4-2-3-1,4-1-4-1,balanced,defense,Avg,bad,2,1,4,2,8;64;70;72,20;39,14,8,7,8,50.0,100.0,3.62,1.5,0.38,0.5,62.1,37.9,367,518,88.9,75.7,76,61,2,3,2,2,,19,0,0,2,0,2,0,12,17,3,0,0,1,2,0,6,3,2,4,27,26,19,8,38,38,2,3,5,18,15,,24.9,41.9,10,15,74.1,,105.5,106.3,235,270,4,3,1,1,2.22,3.5,3.79,H,3,0
108,2019-20,2019-10-23,12,19:45,Craven Cottage,22177,Thomas Bramall,Overcast,17.7,95,Relegation 6-pointer,Fulham,Wolves,Marco Silva,Gary O'Neil,3-4-3,5_4_1,balanced,DEFENSE,average,,0,0,1,1,87,75,19,,2,6,10.5,75.0,1.19,1.03,-0.19,-0.03,50.3,49.7,419,414,76.2,83.6,48,57,6,2,1,1,nan,12,0,0,0,0,0,0,7,16,3,3,0,0,4,0,5,1,1,1,28,17,7,7,,22,,4,9,9,8,4,19.4,23.0,5,14,68.5,59.1,103.1,106.8,nan,248,3,4,0,0,2.82,3.55,2.76,D,1,1
396,2020-21,2020-09-20,3,20:00,London Stadium,54623,Michael Oliver,Clear,22.4,82,League,West Ham,Sheffield United,David Moyes,Chris Wilder,4-1-4-1,3-5-2,defense,defense,poor,average,4,0,5,0,18;45;49;70;86,none,10,11,10,5,100.0,45.5,4.87,0.1,0.13,-0.1,54.6,45.4,360,509,81.0,,20,63,5,3,0,0,9,9,0,0,1,0,1,0,7,10,3,4,0,0,4,4,?,5,0,5,10,18,19,10,34,24,10,9,23,17,9,5,15.1,37.6,12,4,,51.8,115.4,110.2,271,227,2,4,1,1,2.29,3.61,3.5,H,3,0
1083,2021-22,2022-03-30,3,17:30,Molineux Stadium,24648,Robert Jones,Foggy,8.6,67,League,Wolves,Manchester City,Gary O'Neil,Pep Guardiola,4-3-2-1,3-5-2,defense,balanced,bad,average,0,0,0,1,none,45+1,16,7,7,7,43.8,100.0,0.22,1.03,-0.22,-0.03,42.6,57.4,456,601,82.6,94.7,48,68,3,9,0,0,15,19,0,1,0,0,0,0,15,10,2,0,0,0,1,5,,7,1,0,26,22,6,10,38,34,4,5,6,19,6,12,23.8,35.6,20,4,59.9,62.0,105.5,103.7,?,167,1,2,3,1,3.0,3.81,2.47,A,0,3
757,2020-21,2021-06-09,7,12:30,Kenilworth Road,10279,Andy Madley,,11.0,59,Relegation 6-pointer,Luton Town,Manchester City,Rob Edwards,Pep Guardiola,3-5-2,4-4-2,defense,balanced,bad,good,1,3,1,3,53,11;42;53,20,14,3,3,15.0,21.4,0.98,2.47,0.02,0.53,31.7,68.3,525,428,,95.5,55,41,11,3,1,2,20,11,0,0,0,0,0,0,13,14,2,0,0,0,3,1,0,2,3,1,23,10,15,7,17,23,8,9,14,5,23,4,34.5,,20,17,57.5,43.6,104.6,108.9,169,265,2.0,1,1,1,2.7,8.5,1.95,A,0,3
1319,2022-23,2022-12-09,7,20:00,Anfield,57351,Michael Oliver,Cloudy,12.3,60,League,Liverpool,Newcastle,Jurgen Klopp,Eddie Howe,3-4-3,3-4-3,attack,defense,good,average,2,0,3,0,12;14;36,none,15,,6,3,40.0,18.8,2.57,0.1,,-0.1,60.1,39.9,599,281,93.6,84.0,77,73,5,9,1,0,17,10,0,0,0,1,0,0,18,13,N/A,1,0,0,6,0,3,,0,3,22,17,10,17,39,17,4,9,12,5,5,8,35.7,32.7,7,4,49.8,70.2,108.8,107.8,178,187,4,2,0,0,2.62,2.9,3.67,H,3,0
295,2019-20,2020-03-06,4,12:30,City Ground,27058,Michael Oliver,Overcast,8.1,59,Top 4 battle,Nottm Forest,Burnley,Nuno Espirito Santo,Vincent Kompany,4-2-3-1,5-4-1,defense,defense,good,,1,0,2,0,75;90,none,10,9,4,2,40.0,22.2x,1.89,0.35,0.11,-0.35,61.5,38.5,350,561,79.4,69.5,61,73,3,6,1,0,16,19,0,0,1,0,1,0,8,10,?,3,0,0,3,1,2,2,0,2,29,24,8,13,39,32,7,2,13,12,16,11,44.4,nan,7,11,60.5,61.0,105.6,104.7,266,162,0,,0,,2.22,4.8,2.94,H,3,0
333,2019-20,2020-03-30,24,20:00,Anfield,60899,John Brooks,Cloudy,14.7,61,League,Liverpool,Nottm Forest,,Nuno Espirito Santo,3-4-3,4-3-3,attack,defense,bad,average,3,0,3,0,30;52;62,none,14,12,4,,28.6,50.0,3.1,0.1,-0.1,-0.1,66.9,33.1,359,579,89.6,78.8,-46,55,6,6,0,0,20,11,0,0,0,N/A,0,0,20,20,2,,0,0,5,5,-6,1,0,3,19,21,17,9,34,30,nan,5,6,9,20,5,24.6,36.7,6,4,nan,65.4,106.8,107.4,159,171,0,1,0,0,2.07,3.8,3.93,H,3,0
436,2020-21,2020-10-20,6,17:30,Stamford Bridge,-,Robert Jones,Rainy,##,55,Derby,Chelsea,Wolves,Mauricio Pochettino,Gary O'Neil,3-4-3,3-4-3,balanced,defense,average,bad,0,0,3,0,41;78;84,none,20,7,8,2,40.0,28.6,3.74,0.1,-0.74,-0.1,49.5,50.5,520,627,83.0,79.7,38,47,6,3,2,0,16,12,0,0,1,0,1,0,9,16,4,1,0,0,6,0,2,5,0,3,23,13,7,16,23,38,3,5,20,10,-15,17,28.3,16.5,13,7,,43.3,108.0,112.0,178,196,4,4,1,1,2.32,5.4,2.6,H,,0
1185,2022-23,2022-09-06,30,17:30,London Stadium,50485,Michael Oliver,Foggy,14.3,60,Title race,West Ham,Crystal Palace,David Moyes,Oliver Glasner,5-4-1,,defense,defense,good,average,0,2,0,2,none,4;74,15,6,4,4,26.7,66.7,0.41,1.76,-0.41,0.24,59.1,40.9,318,559,83.5,84.2,23,28,8,6,0,0,6,13,0,0,0,0,0,0,9,8,3,2,0,0,4,,2,4,2,0,23,27,13,10,12,21,4,9,12,7,19,19,29.8,26.3,,12,56.7,45.8,108.7,104.8,179,201,2,2,0,0,2.72,4.25,2.52,A,0,3
1011,2021-22,2022-02-09,30,12:30,Goodison Park,30031,Anthony Taylor,Windy,6.1,63,Derby,Everton,Newcastle,Sean Dyche,Eddie Howe,4-3-2-1,4-2-3-1,defense,defense,bad,average,3,0,3,0,2;47;61,none,10,11,3,8,30.0,72.7,2.9,0.1,0.1,-0.1x,43.7,56.3,355,515,74.6,83.8,60,33,6,1,1,0,15,18,0,0,0,0,0,0,18,12,1,1,0,0,0,3,8,0,0,3,21,10,11,15,24,31,8,9,9,13,18,8,31.0,22.5,7,4,46.2,44.7,113.3,105.3,168,259,1,5,2,0,2.28,5.49,2.64,H,3,0
473,2020-21,2020-11-14,28,17:30,Goodison Park,33672,David Coote,Clear,18.7,58,Relegation 6-pointer,Everton,Fulham,Sean Dyche,Marco Silva,4-3-3,3-5-2,defense,balanced,average,average,1,0,1,1,40,69+1,8,17,8,7,100.0,41.2,0.92,1.07,0.08,-0.07,47.3,52.7,650,?,80.8,79.2,44,42,10,4,,0,8,8,0,0,0,0,0,0,20,10,4,1,0,0,1,0,6,7,1,1,25,26,8,11,,21,4,7,15,12,21,22,28.6,33.1,10,6,68.4,65.2,103.1,106.3,253,156,0,3,1,1,2.49,5.11,2.49,D,1,1
700,2020-21,2021-04-28,1,16:30,Amex Stadium,,Anthony Taylor,Sunny,0.5,79,Title race,Brighton,Arsenal,Roberto De Zerbi,Mikel Arteta,4-4-2,4-3-3,balanced,attack,Good,good,1,0,1,1,44,9,12,9,2,1,16.7,11.1,1.28,1.49,,-0.49,50.8,49.2,639,362,79.6,91.4,74,43,N/A,5,0,0,nan,12,0,0,0,1,0,1,6,19,1,0,0,nan,5,4,0,1,1,1,23,16,20,18,23,21,11,3,16,20,20,21,35.3,41.9,13,17,71.8x,49.4,105.7,102.0,257,192,,6,1,1,2.57,,2.56,D,1,1
317,2019-20,2020-03-22,34,16:30,Villa Park,38144,Jarred Gillett,Rainy,10.4,?,League,Aston Villa,West Ham,Unai Emery,David Moyes,4-4-2,5-4-1,attack,defense,average,good,1,0,1,0,59,none,11,8,4,7,36.4,87.5,1.53,0.1,,null,50.6,49.4,586,352,86.7,79.2,48,38,6,4,,0,12,17,0,0,0,0,0,0,18,16,2,2,0,0,3,5,7,3,0,1,13,21,,,,12,6,6,25,6,25,18,35.6,42.0,6,13,66.2,63.4,100.4,107.1,248,268,2,3,0,0,2.81,3.58,2.74,H,3,0
1248,2022-23,2022-10-19,13,16:30,Amex Stadium,31769,Chris Kavanagh,Rainy,18.6,52,Title race,Brighton,West Ham,Roberto De Zerbi,David Moyes,4-2-3-1,4-3-3,BALANCED,defense,bad,bad,1,1,2,1,18;62,89,15,7,5,4,33.3,57.1,2.03,1.08,-0.03,-0.08,53.1,46.9,356,483,87.8,85.1,25,23,11,9,,1,7,9,0,1,0,0,0,0,10,9,1,2,0,0,4,4,3,3,1,2,26,18,15,6,12,19,4,6,18,13,6,20,34.9,40.5,6,17,55.4,60.1,nan,105.5,214,166,4,4,2,1,2.63,4.68,2.46,H,3,0
1242,2022-23,2022-10-12,5,14:05,Anfield,59239,Robert Jones,,0.9,null,League,Liverpool,Brighton,Jurgen Klopp,Roberto De Zerbi,4-3-3,4-3-3,attack,balanced,avg,bad,0,0,0,0,none,none,16,N/A,9,6,56.2,100.0,0.35,0.33,-0.35,-0.33,61.1,38.9,403,587,##,,78,24,11,6,0,0,8,5,0,0,0,0,0,0,10,8,2,2,0,1,3,N/A,6,9,0,0,19,13,6,6,26,25,7,3,11,16,19,18,21.5,36.3,14,4,60.4,66.0,110.1,110.6,,283,4,4,1,,2.08,5.76,2.88,D,1,1
1703,2023-24,2023-12-15,25,14:05,Stamford Bridge,37589,Michael Oliver,Windy,10.2,88,League,Chelsea,Newcastle,Mauricio Pochettino,Eddie Howe,,4-3-3,balanced,balanced,good,Avg,1,0,2,1,7;82,17,11,8,10,,90.9,87.5,2.48,0.92,-0.48,0.08,48.7,51.3,496,501,88.3,87.8,69,39,,8,1,0,14,16,0,0,1,1,0,1,,18,1,2,0,1,3,,6,8,-1,2,29,10,12,5,15,16,8,N/A,,15,8,7,19.8,20.2,15,4,52.2,70.5,103.6,111.7,245,179,,,1,0,2.28,5.07,2.74,H,3,0
1520,2022-23,2023-05-01,2,20:00,Tottenham Hotspur Stadium,51471,Anthony Taylor,Cloudy,15.4x,85,League,Tottenham,Aston Villa,Ange Postecoglou,Unai Emery,4-2-3-1,4-1-4-1,attack,attack,average,good,2,0,2,0,5;83,none,11,12,9,5,81.8,41.7,,0.1,0.06,-0.1,57.6,42.4,652,299,88.2,81.8,76,34,,6,2,0,22,16,0,0,0,0,0,0,11,8,2,3,0,0,4,2,5,7,0,2,25,27,10,9,14,28,7,5,17,9,24,15,33.2,22.0,9,10,58.8,47.1,114.3,112.9,156,176,4,4,1,1,2.04,4.48,3.49,H,3,0
1983,2023-24,2023-10-20,23,12:30,Craven Cottage,19287,Michael Oliver,Light Rain,15.3,71,Derby,Fulham,Manchester City,Marco Silva,Pep Guardiola,4-1-4-1,3-4-3,balanced,balanced,bad,bad,1,0,1,1,52,88+2,14,12,2,5,14.3,,1.0,1.24,0.0,-0.24,34.8,65.2,383,598,82.8,94.6,44,70,11,3,1,1,18,7,0,0,0,0,0,0,18,20,1,2,0,0,4,1,4,1,1,1,13,13,11,5,27,11,5,8,18,12,24,,28.5,23.3,14,7,45.0,49.5,105.7,106.9,195,198,2,5,0,0,3.02,3.46,2.63,D,1,1
610,2020-21,2021-02-20,28,17:30,Molineux Stadium,26303,Paul Tierney,Clear,5.1,44,League,Wolves,Aston Villa,Gary O'Neil,Unai Emery,3-4-3,4-1-4-1,defense,attack,average,average,0,0,1,0,57,none,9,8,8,1,88.9,12.5,0.72,0.25,0.28,-0.25,null,53.1,587,306,83.7,83.3,25,30,10,2,0,0,16,9,0,0,0,0,0,0,11,12,2,0,0,0,0,3,1,7,0,1,25,13,16,17,15,9,6,9,23,7,10,9,15.4,38.0,11,16,57.5,62.1,107.8,,237,269,1,3,0,0,2.47,5.21,2.48,H,nan,0
1246,2022-23,2022-10-15,35,19:45,Selhurst Park,20211,Andy Madley,Clear,18.0,78,Top 4 battle,Crystal Palace,Chelsea,Oliver Glasner,Mauricio Pochettino,4-4-2,3-5-2,defense,balanced,good,good,0,?,0,1,none,,16,15,5,8,31.2,53.3,0.37,1.59,-0.37,-0.59,37.2,62.8,621,565,83.1,85.5,53,55,9,9,0,0,18,13,,0,0,0,0,0,20,13,2,1,0,0,3,3,7,5,1,0,17,17,12,12,10,25,11,6,5,21,5,12,18.9,25.4,?,,62.3,49.3,108.0,105.0,283,237,1,0,0,0,2.64,5.99,2.2,A,0,3
2007,2023-24,2024-01-21,28,19:45,Old Trafford,61764,Simon Hooper,Cloudy,11.6,53,Derby,Manchester United,Brentford,Erik ten Hag,Thomas Frank,4-3-3,4-3-2-1,balanced,attack,good,average,1,1,2,1,57+3;64,29,19,15,4,8,21.1,53.3,?,,-0.43,0.03,51.0,49.0,618,349,,81.0,55,63,4,6,0,0,16,12,0,0,,0,0,0,7,20,0,nan,0,0,5,3,7,2,1,2,21,22,15,15,15,34,6,3,23,19,7,10,34.8,34.4,11,13,47.0,67.2,105.1,105.1,281,144,2,5,0,0,2.88,2.99,3.15,H,3,
1695,2023-24,2023-12-09,9,17:30,Goodison Park,36090,Jarred Gillett,Rainy,24.1,57,Derby,Everton,Manchester City,Sean Dyche,Pep Guardiola,4-2-3-1,4-2-3-1,defense,balanced,good,good,0,0,2,3,45;69,15;49+5;79+2,13,12,7,?,53.8,16.7,1.19,2.14,0.81,0.86,42.6,57.4,327,415,75.8,93.0,35,48,7,1,1,0,13,,0,0,1,1,1,1,16,7,?,1,,0,5,1,0,5,3,2,11,N/A,15,10,11,21,?,4,12,18,17,10,18.4,41.4,20,16,54.3,64.6,104.4,99.9,212,215,2,4,2,1,3.99,2.52,2.84,A,0,3
2092,2020-21,2021-01-04,19,14:05,Anfield,567181,John Brooks,Clear,13.7,93,Derby,Liverpool,Burnley,Jurgen Klopp,Vincent Kompany,3-4-3,5-4-1,attack,DEFENSE,avg,good,0,1,3,3,16;26;28,39;68+3;86,14,,3,1,21.4,11.1,,2.11,-0.6,0.89,71.3,28.7,531,250,89.2,74.4,51,62,7,1,0,1,21,14,0,0,0,2,0,2,8,20,3,1,0,0,1,1,,0,3,3,,11,13,6,38,17,3,3,8,19,7,14,44.1,17.4,,5,70.8x,70.2,106.3,106.8,279,263,2,0,1,0,1.79,7.11,3.34,D,1,
338,2019-20,2020-04-02,12,12:30,Old Trafford,58984,Robert Jones,Cloudy,13.9,83,Relegation 6-pointer,Manchester United,Chelsea,Erik ten Hag,Mauricio Pochettino,4-1-4-1,4-1-4-1,balanced,bal,bad,average,0,1,1,1,30+1,13,9,10,2,5,22.2,50.0,##,0.84,-0.33,0.16,44.1,55.9,651,443,80.8,87.4,70,43,2,6,1,1,18,9,1,0,0,0,0,0,18,9,2,3,0,0,2,3,4,1,1,1,28,15,16,9,21,14,10,5,16,15,24,12,42.8,33.0,nan,9,55.6,63.3,102.0,101.7,182,236,2,4,0,0,2.2,5.08,2.87,D,1,1
646,2020-21,2021-03-18,3,12:30,Craven Cottage,,Andy Madley,Foggy,10.0,71,League,Fulham,Newcastle,Marco Silva,Eddie Howe,3-5-2,3-4-3,BALANCED,defense,bad,good,0,1,1,1,36,81,13,9,8,7,61.5,77.8,1.43,0.78,-0.43,nan,46.3,53.7,417,642,82.4,88.0,70,27,7,9,0,1,20,13,0,0,1,0,1,0,18,9,3,4,0,0,nan,1,6,7,1,1.0,,22,10,15,23,33,5,,5,20,21,6,21.9,17.6,5,7,54.5,57.1,113.8,114.5,218,162,1,3,3,1,2.69,3.28,3.09,D,1,1
1927,2020-21,2021-06-20,19,12:30,Anfield,57160,Chris Kavanagh,Clear,13.2,,Derby,Liverpool,Arsenal,Jurgen Klopp,Mikel Arteta,3-5-2,4-3-3,attack,attack,good,good,3,0,3,2,11;25;90,45+5;66,20,7,3,2,15.0,28.6,4.15,1.88,-1.15,0.12,52.0,48.0,322,387,nan,nan,65,58,5,6,nan,2,19,11,0,1,0,0,0,0,12,10,2,1,0,0,0,2,0,0,2,3,18,14,6,6,14,20,3,10,12,12,22,20,null,44.0,11,15,43.6,54.4,106.6,97.7,238,280,1,0,0,0,3.0,3.73,2.51,H,3,0
2079,2020-21,2020-11-27,11,14:05,Tottenham Hotspur Stadium,53002,Chris Kavanagh,Light Rain,21.8,69,Cup,Tottenham,Bournemouth,Ange Postecoglou,Andoni Iraola,4-3-2-1,4-2-3-1,attack,attack,good,good,0,0,4,3.0,29+2;53;58;87,7+4;15;39,8,15,,6,50.0,40.0,3.05,3.58,0.95,-0.58x,53.6,46.4,576,325,88.8,78.5,77,25,5,6,1,0,22,13,0,0,1,1,1,1,20,13,2,1,0,0,4,3,3,0,3,4,25,21,5,8,11,32,11,10,21,19,11,7,,29.2,16,10,nan,53.8,106.5,102.0,251,205,1,2,0,0,2.6,4.1,2.69,H,3,0
845,2021-22,2021-10-13,37,15:00,Tottenham Hotspur Stadium,58273,Paul Tierney,Overcast,16.0,95,League,Tottenham,Chelsea,Ange Postecoglou,Mauricio Pochettino,3-5-2,4-3-2-1,attack,balanced,average,bad,2,1,2,3,30;30,27+2;57;63,11,12,4,5,36.4,41.7,1.52,3.36,0.48,-0.36,42.9,57.1,360,434,N/A,83.7,59,20,9,7,1,0,19,16,0,1,1,0,0,0,18,7,1,3,0,0,6,2,2,2,3,2,24,22,,5,16,20,5,4,15,5,15,16,15.6,29.2,,11,43.7,60.9,109.0,106.4,234,251,1,6,2,0,2.11,6.39,2.7,A,0,3
1407,2022-23,2023-02-13,29,19:45,Gtech Community Stadium,13328,Paul Tierney,Clear,null,92,Relegation 6-pointer,Brentford,West Ham,Thomas Frank,David Moyes,4-1-4-1,4-3-2-1,attack,defense,average,good,2,1,3,1,17;29;81+1,24,18,13,7,4,38.9,30.8,4.22,0.87,-1.22,0.13,57.5,42.5,588,,82.8,82.1,79,?,,4,2,1,13,7,0,0,0,1,0,0,7,7,3,1,0,0,6,,3,4,1,3,,11,20,14,23,29,11,7,8,16,5,7,43.5,,6,,40.4,51.7,105.2,122.3,215,237,0,2,2,1,2.92,4.06,2.43,H,3,0
1819,2023-24,2024-03-11,29,15:00,Goodison Park,35025,Simon Hooper,Windy,19.7,83,Derby,Everton,Nottm Forest,Sean Dyche,Nuno Espirito Santo,4-3-3,4-3-2-1,defense,defense,good,good,2,0,3,1,33;40;82,65+5,20,12,9,4,-,33.3,3.54,1.41,-0.54,-0.41,47.7,52.3,642,566,82.0,79.1,69,37,6,2,1,0,17,8,0,0,0,0,0,0,,16,2,3,0,0,3,5,3,6,1,3,26,19,18,12,11,26,7,2,24,nan,14,21,26.4,18.3,19,5,61.0,65.5,104.6,100.1,279,,1,5,0,0,2.82,3.79,2.62,H,3,0
944,2021-22,2021-12-22,11,12:30,Etihad Stadium,44802,Andy Madley,Overcast,22.6,64,League,Manchester City,Newcastle,,Eddie Howe,4-3-2-1,5-4-1,balanced,defense,bad,average,,2,4,2,9;13;54;71+2,8;80x,20,13,5,4,25.0,30.8,3.22,2.42,0.78,-0.42,57.2,42.8,490,317,87.1,87.4,67,,10,2,0,1,7,18,0,0,1,0,0,0,11,12,4,3,0,0,5,4,2,1,2,4,27,19,15,18,19,37,11,3,22,14,-18,21,42.9,17.4,19,7,48.3,49.1,null,109.2,288,239,4,4,0,0,2.19,6.41,2.58,H,3,0
832,2021-22,2021-10-03,14,14:05,Selhurst Park,24768,John Brooks,Light Rain,-1.0,71,League,Crystal Palace,Burnley,Oliver Glasner,Vincent Kompany,5-4-1,3-4-3,DEFENSE,defense,average,bad,2,1,3,2,26+5;40;59,50;66,12,16,6,4,50.0,25.0,3.07,2.53,-0.07,-0.53,52.5,47.5,503,401,75.8,,33,41,6,9,0,1,6,14,1,0,0,1,0,1,6,9,4,2,0,0,0,0,2,3,2,3,27,12,14,16,16,35,7,10,8,,25,21,34.3,42.9,11,12,46.1,42.3,108.7,108.3,230,192,3,2,0,0,1.95,6.27,3.04,H,,0
791,2021-22,2021-09-04,34,12:30,Stamford Bridge,,John Brooks,Clear,9.5,63,League,Chelsea,Bournemouth,Mauricio Pochettino,Andoni Iraola,4-3-2-1,4-3-3,balanced,attack,,good,2,2,3,3,39;57;81+2,2;3;30,13,6,10,3,##,50.0,3.27,3.45,-0.27,-0.45,66.2,33.8,430,278,83.4,80.4,56,27,,2,2,1,11,,0,0,1,?,1,0,9,16,1,2,0,1,1,,0,7,3,3,22,19,20,14,18,36,9,4,16,14,14,7,39.7,15.3,10,16,51.0,71.5,110.9,108.6,228,204,2,3,3,1,1.94,6.15,3.11,D,1,1
1920,2020-21,2021-06-30,16,17:30,Etihad Stadium,50962,Paul Tierney,Rainy,13.8,72,Cup,Manchester City,Luton Town,Pep Guardiola,Rob Edwards,3-5-2,4-1-4-1,balanced,defense,bad,good,1,0,2,0,4;89,none,14,10,5,6,35.7,60.0,1.96,0.12,0.04,-0.12,67.1,32.9,489,639,86.5,73.1,64,68,8,,0,0,12,9,0,,0,,0,0,20,19,1,0,0,0,1,1,6,3,0,2,29,12,18,5,23,21,4,7,22,?,?,5,36.5,37.9,15,12,57.5,64.1,107.5,111.5,229,173,,3,1,1,2.09,4.76,3.22,H,3,0
1707,2023-24,2023-12-20,2,19:45,Tottenham Hotspur Stadium,52520,Jarred Gillett,Overcast,8.9,41,League,Tottenham,Everton,Ange Postecoglou,Sean Dyche,3-5-2,5-4-1,attack,defense,average,average,0,2,2,3,22+4;37,48;70;86,20,14,7,5,35.0,35.7,2.65,2.12,-0.65,0.88,62.8,37.2,670,424,83.1,74.7,57,53,6,6,1,0,13,7,0,0,0,1,0,1,9,9,1,2,0,0,2,0,2,5,3,2,12,18,5,14,17,14,7,10,14,19,17,11,18.7,37.8,16,9,53.1,49.6,116.2,105.4,,194,2,4,1,0,1.99,4.13,3.92,A,0,3
200,2019-20,2019-12-31,8,15:00,Bramall Lane,31214,Michael Oliver,Overcast,13.8,60,Relegation 6-pointer,Sheffield United,Bournemouth,Chris Wilder,Andoni Iraola,4-4-2,4-3-2-1,defense,attack,good,poor,0,0,0,2,none,2+2;15,19,10,8,7,42.1,70.0,##,2.15,-0.1,-0.15,47.0,53.0,349,447,,83.0,36,34,5,7,0,1,12,16,0,0,0,1,0,1,7,18,1,3,0,0,0,2,5,8,2,0,,14,16,-11,36,16,10,,11,8,24,13,21.3,25.2,18,8,61.2,45.2,105.3,105.8,235,156,3,6,N/A,1,2.39,6.92,2.29,A,0,3
116,2019-20,2019-10-31,26,12:30,Bramall Lane,30010,Paul Tierney,Foggy,13.0,57,League,Sheffield United,Everton,,Sean Dyche,4-3-3,3-4-3,defense,defense,bad,good,0,0,2,3,11;20,2;33;56,19,10,6,3,31.6,30.0,1.48,2.73,0.52,0.27,40.0,60.0,493,379,71.8,77.0,76,44,10,8,1,2,21,12,1,0,1,0,1,0,13,11,2,1,?,0,4,0,0,4,3,2,26,19,11,14,13,10,10,6,7,15,20,9,44.3,16.9,16,7,73.7,67.3,104.4,105.3,292,146,0,3,1,1,2.63,3.55,2.96,A,0,3
1462,2022-23,2023-03-19,21,14:05,St. James' Park,50190,Andy Madley,,7.4,68,League,Newcastle,Tottenham,Eddie Howe,Ange Postecoglou,3-5-2,3-4-3,defense,attack,average,good,0,0,,0,40;47;55;70,none,18,12,3,1,16.7,8.3,4.41,0.1,-0.41,-0.1,45.5,54.5,303,503,89.0,85.5,29,52,2,4,nan,0,11,5,0,0,nan,0,1,0,6,15,3,3,0,0,4,5,1,0,0,4,25,11,13,17,32,8,6,3,21,17,24,18,40.1,18.9,20,17,68.1,69.6,105.8,106.9,239,152,4,4,2,1,3.16,2.85,3.01,H,3,0
1526,2023-24,2023-08-17,26,15:00,Tottenham Hotspur Stadium,61010,nan,Rainy,1.0,43,Title race,Tottenham,Manchester United,,Erik ten Hag,4-3-2-1,,attack,balanced,average,bad,0,0,,1,7+4,,10,7,7,4,70.0,,0.56,0.63,0.44,0.37,53.1,,451,430,87.2,83.1,59,49,3,7,1,1,17,11,0,0,1,0,0,0,12,N/A,4,2,0,0,1,,3,6,1,1.0,28,23,17,7,18,9,10,6,25,10,17,4,,28.7,8,5,44.6,50.5,108.1,100.7,201,140,1,2,1,1,2.76,3.07,3.2,D,1,1
447,2020-21,2020-10-25,21,17:30,London Stadium,58134,Jarred Gillett,Clear,9.3,76,League,West Ham,Liverpool,David Moyes,Jurgen Klopp,3-5-2,5-4-1,defense,attack,average,bad,0,2,0,2,none,49;79,10,11,3,3,,27.3,0.15,1.9,-0.15,0.1,45.3,54.7,345,269,80.0,87.1,57,32,7,3,0,0,11,15,0,0,0,0,0,0,18,14,1,3,0,0,0,5,1,3,2,0,28,26,14,17,39,38,3,9,15,9,10,14,39.2,33.8,11,7,44.7,49.0,105.0,95.6,278,228,4,2,0,0,2.96,3.64,2.58,A,0,
728,2020-21,2021-05-17,6,16:30,London Stadium,57775,Paul Tierney,Cloudy,1.8,72,League,West Ham,Arsenal,David Moyes,Mikel Arteta,4-1-4-1,5-4-1,defense,attack,,bad,1,0,2,2,4;29,64;73,14,10,6,6,42.9,60.0,1.86,2.17,0.14,-0.17,43.9,56.1,629,453,81.8,93.7,23,61,5,7,0,1,,8,0,0,0,1,0,1,12,8,4,4,0,0,0,3,4,4,2,2,28,14,18,18,18,11,6,7,25,11,5,10,27.2,30.2,5,16,62.5,54.1,112.9,110.2,176,283,2,7,0,0,2.71,3.68,2.78,D,1,
170,2019-20,2019-12-06,35,12:30,Old Trafford,71847,Robert Jones,Sunny,12.9,47,League,Manchester United,Aston Villa,Erik ten Hag,Unai Emery,4-3-3,4-3-3,balanced,attack,good,average,1,0,3,1,5;31;73,41,11,10,6,2,54.5,20.0,3.54,0.87,-0.54,,45.3,54.7,606,,89.1,82.0,38,41,7,9,2,1,18,6,2,0,nan,0,0,0,18,17,3,2,0,0,0,1,1,3,1,3,,23,7,11,36,27,5,3,17,20,7,21,30.5,41.5,6,15,50.7,59.6,109.4,108.7,295,203,1,5,2,1,2.99,2.81,3.22,H,3,0
2055,2021-22,2022-05-30,36,12:30,St. James' Park,46471,Chris Kavanagh,Windy,11.2,59,Cup,Newcastle,Aston Villa,Eddie Howe,Unai Emery,4-3-2-1,3-4-3,defense,attack,bad,average,0,1,1,1,68,67+5,19,7,8,7,42.1,100.0,1.43,1.22,-0.43,-0.22,53.7,46.3,550,382,84.4,87.6,45,26,5,1,0,1,22,20,0,0,0,0,0,0,6,13,1,3,0,0,6,2,6,7,1,?,29,23,N/A,11,17,38,6,10,21,11,7,14,35.6,25.5,15,18,40.1,69.9,115.3,112.3,nan,163,2,7,2,1,2.2,,2.59,D,1,1
1659,2023-24,2023-11-18,7,16:30,Molineux Stadium,26939,Simon Hooper,Cloudy,13.2,77,League,Wolves,Sheffield United,Gary O'Neil,Chris Wilder,3-5-2,4-2-3-1,DEFENSE,,Avg,good,5,0,?,1,3;43;44;47+5;77,11,11,8,,1,90.9,12.5,4.25,0.87,0.75,0.13,53.6,46.4,365,324,83.5,75.9,70,37,2,1,1,0,12,8,0,0,0,0,0,0,20,14,1,2,0,0,0,3,0,5,1,5,28,19,14,11,35,24,9,7,16,5,?,11,20.5,20.2,16,,41.2,51.3,110.9,102.2,166,182,2,1,2,2,2.37,3.24,3.7,H,3,0
5,2019-20,2019-08-14,25,17:30,Villa Park,38262,Anthony Taylor,Clear,2.2,63,League,Aston Villa,Burnley,Unai Emery,Vincent Kompany,5-4-1,4-3-3,attack,defense,bad,Avg,0,0,,,58;75,none,13,13,10,1,76.9,7.7,2.5,0.37,-0.5,-0.37,55.0,,366,292,88.0,72.5,63,38,10,2,0,0,18,9,0,0,0,0,0,0,7,9,1,3,0,0,6,1,1,8,0,2,29,18,10,10,38,34,9,4,24,13,13,20,43.9,null,13,13,57.7,50.2,110.5,107.6,191,211,4,,1,1,2.37,3.97,3.06,H,3,0
1921,2019-20,2019-12-02,34,16:30,Gtech Community Stadium,15539,Jarred Gillett,Overcast,25.1,88,Derby,Brentford,Luton Town,Thomas Frank,Rob Edwards,3-4-3,4-3-2-1,attack,defense,average,good,3,1,3,?,8;34+2;42,47,13,17,10,,76.9,23.5,3.63,0.66,-0.63,0.34,64.7,35.3,662,286,77.5,70.0,71,46,2,2,1,0,20,,0,0,,0,0,0,12,11,2,1,0,0,4,1,3,7,1,3,13,19,7,16,29,33,7,8,7,17,25,15,28.8,37.1,,16,67.2,54.9,105.1,103.3,253,213,0,4,1,,2.55,3.51,3.1,H,3,0
248,2019-20,2020-01-30,4,19:45,Selhurst Park,23480,Stuart Attwell,Foggy,10.3,51,Title race,Crystal Palace,Wolves,Oliver Glasner,Gary O'Neil,4_3_2_1,4-4-2,DEFENSE,defense,bad,good,1,0,2,1,56;77+1,42,17,10,7,8,41.2,80.0,1.73,1.1,0.27,-0.1,51.8,48.2,431,255,83.6,79.7,36,53,2,7,2,1,20,10,0,0,0,0,0,0,12,17,2,1,0,0,1,3,7,5,1,2,10,25,20,14,30,32,4,7,24,13,17,5,25.9,37.0,,18,70.2,63.8,104.9,102.8,266,205,0,2,1,0,2.91,3.65,2.62,H,3,0
1021,2021-22,2022-02-16,1,14:05,Goodison Park,32062,David Coote,,,92,Top 4 battle,Everton,Brighton,Sean Dyche,Roberto De Zerbi,3-4-3,4-4-2,defense,balanced,good,bad,2,1,2,1,13;28,83,,11,6,,50.0,,2.91,1.05,-0.91,-0.05,48.7,51.3,574,328,79.7,80.0,49,43,10,1,2,1,12,17,0,1,0,0,0,0,20,17,2,4,0,0,0,4,6,4,1,2,13,21,15,16,12,10,6,10,10,11,9,15,45.0,26.6,20,17,,49.4,106.3,,172,164,2,3,1,1,3.38,2.82,2.87,H,3,0
1428,2022-23,2023-02-24,19,20:00,Old Trafford,71249,Paul Tierney,Clear,8.7,89,Top 4 battle,Manchester United,Brighton,Erik ten Hag,Roberto De Zerbi,4-4-2,3-4-3,balanced,balanced,bad,good,0,1,3,,7;56;61,24;78,9,8,4,2,44.4,25.0,3.83,1.91,-0.83,,55.4,44.6,526,637,,85.9,30,59,10,9,1,0,18,6,1,1,0,0,0,0,17,N/A,3,2,0,0,3,1,0,1,2,3,12,15,6,7,31,9,4,2,7,15,9,8,18.3,39.5,16,9,46.3,47.8,111.0,109.1,168,234,0,1,3,0,2.78,3.54,2.79,H,3,0
324,2019-20,2020-03-26,21,12:30,City Ground,25687,Simon Hooper,Sunny,18.1,66,Top 4 battle,Nottm Forest,Manchester United,Nuno Espirito Santo,Erik ten Hag,4-3-2-1,4_3_3,defense,balanced,bad,bad,1,1,2,2,8;71,55;90,18,11,4,8,22.2,,2.01,1.21,,0.79,38.7,61.3,414,316,76.2,89.7,64,27,6,9,1.0,1,19,15,0,0,1,0,1,nan,12,8,2,2,0,0,5,5,6,2,2,2,13,25,12,8,14,23,10,3,21,8,18,13,20.1,31.3,14,15,64.0,67.2,105.6,104.5,164,253,5,3,0,0,2.58,5.2,2.38,D,1,1
622,2020-21,2021-02-28,9,12:30,Molineux Stadium,24363,Jarred Gillett,Overcast,16.9,51,League,Wolves,Fulham,Gary O'Neil,Marco Silva,3-4-3,4-3-2-1,defense,balanced,good,average,0,0,2,3,40;86,,13,7,7,6,53.8,85.7,2.27,2.58,-0.27,0.42,43.0,57.0,590,631,79.2,,70,70,8,1,0,,22,6,0,0,0,0,0,0,9,7,3,4,0,0,1,5,3,5,3,2,16,12,15,8,21,32,7,3,25,21,23,11,35.2,27.8,8,8,52.5,51.4,104.1,103.9,255,166,1,1,2,0,2.14,5.39,2.88,A,0,3
1922,2019-20,2019-09-27,21,14:05,Old Trafford,61323,Paul Tierney,Overcast,14.8,62,Derby,Manchester United,Wolves,Erik ten Hag,Gary O'Neil,3-4-3,,,defense,average,average,0,1,4,3,33;59;68;89,3+1;69;77,9,8,8,5,88.9,62.5,3.37,3.19,0.63,-0.19,55.0,45.0,505,406,86.0,76.6,57,61,11,8,,0,N/A,5,0,0,2,1,2,1,18,11,1,1,0,0,4,5,2,4,3,,22,28,5,16,24,25,9,4,7,20,18,19,26.6,39.5,13,14,59.5,69.1,106.6,111.0,182,244,1,4,2,0,,5.61,3.03,H,3,0
1422,2022-23,2023-02-20,31,16:30,Vitality Stadium,9289,David Coote,Overcast,1.6,70,Title race,Bournemouth,Nottm Forest,Andoni Iraola,Nuno Espirito Santo,4-2-3-1,4-4-2,attack,defense,bad,average,0,0,0,0,none,none,10,15,3,2,30.0,13.3,0.1,0.1,-0.1,-0.1,44.8,55.2,379,321,80.2,82.7,26,75,9,7,0,0,16,11,0,0,0,0,0,0,12,8,2,0,0,0,5,1,2,3,0,0,26,24,14,12,31,35,6,7,10,9,7,6,22.4,16.6,20,5,40.8,71.4,106.9,103.8,253,186,1,0,0,0,2.23,5.21,2.77,D,1,1
434,2020-21,2020-10-21,16,19:45,Anfield,51214,David Coote,Light Rain,5.7,89,Cup,Liverpool,Chelsea,,Mauricio Pochettino,3-4-3,4-3-3,attack,balanced,good,average,2,1,5,1,2;30;45;47;68,81,10,12,10,2,100.0,16.7,5.93,1.07,##,-0.07,61.2,38.8,354,487,90.3,89.8,44,46,10,9,N/A,1,20,20,0,0,1,0,0,0,,18,2,N/A,0,0,,2,1,5,1,5,22,26,11,14,33,34,4,8,16,9,20,8,39.4,23.1,18,7,62.6,45.3,112.4,102.9,270,216,2,4,2,1,,3.39,2.87,H,3,0
1810,2023-24,2024-03-01,20,14:05,Kenilworth Road,8212,Andy Madley,Overcast,11.5,40,League,Luton Town,Bournemouth,Rob Edwards,Andoni Iraola,4-2-3-1,4-1-4-1,defense,attack,good,average,0,2,0,2,none,16;49,20,14,9,6,45.0,42.9,0.1,2.3,-0.1,-0.3,51.4,,463,388,,77.6,52,65,9,8,0,2,6,10,0,0,0,1,0,0,9,18,4,2,0,0,2,3,4,9,2,0,29,14,10,11,35,33,7,5,,18,19,4,15.1,43.7,13,6,61.0,,110.3,108.1,227,258,1,3,1,0,2.45,4.48,2.72,A,0,3
1481,2022-23,2023-04-04,21,14:05,Molineux Stadium,29174,Robert Jones,Overcast,18.5,58,Cup,Wolves,Sheffield United,Gary O'Neil,Chris Wilder,5-4-1,3-4-3,defense,defense,bad,Good,0,1,1,2,57,53;74,,12,2,8,15.4,66.7,1.12,2.25,-0.12,-0.25,61.1,38.9,652,426,80.9,68.6,24,,3,5,0,0,7,7,0,0,0,1,0,0,14,14,0,2,0,0,2,N/A,6,1,2,1,27,22,12,9,14,13,12,10,12,11,15,9,27.4,37.5,17,7,57.8,nan,112.0,101.6,294,148,1,7,2,0,1.92,6.45,3.09,A,0,3
1258,2022-23,2022-10-27,10,15:00,Emirates Stadium,48624,Thomas Bramall,Overcast,10.1,62,Top 4 battle,Arsenal,Luton Town,Mikel Arteta,,4-4-2,4-3-3,attack,defense,good,bad,0,0,3,0,21;32;73,none,13,6,7,4,53.8,66.7,,0.1,0.29,-0.1,61.9,38.1,501,321,86.2,,49,37,9,8,1,0,11,16,0,0,0,0,0,0,20,9,1,3,0,0,2,5,4,4,0,3,30,12,13,18,16,31,9,4,23,20,12,12,19.0,25.3,6,17,73.7,64.5,100.9,102.4,193,198,3,3,0,0,,3.83,4.02,H,3,0
75,2019-20,2019-10-03,21,17:30,Selhurst Park,22257,Robert Jones,Rainy,32.4,71,League,Crystal Palace,Arsenal,Oliver Glasner,Mikel Arteta,3-5-2,3-4-3,defense,attack,good,good,1,0,2,2,32;37,9;88,,13,9,4,50.0,,2.17,2.66,-0.17,-0.66,40.6,59.4,306,634,79.3,89.4,64,32,7,5,1,1,9,7,0,1,0,0,0,0,12,15,4,2,0,0,3,4,2,7,2,2,18,14,20,15,28,19,4,?,25,6,13,17,29.6,39.6,10,13,67.3,42.8,105.4,110.6,283,224,,7,0,0,2.49,5.8,2.35,D,1,
1019,2021-22,2022-02-15,1,16:30,Gtech Community Stadium,N/A,John Brooks,Cloudy,23.6,84,League,Brentford,Sheffield United,Thomas Frank,,5-4-1,4-1-4-1,ATTACK,defense,good,bad,0,0,4,0,18+3;22+3;69;83,none,11,8,,6,90.9,75.0,3.56,0.41,0.44,-0.41,63.4,36.6,398,351,86.4,77.0,37,45,3,5,N/A,0,22,11,0,0,2,0,2,0,8,9,4,0,,0,1,2,6,6,0,4,16,19,5,12,36,20,3,9,24,9,13,,36.2,33.7,6,8,53.6,45.2,110.0,110.3,219,240,2,2,0,0,2.05,5.33,3.09,H,3,0
612,2020-21,2021-02-21,12,20:00,Emirates Stadium,58021,Michael Oliver,Cloudy,17.8,57,League,Arsenal,Liverpool,Mikel Arteta,Jurgen Klopp,3-5-2,5-4-1,attack,attack,bad,average,2,N/A,2,2,41;85+4,25;87+1,17,15,10,2,58.8,13.3,1.75,1.5,0.25,0.5,49.4%,50.6,365,426,84.0,87.0,23,18,7,2,2,2,18,19,1,,0,0,0,0,14,6,1,3,0,0,5,3,0,8,2,2,11,12,7,16,,21,9,4,13,,16,11,22.3x,37.6,9,12,58.4,63.8,107.7,106.9,154,?,3,4,2,1,2.12,4.63,3.2,D,1,1
1788,2023-24,2024-02-19,38,17:30,Amex Stadium,28968,Thomas Bramall,Clear,12.4,67,League,Brighton,Luton Town,Roberto De Zerbi,Rob Edwards,3-4-3,4-2-3-1,balanced,defense,average,good,1,1,2,1,7;79+4,25,13,10,4,7,30.8,70.0,1.9,0.9,0.1,0.1,59.6,40.4,662,561,87.0,79.3,,29,4,3,1,0,18,8,0,0,0,0,0,0,18,13,2,2,0,0,5,1,6,2,1,2,25,15,5,17,22,35,8,9,8,8,25,9,43.8,19.2,16,8,55.9,59.7,111.7,109.2,259,198,3,4,3,0,,3.96,3.21,H,3,0
1436,2022-23,2023-03-03,26,16:30,Vitality Stadium,11033,Robert Jones,Foggy,18.8,94,League,Bournemouth,Tottenham,Andoni Iraola,Ange Postecoglou,4-3-2-1,3-5-2,attack,attk,good,good,0,0,1,0,1,none,14,16,10,3,71.4,18.8,0.75,0.1,0.25,-0.1,41.2,58.8,685,359,78.6,83.9,71,21,5,5,1,0,12,18,0,0,0,0,0,0,16,11,0,3,0,0,?,4,3,9,0,1,14,27,,18,35,8,6,3,,12,7,18,37.5,15.6,7,17,50.1,55.7,##,106.4,278,271,,2,,1,3.23,null,2.36,H,3,0
535,2020-21,2020-12-31,31,20:00,Emirates Stadium,58084,Robert Jones,Windy,11.2,68,League,Arsenal,Tottenham,Mikel Arteta,Ange Postecoglou,3-5-2,4-4-2,attack,attack,avg,average,1,0,2,0,45;58,,10,13,7,7,70.0,53.8,2.49,0.1,-0.49,-0.1,60.4,39.6,380,301,86.0,86.4,52,73,6,8,0,0,6,19,0,0,,0,0,0,7,9,2,1,0,0,5,5,7,5,0,2,13,13,6,10,30,38,7,4,15,21,22,nan,42.3,40.4,16,5,66.5,49.4,111.5,107.0,173,?,5,3,1,1,2.22,3.96,3.37,H,3,0
374,2019-20,2020-05-01,24,14:05,Goodison Park,30975,David Coote,Cloudy,13.1,57,Top 4 battle,Everton,Aston Villa,Sean Dyche,Unai Emery,4-3-3,4-4-2,defense,attack,bad,Avg,0,0,1,2,82,81;85,11,16,7,4,63.6,25.0,1.12,2.32,-0.12,-0.32,51.6,48.4,678,436,79.6,84.2,28,66,3,7,1,1,14,10,0,0,0,0,0,0,7,17,0,2,0,0,2,2,2,6,-2,1,18,21,18,15,20,22,3,8,20,20,,19,26.9,,20,17,64.2,46.6,105.9,105.0,225,288,1,4,1,,3.33,4.0,2.22,A,0,3
624,2020-21,2021-03-02,5,12:30,Stamford Bridge,35487,Michael Oliver,Clear,11.7,71,League,Chelsea,Brighton,Mauricio Pochettino,Roberto De Zerbi,5-4-1,5-4-1,balanced,balanced,bad,average,0,1,3,1,6;20;84,18+5,19,17,nan,4,10.5,23.5,3.74,1.2,-0.74,-0.2,46.8,53.2,367,467,,83.2,48,58,4,8,1,1,11,12,0,0,2,0,2,0,18,,2,2,0,0,0,5,3,,1,3,14,27,8,,31,17,,8,6,18,21,21,21.4,34.6,13,12,60.5,58.8,,107.1,161,240,1,0,2,2,2.77,4.11,2.52,H,3,0
771,2021-22,2021-08-20,17,19:45,Old Trafford,59851,,Windy,12.9,89,League,Manchester United,Aston Villa,Erik ten Hag,Unai Emery,,4-3-2-1,balanced,attack,bad,average,2,2,2,2,37;49,50;88,19,9,8,3,42.1,33.3,2.52,2.68,null,-0.68,48.7,51.3,347,467,85.3,81.3,41,40,2,5,2,1,9,,0,0,0,0,0,0,8,6,2,2,1,0,3,0,1,6,2,2,30,11,5,15,14,15,7,3,9,21,8,18,20.7,32.9,8,14,nan,56.1,110.5,100.0,247,279,3,3,2,1,2.16,,3.36,D,1,1
879,2021-22,06/11/2021,12,17:30,Etihad Stadium,41895,Andy Madley,Cloudy,7.5,69,Cup,Manchester City,Brighton,Pep Guardiola,Roberto De Zerbi,4-2-3-1,4-3-3,balanced,balanced,average,bad,0,0,3,0,4;42;73,none,16,8,4,5,25.0,62.5,3.59,0.5,-0.59,-0.5,51.9,48.1%,646,266,90.7,83.8,67,74,8,8,2,,7,16,0,0,0,0,0,0,9,10,4,2,0,0,5,2,5,1,0,3,,16,18,15,27,29,nan,10,19,15,12,10,19.2,34.0,6,13,64.3,54.1,110.6,,259,272,,4,1,1,2.04,7.93,2.61,H,3,0
1737,2023-24,2024-01-10,20,20:00,Emirates Stadium,nan,Stuart Attwell,Windy,12.3,71,League,Arsenal,Newcastle,Mikel Arteta,Eddie Howe,4-3-2-1,3-4-3,attack,,Avg,good,2,1,2,1,23;41,84,14,6,6,3,42.9,,2.24,1.21,-0.24,-0.21,58.1,41.9,577,293,86.8,79.6,32,70,4,5,0,0,22,11,0,0,0,0,0,0,17,16,2,2,nan,0,0,5,2,4,1,2,,18,18,14,18,15,6,10,14,13,16,4,36.7,20.2,19,14,?,52.6,108.1,,186,151,3,0,1,1,2.22,4.81,,H,3,0
1697,2023-24,2023-12-11,19,15:00,London Stadium,58382,Anthony Taylor,Clear,6.3,94,League,West Ham,Brentford,David Moyes,Thomas Frank,3-4-3,4-3-2-1,balanced,attack,good,Good,0,0,0,,none,11,16,17,9,3,56.2,17.6,0.1,1.0,-0.1,0.0,54.4,45.6,455,600,79.7,79.5,20,37,4,8,0,0,22,20,0,0,1,0,0,,9,12,,1,0,0,1,5,2,9,1,0,17,22,7,5,,13,10,9,5,11,21,14,37.1,40.7,18,8,69.3,51.3,111.8,107.2,287,273,1,7,1,0,2.39,##,2.44,A,0,3
1805,2023-24,2024-02-27,12,15:00,Tottenham Hotspur Stadium,54553,Jarred Gillett,,24.8,62,Derby,Tottenham,Liverpool,Ange Postecoglou,Jurgen Klopp,3-4-3,4-3-2-1,attack,attack,good,good,,2,1,3,8,22;36;81,15,10,2,5,13.3,50.0,,2.51,0.18,0.49,53.7,46.3,,317,86.2,88.3,34,45,8,3,N/A,0,?,18,1,0,0,1,0,1,20,20,0,4,0,0,5,1,2,1,3,nan,26,26,7,17,27,25,6,5,13,15,15,19,19.9,23.3,,16,51.6,45.9,,110.8,233,280,4,6,1,1,3.25,2.88,2.9,A,0,3
988,2021-22,2022-01-20,18,12:30,Villa Park,38060,Stuart Attwell,Rainy,11.0,63,Derby,Aston Villa,Wolves,Unai Emery,Gary O'Neil,4-3-2-1,4-2-3-1,attack,defense,good,good,0,1,2,1,54;66,86,11,10,8,3,72.7,30.0,2.29,1.37,-0.29,,56.6,43.4,387,487,86.9,80.5,21,62,2,3,1,1,6,8,0,0,1,0,1,0,13,10,1,2,0,0,6,2,2,6,1,2,23,27,17,12,24,10,9,2,15,16,11,14,37.2,25.6,11,16,51.8,67.8,98.4,110.0,266,146,2,4,1,0,2.56,3.08,3.52,H,3,0
929,2021-22,2021-12-10,21,12:30,Old Trafford,69587,David Coote,Light Rain,32.0,85,Cup,Manchester United,Brighton,Erik ten Hag,Roberto De Zerbi,4-4-2,4-1-4-1,balanced,balanced,average,average,2,0,2,0,,none,15,16,10,5,66.7,?,1.58,0.1,,-0.1,48.3%,51.7,427,503,81.0,86.8,56,61,4,4,2,0,17,6,0,0,0,,0,0,10,20,4,1,0,0,1,0,5,8,0,2,22,23,15,9,13,33,2,4,9,11,20,20,35.8,38.7,13,18,70.7,51.3,106.8,108.2,255,244,3,4,3,0,2.13,4.24,3.41,H,N/A,0
1591,2023-24,2023-09-29,38,16:30,Kenilworth Road,9569,Stuart Attwell,Cloudy,21.2,73,League,Luton Town,Chelsea,Rob Edwards,Mauricio Pochettino,5-4-1,5-4-1,defense,balanced,bad,bad,1,1,2,3,58;73,43;72;87,11,9,10,3,90.9,33.3,2.34,3.47,-0.34,-0.47,43.7,56.3,368,507,78.6,?,20,58,3,2,1,2,21,19,0,,1,1,,1,12,14,0,2,0,0,6,4,0,8,3,2,,17,12,8,27,23,10,2,,21,18,7,40.6,20.8,13,6,67.9,64.6,97.1,102.8,201,212,3,5,1,0,3.1,3.16,2.77,A,0,
1964,2023-24,2024-04-09,29,12:30,Old Trafford,72068,Paul Tierney,Windy,11.5,70,Relegation 6-pointer,Manchester United,Liverpool,Erik ten Hag,Jurgen Klopp,4-2-3-1,4-4-2,balanced,attack,average,good,1,0,1,2,10,42;88,8,8,6,7,75.0,87.5,0.91,2.84,,-0.84,42.7,57.3,509,429,90.1,85.4,70,36,6,9,1,1,12,14,0,0,0,1,0,1,19,16,3,1,0,0,3,3,5,5,2,1,11,15,14,12,34,N/A,6,8,8,8,24,19,33.8,34.9,18,8,47.4,51.7,112.1,103.4,197,208,4,3,1,0,2.69,5.06,2.32,A,0,3
1560,2023-24,2023-09-07,18,17:30,City Ground,27783,Robert Jones,Clear,15.8,82,League,Nottm Forest,Arsenal,Nuno Espirito Santo,Mikel Arteta,3-5-2,4-2-3-1,defense,attack,,average,0,2,1,3,49,52+4;69;75+3,14,-1,8,6,57.1,35.3,1.37,3.72,-0.37,-0.72,46.4,53.6,407,504,73.9,87.6,72,69,6,3,0,0,17,5,0,0,1,1,1,0,10,12,3,1,0,0,,1,3,7,3,1,10,23,12,17,12,33,10,8,7,14,13,15,42.0,15.5,10,4,51.4,43.4,106.6,106.1,216,149,4,7,1,1,2.68,6.21,2.15x,A,0,3
1772,2023-24,2024-02-05,15,16:30,Anfield,51508,David Coote,Clear,18.2,52,Top 4 battle,Liverpool,Sheffield United,Jurgen Klopp,Chris Wilder,4-1-4-1,3-5-2,attack,defense,bad,average,1,0,2,0,44;52,none,16,12,5,6,31.2,50.0,1.89,0.1,0.11,-0.1,63.1,36.9,N/A,588,84.3,,62,30,8,1,0,0,11,18,1,?,0,0,0,0,12,,0,2,0,,3,,6,3,0,2,,,9,17,36,35,?,2,8,21,21,10,44.4,31.8,7,11,61.3,62.3,108.9,104.8,256,223,2,1,3,2,1.82,3.88,5.21,H,3,0
314,2019-20,2020-03-20,5,20:00,Craven Cottage,21450,Paul Tierney,Cloudy,18.0,78,League,Fulham,Chelsea,Marco Silva,Mauricio Pochettino,4-2-3-1,4-2-3-1,balanced,balanced,,average,,1,2,6,29;55,32;53;58;69;80;89,16,8,5,4,31.2,50.0,,6.55,-0.28,-0.55,37.5,62.5,592,503,85.9,88.3,69,27,7,7,0,2,14,16,0,0,1,2,0,2,9,12,2,1,0,0,4,2,0,3,6,2,14,27,-18,16,30,14,7,7,17,22,6,17,39.9,22.1,14,9,70.1,66.5,106.7,107.7,209,,1,2,3,2,?,7.18,2.23,A,0,3
1328,2022-23,2022-12-14,20,17:30,Old Trafford,64982,Thomas Bramall,Clear,28.0,56,Cup,Manchester United,Newcastle,Erik ten Hag,,4-1-4-1,4-3-3,balanced,defense,bad,average,0,0,2,1,nan,77,14,15,3,5,21.4,33.3,1.99,0.98,0.01,0.02,56.3,43.7,433,280,81.7,83.1,64,21,2,5,1,1,21,10,0,0,0,0,0,0,17,16,0,1,0,0,,5,4,1,1,2,11,26,6,8,28,21,6,4,8,8,13,19,19.6,34.2,17,6,,63.2x,112.5,107.7,296,,2,1,0,0,2.85,3.0,3.16,H,3,0
1699,2023-24,2023-12-16,4,14:05,Kenilworth Road,10295,Jarred Gillett,Overcast,18.4,66,Top 4 battle,Luton Town,Nottm Forest,Rob Edwards,Nuno Espirito Santo,3-5-2,4-3-3,defense,defense,bad,average,1,,2,1,36;89,71,8,10,3,5,37.5,50.0,1.72,0.86,0.28,0.14,40.0,60.0,317,278,73.7,77.1,55,48,10,9,1,0,10,12,1,0,1,1,1,0,11,11,1,2,0,0,4,3,4,1,1,2,13,12,13,13,38,27,8,4,13,9,6,12,22.2,40.7x,,13,60.8,45.9,108.2,104.3,199,161,4,2,2,1,3.16,4.35,2.2,H,,0
496,2020-21,2020-12-04,28,15:00,St. James' Park,40034,John Brooks,Sunny,nan,59,Relegation 6-pointer,Newcastle,Bournemouth,Eddie Howe,Andoni Iraola,4-2-3-1,4-4-2,defense,attack,good,good,2,0,2,0,6;80,none,8,16,2,3,25.0,18.8,2.64,0.25,-0.64,-0.25,59.4,40.6,482,580,85.0,83.1,29,75,8,3,2,,10,7,0,0,0,,0,0,16,12,2,3,0,0,1,3,3,0,0,2,23,12,5,15,27,14,7,5,23,11,12,19,39.9,37.5,16,10,58.7,46.5,101.5,109.9,256,207,1,7,0,0,2.03,3.88,4.01,H,3,0
1621,2023-24,2023-10-19,30,12:30,Stamford Bridge,30364,Anthony Taylor,Foggy,18.2,49,League,Chelsea,Manchester United,Mauricio Pochettino,Erik ten Hag,5-4-1,3-5-2,balanced,balanced,average,good,1,0,2,0,33+3;90,none,19,14,10,4,52.6,28.6,2.02,0.1,-0.02,-0.1,42.6x,57.4,343,467,82.3,88.6,27,44,5,1,2,0,15,5,2,0,0,0,0,0,10,8,3,2,0,0,4,2,4,8,0,2,18,13,5,9,36,36,10,3,5,?,16,4,30.7,15.4,10,14,71.8,52.2,110.3,107.5,292,150,4,1,2,0,2.22,5.25,2.78,H,3,0
1934,2019-20,24/12/2019,37,17:30,Bramall Lane,27868,Chris Kavanagh,Windy,16.3,90,Cup,Sheffield United,West Ham,Chris Wilder,David Moyes,4-2-3-1,4-2-3-1,defense,defense,average,average,0,0,1,3,49,55;56;61,17.0,9,9,5,52.9,55.6,1.28,4.0,-0.28,-1.0,32.3,67.7,463,274,76.1,,47,71,7,1,0,0,9,5,0,0,0,0,0,0,20,19,2,4,0,0,4,1,2,8,3,1,22,14,8,18,23,31,12,10,-22,20,12,19,17.5,17.1,15,,43.2,63.5,111.4,105.5,245,239,3,5,3,0,2.6,,2.58,A,0,3
848,2021-22,2021-10-16,11,14:05,Vitality Stadium,9176,John Brooks,Light Rain,-2.8,42,League,Bournemouth,Brighton,Andoni Iraola,Roberto De Zerbi,4-3-3,4-2-3-1,attack,balanced,good,good,0,1,1,1,34,62,14,7,3,5,21.4,71.4,0.71,1.14,0.29,-0.14,37.5,62.5,580,276,74.8,-,31,57,4,9,0,1,18,12,0,0,1,0,,0,14,7,0,1,0,0,3,3,4,2,nan,1,21,13,19,5,22,16,2,5,15,8,19,11,31.2,33.9,18,5,71.2,47.6,105.3,109.9,167,177,5,3,1,1,3.47,2.83,2.79,D,1,1
818,2021-22,2021-09-19,5,19:45,Vitality Stadium,10387,Jarred Gillett,Rainy,19.9,66,Top 4 battle,Bournemouth,Tottenham,Andoni Iraola,Ange Postecoglou,4-4-2,3-4-3,attack,defense,good,good,2,0,3,2,38;63;88+1,29+4;52,17,16,8,2,47.1,12.5,3.46,2.33,-0.46,-0.33,48.7,51.3,305,463,82.7,82.9,20,42,3,9,0,0,14,10,1,1,1,1,1,1,20,13,1,1,1,0,0,3,0,5,2,3,30,17,7,16,,22,4,4,10,8,19,11,37.3,43.9,9,7,64.1,45.5,106.4,102.5,196,244,4,,2,2,2.35,9.04,2.16,H,3,0
719,2020-21,2021-05-07,13,19:45,London Stadium,48257,Chris Kavanagh,Light Rain,9.6,54,Cup,West Ham,Burnley,David Moyes,Vincent Kompany,4-1-4-1,4-4-2,defense,defense,average,bad,0,0,1,0,50,none,,8,4,3,44.4,37.5,,0.1,0.04,-0.1,68.4,31.6,382,299,82.1,72.7,59,62,3,8,0,0,6,7,0,0,0,0,0,0,7,20,2,1,0,0,0,5,3,3,0,1,12,13,7,14,33,15,3,5,22,9,18,14,27.6,18.4,8,16,54.4,43.4,114.3,105.8,161,157,2,3,2,2,2.25,4.75,2.9,H,3,0
896,2021-22,2021-11-14,31,15:00,Kenilworth Road,9027,Stuart Attwell,Rainy,7.8,58,League,Luton Town,Burnley,Rob Edwards,Vincent Kompany,,3-4-3,DEFENSE,defense,bad,good,0,,1,2,42,37;46,13,14,7,6,53.8,42.9,N/A,1.89,0.21,0.11,48.1,51.9,606,610,70.8,77.3,73,29,8,3,1,2,12,20,0,0,0,0,0,0,6,20,3,2,1,0,5,4,4,6,2,,29,20,6,13,35,28,3,10,,8,,12,30.8,23.3,10,15,42.6,41.9,111.4,111.0,248,150,2,4,3,1,2.26,4.29,3.09,A,0,3
619,2020-21,2021-03-01,35,12:30,Stamford Bridge,39754,John Brooks,Sunny,7.8,,League,Chelsea,Aston Villa,Mauricio Pochettino,Unai Emery,4-3-2-1,4-4-2,balanced,attack,AVERAGE,average,,2,1,2,74,-,14,9,3,-7,21.4,77.8,1.38,2.04,-0.38,-0.04,44.3,55.7,313,618,90.2,,65,34,,6,1,2,8,11,1,0,1,0,0,0,6,13,3,3,0,0,0,5,5,2,2,1,27,20,9,7,16,22,5,9,16,,25,,36.6,31.0,10,14,52.7,69.2,105.5,108.1,274,223,1,3,1,1,2.37,3.57,3.36,A,0,
552,2020-21,2021-01-14,16,14:05,Etihad Stadium,41858,Anthony Taylor,Cloudy,##,63,Relegation 6-pointer,Manchester City,Everton,Pep Guardiola,Sean Dyche,5-4-1,4-3-2-1,balanced,defense,good,average,0,1,3,1,11;14;35,62,20,6,7,4,35.0,,2.85,1.32,0.15,-0.32,55.2,44.8,653,640,93.9,75.9,,40,4,8.0,0,1,11,5,1,0,,0,0,0,18,18,2,2,0,0,-6,0,3,4,1,3,21,15,,13,30,25,10,5,5,10,18,22,29.8,38.3,5,16,46.0,68.2,110.3,104.3,197,198,5,2,0,0,2.39,2.84,4.37,H,3,0
2034,2022-23,2023-03-07,24,12:30,Selhurst Park,24055,Paul Tierney,Clear,6.7,47,Cup,Crystal Palace,Burnley,Oliver Glasner,Vincent Kompany,3-4-3,,defense,,good,average,?,1,1,2,29,1;33,9,8,7,4,77.8,50.0,,,0.05,-0.24,61.6,38.4,330,553,81.8,77.8,61,44,6,9,0,0,10,6,0,0,0,1,0,1,6,19,0,3,0,0,0,1,2,6,2,1,28,21,9,5,22,25,10,3,19,18,10,14,38.0,31.1,11,17.0,54.6,41.1,,110.6,168,199,2,1,1,0,2.22,3.75,3.55,A,0,3
1723,2023-24,2024-01-02,21,16:30,City Ground,27956,Paul Tierney,Cloudy,0.3,86,Relegation 6-pointer,Nottm Forest,Newcastle,Nuno Espirito Santo,Eddie Howe,4-2-3-1,4-3-2-1,defense,defense,good,good,2,1,2,2,4;81+2,28;69,18,12,5,,27.8,25.0,2.03,1.72,-0.03,0.28,42.8,57.2,484,440,82.3,80.6,35,37.0,9,8,2,0,21,16,0,0,0,0,0,0,10,12,2,1,0,0,2,3,1,3,2,2,27,10,8,18,27,8,11,N/A,16,21,18,14,,15.5,19,15,65.7,42.5,107.9,107.1,174,179,1,7,1,0,3.2,3.63,2.43,D,1,1
1961,2020-21,2021-04-16,37,15:00,Tottenham Hotspur Stadium,59403,Andy Madley,Foggy,17.3,61,Derby,Tottenham,Wolves,Ange Postecoglou,Gary O'Neil,4-4-2,4-2-3-1,,defense,good,bad,,1,3,1,,44,12,13,6,7,50.0,53.8,2.43,1.47,0.57,-0.47,63.6,36.4,609,592,88.6,83.9,43,74,7,4,1,1,17,15,0,0,0,0,0,0,6,6,2,1,,1,6,2,6,3,1,3,12,25,12,18,39,31,8,2,25,19,12,4,19.0,28.3,13,4,56.9,70.8,109.4,117.3,259,188,1,1,,0,2.45,3.77,,H,3,0
971,2021-22,2022-01-12,15,19:45,Molineux Stadium,29993,Paul Tierney,Sunny,4.9,70,League,Wolves,Chelsea,Gary O'Neil,Mauricio Pochettino,5-4-1,4-1-4-1,defense,balanced,Good,average,1,2,2,2,45;89+3,62+2;84,12,11,7,3,58.3,27.3,2.13,2.26,-0.13,-0.26,46.5,53.5,485,348,84.9,82.2,52,40,9,,1,0,16,20,0,0,0,0,0,0,18,7,1,3,0,0,3,2,1,5,2,2,19,21,6,,16,13,12,3,20,9,18,14,44.3,32.7,17,-18,54.9,56.3,108.2,106.8,165,141,1,4,1,1,3.03,3.71,2.5,D,1,1
34,2019-20,2019-08-31,23,16:30,Anfield,51276,Andy Madley,Overcast,10.0,71,League,Liverpool,Manchester United,Jurgen Klopp,Erik ten Hag,4-2-3-1,4-1-4-1,attack,,average,average,1,0,2,0,42+4;81,none,14,9,3,5,,55.6,1.39,0.1,0.61,-0.1,53.8,46.2,nan,633,88.5,90.0,29,53,8,6,2,0,11,12,1,0,0,0,,0,10,12,1,2,0,1,4,4,5,1,0,2,12,16,12,12,38,25,8,10,14,19,7,5,37.0,20.2,11,15,43.2,44.9,104.1,100.5,242,157,2,7,0,0,2.24,3.89,3.37,H,3,0
1346,2022-23,2022-12-31,20,16:30,Goodison Park,35345,John Brooks,Sunny,6.9,40,Top 4 battle,Everton,Chelsea,Sean Dyche,Mauricio Pochettino,,5-4-1,defense,balanced,average,average,2,0,4,2,27;32;62;72,41;88,8,9,6,8,75.0,-,3.91,2.11,0.09,-0.11,39.3,60.7,660,612,78.7,87.5,34,46,6,8,0,1,21,6,1,2,0,0,0,0,15,8,1,3,0,N/A,1,5,6,2,2,4,14,14,8,13,36,13,7,7,14,20,25,7,44.7,35.0,9,10,71.1,66.2,110.1,,224,216,3,3,2,1,2.44,6.24,2.33,H,3,0
25,2019-20,2019-08-27,1,16:30,Vitality Stadium,9329,Chris Kavanagh,Rainy,9.5,53,Top 4 battle,Bournemouth,Luton Town,Andoni Iraola,Rob Edwards,4-2-3-1,3-5-2,attack,defense,Good,good,0,1,4,1,19;20;57;66,55,14,16,5,4,35.7,25.0,3.39,0.78,0.61,0.22,50.7,49.3,577,435,82.5,76.3,23,21,3,1,1,1,6,9,0,0,0,1,0,0,11,,1,2,0,0,5,3,3,1,1,4,20,19,15,13,27,32,10,2,10,20,9,16,45.0,31.8,10,6,,60.8,109.4,105.7,295,232,3,4,0,0,2.31,5.39,2.62,H,3,0
277,2019-20,2020-02-21,14,17:30,Villa Park,42611,Chris Kavanagh,Light Rain,22.8,88,League,Aston Villa,Newcastle,Unai Emery,Eddie Howe,4-2-3-1,4-3-2-1,attack,defense,average,average,0,1,0,1,none,69,13,16,9,1,69.2,6.2,0.44,1.24,-0.44,-0.24,47.2,52.8,571,448,81.8,,76,23,7,9,0,0,8,12,0,,0,0,0,0,13,9,3,3,0,0,5,5,0,9,1,0,17,,7,11,19,21,3,3,6,11,11,22,21.4,32.1,10,9,52.4,63.5,106.8,103.7,208,283,0,N/A,0,0,2.36,?,2.34,A,0,3
527,2020-21,2020-12-23,17,15:00,Goodison Park,31472,Simon Hooper,Rainy,14.6,40,Derby,Everton,Luton Town,Sean Dyche,Rob Edwards,4-3-2-1,4-1-4-1,defense,defense,average,average,2,1,3,1,35;35;86,42+3,20,9,5,5,25.0,55.6,4.31,1.48,-1.31,-0.48,63.3,36.7,447,N/A,77.5,78.6,74,22,9,N/A,1,0,7,?,0,0,1,0,1,0,19,12,,1,,0,1,2,4,2,1,3,27,24,10,12,31,9,7,9,23,19,10,12,24.1,43.2,10,4,73.6,71.1,105.3,103.2,293,142,0,3,,1,1.97,5.14,3.35,H,3,0
565,2020-21,2021-01-21,1,20:00,London Stadium,48281,John Brooks,Clear,11.9,75,Top 4 battle,West Ham,Brentford,David Moyes,Thomas Frank,3-5-2,3-4-3,defense,attack,,good,1,1,2,3,31;55,73;79;80,,10,3,3,25.0,,2.23,3.24,-0.23,-0.24,46.9,53.1,700,,79.4,80.8,59,18,3,N/A,0,1,7,6,0,,0,1,0,0,9,10,1,2,0,0,2,0,0,1,,2,11,22,8,17,38,37,12,9,11,13,9,8,38.7,28.6,18,12,64.6,52.1,107.2,103.9,260,210,N/A,2,3,0,2.88,3.32,2.84,A,0,3
777,2021-22,2021-08-25,37,14:05,Etihad Stadium,43483,Andy Madley,Overcast,7.7,64,League,Manchester City,Brentford,Pep Guardiola,Thomas Frank,4-1-4-1,4-2-3-1,balanced,attack,good,average,0,1,2,1,54+3;78,34,18,14,4,4,22.2,28.6,1.99,0.67,0.01,0.33,63.4,36.6,611,406,,85.3,35,50,,7,1,1,14,7,1,0,0,0,0,0,14,16,2,1,0,0,2,3,3,2,,2,14,23,N/A,13,17,35,9,8,16,20,19,21,24.3,,13,12,40.5,57.0,107.2,106.8,284,262,1,0,1,,2.07,5.2,3.07,H,3,0
802,2021-22,2021-09-09,12,14:05,Craven Cottage,25570,Andy Madley,Overcast,4.8,61,Relegation 6-pointer,Fulham,Everton,Marco Silva,Sean Dyche,3_5_2,4-2-3-1,balanced,defense,bad,bad,0,0,2,0,1;35,none,20,13,4,6,20.0,46.2,1.37,0.1,0.63,-0.1,54.9,45.1,576,610,76.2,82.9,69,28,9,9,0,0,,14,,0,0,0,,0,13,12,4,1,0,0,0,3,6,2,0,2,22,10,19,15,38,27,?,7,8,22,13,22,44.5,34.9,,11,41.4,63.4,112.9,105.1,272,253,0,1,1,0,2.67,3.28,3.12,H,3,0
1041,2021-22,2022-02-27,12,19:45,Etihad Stadium,51722,David Coote,Clear,14.2,46,Relegation 6-pointer,Manchester City,Luton Town,Pep Guardiola,Rob Edwards,4-1-4-1,3-4-3,balanced,defense,good,average,1,0,5,0,6;20+1;49;54;73,,18,7,6,1,33.3,14.3,5.21,0.32,null,-0.32,70.7,29.3,643,364,94.3,73.4,28,31,4,2,0,0,7,8,0,0,1,0,1,0,17,16,2,2,0,0,0,3,1,1,0,5,24,21,9,7,40,36,6,3,23,21,13,19,25.3,15.6,5,9,41.3,64.6,99.9,109.8,211,195,1,0,0,0,,3.17,5.29,H,3,0
2026,2021-22,2022-04-26,26,16:30,Villa Park,34868,Thomas Bramall,Light Rain,-4.1,87,Cup,Aston Villa,Everton,Unai Emery,Sean Dyche,3-4-3,4-3-2-1,attack,defense,average,bad,1,2,4,2,4;16;26;34,1;76,17,7,10,2,58.8,28.6,4.55,1.86,-0.55,0.14,54.3,45.7,601,479,79.1,77.9,78,21,5,2,0,0,14,17,0,0,1,0,1,0,nan,17,2,1,0,0,3,5,,6,,4,,14,7,8,39,12,12,4,20,6,25,4,16.4,32.7,19,9,66.9,62.6,100.0,104.8,157,259,5,2,1,0,2.1,5.69,2.87,H,3,0
1274,2022-23,2022-11-07,29,20:00,Emirates Stadium,46108,Anthony Taylor,Foggy,null,69,Derby,Arsenal,Wolves,Mikel Arteta,Gary O'Neil,3-4-3,5-4-1,attack,defense,average,Avg,4,1,6,2,18+5;38;54;54;76;81,57;78,18,6,,4,44.4,,7.51,1.16,-1.51,0.84,51.8,N/A,622,446,84.7,75.6,75,74,8,5,1,2,13,11,0,0,1,0,1,0,9,19,2,1,0,0,4,5,2,2,2,,14,14,5,11,38,24,3,6,6,8,10,12,26.6,44.6,18,6,,61.0,107.4,112.4,232,247,2,3,3,1,2.28,3.63,3.5,H,3,0
984,2021-22,2022-01-21,3,20:00,Tottenham Hotspur Stadium,57919,Jarred Gillett,Windy,17.0,46,League,Tottenham,Newcastle,Ange Postecoglou,Eddie Howe,3-5-2,4-3-2-1,attack,DEFENSE,bad,bad,1,0,2,1,31;45,65,14,12,4,7,28.6,58.3,1.87,1.2,0.13,,50.3,49.7,485,613,86.1,86.9,47,36,11,8,2,,15,14,0,1,0,0,0,0,8,6,2,0,0,0,3,4,6,2,1,2,16,11,13,16,10,10,5,7,10,14,13,14,21.0,28.2,19,,72.4,46.4,106.7,107.8,279,253,1,4,1,1,2.28,,2.54,H,3,0
714,2020-21,2021-05-04,29,16:30,Craven Cottage,21084,nan,Sunny,9.2,76,League,Fulham,Crystal Palace,Marco Silva,Oliver Glasner,4-3-3,4-1-4-1,balanced,defense,bad,BAD,4,0,4,1,null,6,15,6,5,4,33.3,66.7,4.74,1.28,-0.74,-0.28,54.6x,45.4,483,293,81.6,76.0,58,54,,1,0,0,6,,0,,0,1,0,1,?,16,1,1,0,0,5,5,3,1,1,4,23,23,13,6,26,17,11,7,23,11,20,17,31.3,44.2,5,11,71.0,54.7,114.9,100.3,203,267,3,1,2,0,2.37,nan,null,H,3,0
920,2021-22,2021-12-02,16,14:05,Goodison Park,32438,Jarred Gillett,Windy,20.6,83,League,Everton,Sheffield United,Sean Dyche,Chris Wilder,4-3-2-1,3-5-2,defense,defense,bad,bad,2,0,2,0,15;68,none,-3,14,8,,61.5,28.6,2.8,0.41,-0.8,-0.41,,37.7,375,632,80.9,72.9,41,22,2,8,2,?,8,15,0,0,0,0,0,0,15,16,2,4,1,0,2,5,4,6,0,2,16,16,14,14,,32,7,10,22,10,7,12,16.0,27.0,13,8,48.5,66.0,,108.5,289,,1,1,0,0,2.33,3.77,3.26,H,3,0
625,2020-21,2021-03-03,9,17:30,Emirates Stadium,50473,Chris Kavanagh,Cloudy,14.4,95,Relegation 6-pointer,Arsenal,Manchester City,Mikel Arteta,Pep Guardiola,3-5-2,4-2-3-1,attack,balanced,average,good,0,N/A,2,1,37;40,5,15,17,5,6,33.3,35.3,2.52,1.23,-0.52,-0.23,52.7,47.3,,337,89.9,88.0,64,55,5,4,1,1,15,20,1,0,1,0,1,0,17,13,0,2,0,0,1,5,5,3,1,2,10,24,20,14,14,26,2,9,14,17,12,22,18.9,26.8,10,5,54.9,66.0,102.4,105.4,177,176,1,7,2,2,2.5,4.06,2.83,H,3,0
1429,2022-23,2023-02-28,34,16:30,Old Trafford,57360,Simon Hooperx,Overcast,8.8,40,League,Manchester United,Aston Villa,Erik ten Hag,Unai Emery,3-5-2,4-1-4-1,balanced,attack,bad,bad,1,0,1,1,66,89,10,-3,6,7,60.0,,0.53,0.9,0.47,0.1,52.2,47.8,551,325,83.2,88.5,74,41,8,6,1,0,10,17,,0,0,0,0,0,16,20,2,3,0,0,2,3,,5,1,1,30,12,16,16,35,34,6,,6,15,24,5,26.5,33.2,13,11,67.1,54.4,105.4,109.8,nan,252,2,5,0,0,2.92,2.78,3.36,D,1,1
1898,2023-24,2024-05-07,16,20:00,Craven Cottage,341821,Chris Kavanagh,Cloudy,20.6,94,Title race,Fulham,Bournemouth,Marco Silva,Andoni Iraola,4-1-4-1,4-1-4-1,BALANCED,attack,,average,0,?,2,1,9;37,67,11,9,7,5,63.6,55.6,1.84,0.7,0.16,0.3,-,38.9,597,457,80.8,82.0,62,56,9,7,0,0,20,10,0,,0,0,0,0,20,10,3,2,0,0,6,2,4,5,1,2,14,25,11,14,18,10,6,7,19,13,14,17,25.9,34.2,18,16,61.8,55.0,103.7,110.7,181,176,2,4,2,0,2.68,3.75,null,H,3,0
1143,2022-23,2022-08-08,35,15:00,City Ground,27566,Jarred Gillett,Foggy,18.8,52,Cup,Nottm Forest,Manchester City,Nuno Espirito Santo,Pep Guardiola,4-4-2,5-4-1,DEFENSE,balanced,good,good,,0,0,2,none,14;85,18,9,5,6,27.8,66.7,0.1,1.9,-0.1,0.1,37.0,63.0,440,320,82.4,93.0,-77,37,11,2,0,2,6,9,0,0,0,0,0,0,14,13,1,1,0,N/A,6,3,4,5,2,0,20,28,5,10,18,13,8,7,7,14,9,22,44.1,N/A,14,7,67.3,49.2,104.7,102.8,,194,0,3,3,0,3.23,3.41,2.52,A,0,3
751,2020-21,2021-06-03,21,16:30,Turf Moor,20292,Paul Tierney,Overcast,2.4,79,Cup,Burnley,Newcastle,Vincent Kompany,Eddie Howe,4-2-3-1,,defense,defense,Good,good,0,0,1,0,25+5,-,12,14,4,8,33.3,57.1,1.08,0.1,-0.08,-0.1,35.8,64.2,585,415,78.8,83.2,57,45,8,5,1,0,15,14,0,0,0,0,0,0,11,14,2,0,0,0,5,5,8,3,0,1,16,,18,13,40,34,4,2,25,9,13,20,,26.0,7,11,73.9x,60.3,113.7,113.9,253,161,1,4,1,0,2.83,5.7,2.12,H,3,0
1388,2022-23,2023-01-26,30,17:30,Anfield,49272,Andy Madley,Light Rain,?,87,League,Liverpool,Nottm Forest,Jurgen Klopp,Nuno Espirito Santo,4-2-3-1,4-2-3-1,attack,defense,bad,average,1,1,1,1,90,90+3,12,7,3,3,25.0,42.9,,1.3,-0.38,-0.3,67.3,32.7,671,596,88.3,79.0,73,22,3,7,1,1,11,14,0,0,0,0,0,0,N/A,16,0,2,0,0,,5,2,2,1,1,,22,12,10,25,38,4,5,6,6,,5,15.2,25.8,16,10,72.1,48.1,103.9,106.1,238,146,3,2,2,0,2.48,4.24,2.77,D,1,1
1892,2023-24,2024-04-27,7,19:45,Anfield,60296,Chris Kavanagh,Cloudy,17.2,93,League,Liverpool,Luton Town,,Rob Edwards,5-4-1,4-3-3,attack,defense,bad,good,3,0,3,1,43;47;66,86,19,11,6.0,1,31.6,9.1,3.58,1.3,,-0.3,70.1,29.9,308,,84.8,79.5,,68,10,2,0,0,20,11,0,0,0,0,0,0,6,16,1,1,0,1,5,0,0,3,N/A,3,19,20,12,16,34,22,9,10,25,22,18,4,25.0,32.5,18,11,42.6,69.5,109.8x,104.9,283,275,0,0,2,0,1.89,5.79,3.36,H,3,0
2053,2022-23,2022-09-25,34,12:30,Molineux Stadium,31527,Robert Jones,Foggy,6.3,93,Cup,Wolves,Crystal Palace,Gary O'Neil,Oliver Glasner,4-1-4-1,4-1-4-1,defense,defense,good,good,0,0,1,0,7,none,15,12,4,5,26.7,41.7,0.9,0.1,,-0.1,51.4,48.6,363,477,76.6,79.7,50,?,11,3,1,0,6,14,0,0,0,0,0,0,N/A,7,2,4,,0,2,3,5,3,0,1,11,21,13,,10,22,5,10,9,19,20,19,28.3,31.4,16,6,73.0,63.1,108.4,,224,285,3,1,0,0,2.9,3.11,2.99,H,3,0
1386,2022-23,2023-01-25,15,20:00,Turf Moor,16651,David Coote,Clear,4.7,91,League,Burnley,Fulham,Vincent Kompany,Marco Silva,3-4-3,4-4-2,defense,balanced,good,good,0,3,0,3,none,3;10;33,12,14,8,8,66.7,57.1,0.27,3.37,-0.27,-0.37,N/A,##,453,613,76.0,82.9,33,50,4,9,0,2,18,16,0,0,0,0,0,0,9,20,1,1,nan,0,4,4,5,8,3,0,14,10,19,11,14,34,2,4,18,19,10,14,33.6,43.4,11,18,65.7,53.3,106.4,106.9,281,269,1,3,0,0,3.2,3.49,2.49,A,0,3
894,2021-22,2021-11-12,1,12:30,Gtech Community Stadium,15768,David Coote,Overcast,18.0,68,League,Brentford,Brighton,Thomas Frank,Roberto De Zerbi,5-4-1,,attack,balanced,bad,bad,1,0,2,0,59;78,none,20,13,7,6,35.0,46.2,1.7,0.14,0.3,-0.14,42.5,57.5,614,345,79.2,83.0,40,68,4,3,N/A,0,18,9,0,0,0,0,0,0,16,6,1,2,0,0,0,3,6,5,0,2,28,13,16,13,38,17,5,3,16,18,22,15,21.2,21.5,12,15,43.5,47.2,101.1,104.9,263,242,2,5,1,1,3.08,3.5,,H,3,0
754,2020-21,2021-06-06,21,20:00,St. James' Park,40281,Anthony Taylor,Sunny,15.8,83,League,Newcastle,Brentford,Eddie Howe,Thomas Frank,5-4-1,3-5-2,DEFENSE,attack,good,bad,1,1,1,1,3+3,32,18,15,5,2,27.8,13.3,0.88,1.09,0.12,-0.09,56.8,43.2,460,545,80.2,-,29,18,10,7,1,1,12,13,0,0,0,0,0.0,,19,8,2,2,1,0,5,4,1,4,1,1,16,11,11,6,34,28,2,6,10,10,22,10,31.4,39.6,9,14,49.7,58.6,109.9,107.1,,142,0,?,0,0,2.34,4.18,3.01,D,1,1
966,2021-22,2022-01-04,15,20:00,Bramall Lane,25968,Paul Tierney,Windy,19.7,90,League,Sheffield United,Tottenham,Chris Wilder,Ange Postecoglou,4-3-2-1,4-2-3-1,defense,attack,bad,Good,0,0,0,2,-,71;75,13,16,2,2,15.4,12.5,0.1,3.04,-0.1,-1.04,39.2,60.8,447,348,71.4,81.5,30,33,4,5,?,0,16,14,0,0,0,0,0,0,13,11,1,3,1,0,5,5,0,2,2,0,23,11,,?,12,26,11,2,24,21,21,5,29.8,41.6,10,4,57.8,46.0,101.7,102.9,164,147,1,3,0,0,3.57,3.03,2.57,A,0,3
968,2021-22,2022-01-04,18,14:05,Turf Moor,19925,Michael Oliver,Rainy,19.1,63,League,Burnley,Newcastle,Vincent Kompany,Eddie Howe,,4-1-4-1,defense,defense,average,good,0,,0,2,none,4;9,13,7,6,4,46.2,57.1,0.16,2.28,-0.16,-0.28,38.6,61.4,637,307,70.8,80.6,68,37,4,2,0,,10,9,0,1,0,0,0,0,8,9,4,3,0,0,1,5,2,6,2,0,22,21,18,6,24,29,9,7,14,17,14,13,21.6,37.4,20,,71.0,61.8,103.2,110.3,162,178,0,4,1,1,2.57,6.27,2.21,A,0,3
568,2020-21,2021-01-21,35,14:05,Villa Park,41486,Chris Kavanagh,Light Rain,20.8,46,League,Aston Villa,Newcastle,Unai Emery,Eddie Howe,5-4-1,4_3_3,attack,defense,bad,good,0,0,3,0,38;50;57,none,12,12,6,2,50.0,16.7,3.46,0.2,-0.46,-0.2,52.4,47.6,328,560,85.0,87.9,39,30,10,2,0,0,21,18,0,0,1.0,0,1,0,7,7,2,1,1,0,1,1,2,3,0,3,15,25,18,9,38,34,9,6,13,19,9,8,18.5,40.0,7,7,67.0,,101.4,107.2,150,194,2,4,2,0,2.76,3.67,2.74,H,3,nan
834,2021-22,2021-10-04,1,20:00,Vitality Stadium,11151,Robert Jones,Cloudy,16.0,76,Title race,Bournemouth,Liverpool,Andoni Iraola,Jurgen Klopp,3-4-3,4-4-2,attack,attack,bad,good,1,1,2,2,10;21,31;40,10,15,8,5,80.0,33.3,2.44,1.27,-0.44,0.73,36.2,63.8,327,460,81.4,92.6,51,64,6,7,1,2,14,16,0,1,,0,0,0,8,12,1,3,0,0,5,0,3,6,2,2,23,15,14,5,25,33,2,10,16,15,7,,37.3x,16.7,13,12,71.0,49.7,106.1,114.4,238,,4,6,0,0,2.57,4.01,2.76,D,1,1
1831,2023-24,2024-03-18,28,15:00,Tottenham Hotspur Stadium,50488,David Coote,Rainy,11.3,52,Relegation 6-pointer,Tottenham,Brighton,Ange Postecoglou,Roberto De Zerbi,5-4-1,4-3-3,attack,bal,bad,bad,2,0,2,2,10;69,6;60,18,10,9,4,50.0,40.0,1.57,2.81,0.43,-0.81,59.7,40.3,309,583,,85.4,41,31,6,7,1,2,12,17,0,0,0,0,0,0,10,8,2,1,0,0,1,1,2,7,2,N/A,21,23,16,6,22,17,12,3,16,14,11,16,37.6,43.4,6,8,48.2,55.2,109.1,101.2,286,167,1,3,3,1,2.43,3.35,3.44,D,1,1
391,2020-21,2020-09-21,4,14:05,Kenilworth Road,9430,Simon Hooper,Sunny,,42,League,Luton Town,Wolves,Rob Edwards,Gary O'Neil,3-5-2,4-4-2,defense,defense,average,,0,1,,2,22,42;74,13,11,5,2,38.5,18.2,1.52,2.72,-0.52,-0.72,44.2,55.8,502,597,79.7,75.4,42,56,4,9,1.0,0,20,7,0,0,0,0,0,0,10,14,3,2,0,0,4,1,0,4,2,1,25,24,15,12,23,36,,10,11,11,11,22,18.4,21.1,6,7,41.5,56.5,99.7,112.8,208,184,1,1,2,0,2.68,3.48,2.95,A,0,3
756,2020-21,2021-06-08,9,14:05,Goodison Park,34507,John Brooks,Sunny,12.7,71,League,Everton,West Ham,Sean Dyche,David Moyes,3-5-2,4-3-3,defense,defense,good,average,0,1,1,1,79,47,13,15,9,1,,6.7,,0.89,-0.01,0.11,44.8,55.2,518,494,76.8,77.1,56,58,3,2,0,1,8,N/A,1,0,1,0,0,0,12,19,1,2,0,0,6,1,0,8,1,1,24,11,9,15,40,27,11,9,,15,13,10,32.3,20.5,5,10,62.7,70.0,103.2,108.4,193,251,3,4,nan,0,3.03,4.13,2.34,D,1,1
1340,2022-23,2022-12-27,30,17:30,St. James' Park,41256,N/A,Rainy,10.3,72,League,Newcastle,Everton,Eddie Howe,Sean Dyche,3-5-2,4-2-3-1,defense,defense,avg,,3,0,4,0,24+4;28;84;84,none,16,9,,2,25.0,22.2,3.41,0.16,0.59,-0.16,48.2,51.8,355,602,83.4,81.0,34,71,7,6,0,0,14,14,0,0,0,?,0,0,13,11,1,2,1,0,5,3,2,0,0,4,30,12,9,16,21,25,8,4,18,18,17,8,33.7,36.9,15,14,57.4,42.6,118.8,113.2,157,178,0,7,2,0,2.44,3.14,3.68,H,3,0
184,2019-20,2019-12-19,27,16:30,Etihad Stadium,47004,John Brooks,Rainy,10.9,83,League,Manchester City,Arsenal,Pep Guardiola,Mikel Arteta,3-5-2,4-3-2-1,balanced,attack,average,bad,1,1,3,1,1;26;45,41,15,9,2,,13.3,88.9,2.69,1.57,0.31,-0.57,46.8,53.2,321,275,92.5,89.3,77,43,8,7,1,1,14,8,1,1,1,0,1,0,9,18,1,1,0,0,6,1,7,0,1,3,16,25,-13,13,22,37,9,7,22,10,22,16,30.7,34.8,10,11,57.5,51.1,106.0,102.8,218,199,2,2,2,2,2.15,5.18,2.93,H,3,0
1243,2022-23,2022-10-13,27,16:30,Old Trafford,65236,Simon Hooper,Light Rain,16.9,58,League,Manchester United,Everton,Erik ten Hag,Sean Dyche,3-5-2,5-4-1,balanced,DEFENSE,,average,0,0,2,1,28;36,7+5,19,12,8,6,42.1,50.0,,1.04,-0.04,-0.04,51.6,48.4,580,499,86.2,76.2,77,56,10,1,2,0,12,6,,0,0,1,0,1,18,16,3,2,0,0,6,0,,6,1,2,25,28,5,16,30,19,11,7,23,20,19,4,31.5,,7,12,60.8,66.8,,104.5,177,183,1,4,0,0,,2.72,4.01,H,3,0
1655,2023-24,2023-11-12,13,19:45,Old Trafford,65270,Thomas Bramall,Windy,13.7,50,League,Manchester United,Burnley,Erik ten Hag,Vincent Kompany,4-2-3-1,4-1-4-1,balanced,defense,good,bad,2,,3,2,10;52;72,23+2;34,16,12,10,4,62.5,33.3,2.78,1.45,0.22,0.55,65.6,34.4,395,610,88.7,70.4,35,33,4,8,2,1,11,16,0,0,0.0,1,0,1,6,16,4,4,0,0,2,,2,7,2,,22.0,18,5,10,16,16,10,7,13,14,8,16,26.2,43.0,9,17,74.7,62.8,105.2,106.7,260,227,2,4,0,0,2.29,2.85,4.69,H,3,0
1691,2023-24,2023-12-07,23,14:05,Bramall Lane,31265,Andy Madley,Clear,16.0,79,League,Sheffield United,Arsenal,Chris Wilder,Mikel Arteta,3-4-3,3-5-2,defense,attack,good,bad,1,1,1,1,89,36,18,12,,8,33.3,66.7,0.89,1.5,0.11,-0.5,36.3,63.7,438,619,76.9,,34,46,5,4,1,1,14,16,0,0,0,0,0,0,11,17,2,2,,0,6,2,7,5,1,N/A,13,27,19,15,17,29,12,3,17,14,23,10,44.9,41.1,,18,52.9,65.1,111.7,102.6,283,185,2,6,1,1,,2.98,2.27,D,1,1
1119,2021-22,2022-04-24,7,15:00,Tottenham Hotspur Stadium,52219,Robert Jones,Foggy,8.6,76,Derby,Tottenham,Brentford,Ange Postecoglou,,4-4-2,5-4-1,attack,attack,average,bad,2,0,2,1,8;77,67,20,6,8,6,40.0,100.0,2.16,1.21,-0.16,-0.21,56.6,43.4,635,561,84.9,82.8,34,66,8,3,0,1,15,11,1,0,0,0,0,0,7,11,1,1,0,0,1,0,5,6,1,2,29,27,14,nan,11,35,7,3,7,12,6,4,36.4,21.9,16,18,55.9,49.7,108.0,103.7,157,183,2,1,2,0,2.19,6.52,2.57,H,3,0
783,2021-22,2021-08-26,6,15:00,Bramall Lane,26435,David Coote,Overcast,24.0,55,Cup,Sheffield United,Aston Villa,Chris Wilder,Unai Emery,5-4-1,,,attack,average,bad,0,,1,1,,50,19,14,9,2,47.4,,1.23,1.1,-0.23,-0.1,28.6,71.4,313,345,70.2,,59,25,10,8,0,1,6,6,1,0,0,0,0,0,14,10,N/A,2,0,0,1,1,1,8,1,1,22,12,19,15,25,25,10,2,12,17,20,5,36.5,16.3,12,18,48.8,41.4,106.1,108.5,153,180,2,7,0,0,2.58,7.91,2.06,D,1,1
267,2019-20,14-02-2020,4,14:05,Molineux Stadium,24931,Michael Oliver,Rainy,19.8,69,League,Wolves,Tottenham,,Ange Postecoglou,3-5-2,4-3-2-1,def,attack,bad,good,0,1,1,1,33,63,17,11,9,,52.9,9.1,1.29,0.83,-0.29,0.17,50.0,50.0,578,584,81.6,85.2,28,33,2,4,0,0,8,8,0,0,1,1,1,0,10,13,1,2,0,0,5,3,0,,1,1,19,11,11,16,37,20,10,7,7,N/A,11,12,31.7,40.1,19,5,67.4,51.9,107.5,107.1,173,185,2,5,0,0,nan,3.98,3.01,D,1,1
1778,2023-24,12/02/2024,11,20:00,Anfield,57248,Jarred Gillett,Rainy,8.6,93,League,Liverpool,Manchester United,Jurgen Klopp,Erik ten Hag,4-1-4-1,4-3-2-1,attack,balanced,average,good,2,1,4,3,4;11;32;65,19;21;24,11,16,7,5,63.6,31.2,2.9,3.35,1.1,-0.35,46.6,53.4,618,604,88.8,84.0,53,43,10,9,1,1,21,7,0,1,1,0,1,0,7,10,2,2,0,0,6,2,2,3,3,4,11,13,19,14,32,30,7,8,5,18,18,13,21.2,36.4,15,18,50.5,40.9,105.7,109.3,265,238,2,3,1,1,2.52,3.48,3.17,H,3,0
1304,2022-23,2022-11-25,28,20:00,St. James' Park,351280,David Coote,Light Rain,13.2,51,League,Newcastle,Brighton,Eddie Howe,Roberto De Zerbi,5-4-1,4-1-4-1,defense,balanced,bad,bad,1,0,4,1,28;40+4;58;86,1,16,9,8,?,50.0,88.9,5.24,1.42,-1.24,-0.42,50.4,49.6,449,357,81.1,83.7,41,56,6,2,1,1,16,7,0,1,1,0,1,0,,12,2,2,0,0,6,4,7,4,1,4,20,11,16,7,21,38,4,7,16,22,24,5,34.2,22.2,18,11,48.2,44.0,107.4,110.4,210,207,2,3,,0,2.2,6.89,2.5,H,3,0
1105,2021-22,2022-04-15,32,14:05,Selhurst Park,19857,Simon Hooper,Cloudy,4.4,79,Cup,Crystal Palace,Chelsea,Oliver Glasner,Mauricio Pochettino,3-4-3,3-4-3,defense,,bad,average,1,2,1,4.0,13,25;35;66;78,15,15,4,4,26.7,26.7,0.68,4.06,0.32,-0.06,39.2,60.8,684,548,79.5,83.1,80,67,10,7,1,1,7,7,1,0,0,0,0,0,7,18,2,3,0,0,6,3,0,3,4,1,14,10,19,16,10,20,3,6,7,5,14,15,26.6,17.3,7,7,nan,61.4,,101.6,300,290,2,5,,0,,4.49,2.27,A,0,3
216,2019-20,2020-01-08,19,14:05,Kenilworth Road,9869,Robert Jones,Sunny,21.8,63,Title race,Luton Town,Arsenal,Rob Edwards,Mikel Arteta,4-2-3-1,4-4-2,defense,,good,average,0,2,0,2,none,48;59,13,10,9,2,69.2,20.0,0.39,2.39,-0.39,-0.39,35.1,64.9,378,?,73.1,86.8,24,25,10,6,0,2,16,15,0,1,,0,0,0,6,14,4,0,0,0,4,,0,9,2,0,14,nan,19,8,36,35,10,3,,19,8,5,32.3,20.6,5,4,61.8,50.3,118.3,99.6,250,230,1,2,,0,2.94,4.74,2.23,A,0,3
1267,2022-23,2022-11-01,25,16:30,Emirates Stadium,54776,David Coote,Overcast,30.5,57,League,Arsenal,Tottenham,Mikel Arteta,Ange Postecoglou,5-4-1,4-3-3,attack,attack,good,avg,2,0,4,0,42;52;58;69,none,13,14,nan,1,53.8,7.1,3.91,0.44,0.09,-0.44,46.9,53.1,500,282,87.6,85.9,73,N/A,5,4,0,0,7,?,0,0,2,0,2,0,20,20,nan,,0,0,,1,1,3,?,4,15,12,16,12,36,31,12,8,20,10,20,10,,32.7,11,12,58.1,51.8,,110.6,216,187,2,3,2,?,2.6,4.8,2.46,H,3,0
1865,2023-24,2024-04-11,32,16:30,Molineux Stadium,30409,Michael Oliver,Sunny,12.9,77,Cup,Wolves,Fulham,Gary O'Neil,Marco Silva,4-1-4-1,3_4_3,defense,balanced,BAD,average,0,2,,2,14;28;52,53;84,17,15,10,6,##,40.0,2.91,1.71,0.09,0.29,55.9,44.1,581,358,?,79.0,53,18,9,7,2,0,20,17,1,0,0,0,0,0,14,7,4,1,0,0,3,4,4,7,2,3,29,15,-10,8,29,25,6,4,21,19,21,,43.4,37.4,12,4,43.6,,107.5x,103.1,238,169,2,4,1,1,2.29,4.58,2.91,H,3,0
1327,2022-23,2022-12-13,5,16:30,Emirates Stadium,59744,Anthony Taylor,Cloudy,nan,48,Title race,Arsenal,Chelsea,Mikel Arteta,Mauricio Pochettino,4-3-2-1,4-1-4-1,attack,balanced,bad,good,2,?,3,1,25;26;69,?,15,11,10,7,66.7,63.6,3.6,0.62,-0.6,0.38,50.2,49.8,691,334.0,91.3,89.0,46,23,2,7,1,,10,15,1,0,0,1,0,1,20,19,2,1,,0,1,1,6,,1,3,15,21,19,5,nan,36,9,,25,22,23,16,27.9,33.6,19,15,42.0,65.0,116.2,103.0,216,256,1,7,0,0,,4.1,2.59,H,3,0
765,2021-22,2021-08-18,7,12:30,Anfield,49666,John Brooks,Overcast,11.1,89,League,Liverpool,Luton Town,Jurgen Klopp,Rob Edwards,3-4-3,4-3-3,attack,defense,good,good,1,0,1,1,84,15,8,16,4,7,50.0,43.8,1.04,0.52,-0.04,0.48,63.2,36.8,588,272,91.0,74.8,51,51,,1,1,0,15,16,0,0,0,0,0,0,20,10,2,2,0,0,5,-4,6,3,1,1,30,21,16,15,28,26,11,8,11,15,11,8,,39.5,?,11,60.0,60.2,104.4,103.2,,237,2,,0,0,2.36,2.82,4.5,D,1,1
1811,2023-24,2024-03-02,35,17:30,St. James' Park,50945,Simon Hooper,,14.8,85,League,Newcastle,Nottm Forest,Eddie Howe,Nuno Espirito Santo,3-5-2,3-5-2,defense,defense,bad,average,2,1,3,2,41;43;88,30;90,12,-1,10,8,83.3,47.1,2.19,1.8,0.81,0.2,54.2,45.8,594,568,82.9,76.5,53,63,8,2,1,1,-12,13,0,0,1,1,1,1,20,7,1,3,0,0,6,5,6,7,2,3,21,17,7,16,12,35,4,4,11,13,23,4,32.8,27.1,,4,66.1,66.7,110.0,101.3,298,195,5,2,1,0,2.09,6.63,2.7,H,3,0
529,2020-21,2020-12-27,7,19:45,Villa Park,36101,Andy Madley,Rainy,nan,,Relegation 6-pointer,Aston Villa,Bournemouth,Unai Emery,Andoni Iraola,4-4-2,3-5-2,attack,attack,good,good,1,0,2,2,5;62,25;40,13,12,5,3,38.5,25.0,1.63,,0.37,0.39,55.6,44.4,399,592,81.6,82.3,73,55,11,9,1,1,7,7,0,0,0,1,0,1,7,17,3,2,0,0,6,2,1,3,nan,2,21,16,10,9,29,11,4,6,?,11,25,20,34.7,25.8,10,15,53.3,58.1,115.3,101.6,,192,2,7,,1,2.16,3.69,3.76,D,1,1
642,2020-21,2021-03-15,10,16:30,London Stadium,49708,Andy Madley,,5.6,80,League,West Ham,Manchester United,David Moyes,Erik ten Hag,4-3-3,4-4-2,defense,balanced,good,,0,1,1,1,30,23+1,13,16,3,8,23.1,50.0,0.76,0.89,0.24,0.11,38.7,61.3,338,553,84.2,80.5,55,48,11,5,0,0,17,10,0,1,1,0,1,0,13,16,2,N/A,0,0,3,4,7,2,1,1,25,13,12,14,12,27,4,9,10,12,19,15,44.6,18.5,19,5,62.7,61.9,103.0,106.0,221,148,2,2,2,0,2.51,5.97,2.3,D,1,1
1042,2021-22,2022-03-02,32,14:05,London Stadium,47796,Thomas Bramall,Overcast,18.4,68,League,West Ham,Arsenal,David Moyes,Mikel Arteta,3-5-2,4-4-2,def,attack,average,average,1,0,1,2,57,13;75,18,16,10,3,55.6,18.8,0.88,1.97,0.12,0.03,51.1,48.9,380,324,82.9,84.8,53,70,7,2,0,1,6,18,0,0,1,0,0,0,15,20,2,1,0,0,0,1,1,9,2,1,25,22,14,9,12,25,7,7,5,20,25,17,33.8,36.6,14,10,68.7,50.5,103.7,110.9,227,260,1,3,2,0,2.77,3.38,2.91,A,0,3
362,2019-20,24/04/2020,23,12:30,St. James' Park,50034,Anthony Taylor,Cloudy,22.3,48,Cup,Newcastle,Brentford,Eddie Howe,Thomas Frank,5-4-1,5-4-1,defense,attack,bad,good,0,0,4,2,14;25;75;90,3;87,10,,6,6,60.0,66.7,4.99,1.9,-0.99,0.1,51.1,,518,599,86.0,84.1,47,-47,4,5,2,2,14,16,0,0,2,0,2,0,7,18,,3,0,0,5,5,4,2,2,4,16,28,14,8,24,11,5,10,23,19,15,22,27.7,39.2,7,17,56.1,45.7,109.1,106.8,231,201,0,4,0,0,2.17,5.15,2.9,H,3,0
237,2019-20,2020-01-23,10,15:00,Emirates Stadium,49519,Chris Kavanagh,Overcast,12.2,88,Cup,Arsenal,Manchester United,Mikel Arteta,Erik ten Hag,4-1-4-1,3-5-2,attack,balanced,good,good,2,0,2,3,53;78,32;32;84,17,13,8,3,47.1,23.1,1.98,3.77,0.02,-0.77,60.0,40.0,492,573,84.6,84.6,68,68,4,6,2,2,22,20,1,0,0,0,0,0,20,19,2,1,0,1,1,5,0,6,3,2,22,16,8,7,22,34,8,10,17,18,24,12,23.6,24.4,7,11,,42.9,104.4,115.3,267,212,0,2,0,0,2.43,4.58,2.7,A,0,3
2072,2019-20,19/08/2019,19,15:00,Bramall Lane,31275,Thomas Bramall,Foggy,8.4,40,Derby,Sheffield United,Aston Villa,Chris Wilder,Unai Emery,4-2-3-1,3_5_2,defense,attack,avg,good,1,3,,4,52,47;61;86;87,19,7,9,7,47.4,100.0,1.16,3.65,-0.16,0.35,32.2,,424,461,74.0,88.4,43,38,2,5,1,2,11,8,1,0,1,1,0,1,9,12,2,2,0,0,3,5,3,8,4,1,,21,15,16,19,14,4,7,14,21,8,11,34.2,30.5,5,14,74.3,60.0,103.6,104.5,286,267,5,2,0,0,2.7,5.14,2.29,A,0,3
1030,2021-22,2022-02-23,5,14:05,Anfield,52544,Paul Tierney,Light Rain,9.5,56,Relegation 6-pointer,Liverpool,Aston Villa,Jurgen Klopp,Unai Emery,,5-4-1,attack,attack,average,average,0,?,3,0,11;28+3;82,none,11,9,4,1,36.4,11.1,nan,0.36,null,-0.36,55.4,44.6,457,345,84.3,87.5,70,47,2,8,2,0,13,18,0,0,0,0,0,0,9,6,1,4,0,0,0,4,1,1,0,3,30,15,6,6,38,8,9,7,13,6,23,22,33.3,37.2,18,14,68.1,44.7,108.1,,165,141,2,5,0,0,2.35,3.69,3.29,H,3,0
1600,2023-24,2023-10-05,15,19:45,Turf Moor,16926,John Brooks,Light Rain,23.6,76,Relegation 6-pointer,Burnley,Fulham,Vincent Kompany,Marco Silva,,4-1-4-1,defense,balanced,good,average,1,1,1,1,21,17+4,12,12,10,3,83.3,,1.13,1.62,,-0.62,39.1,60.9,543,614,76.2,79.5,62,22,3,8,1,N/A,21,18,0,0,0,0,0,0,7,7,2,1,0,0,N/A,4,2,9,1,1,,17,17,11,24,34,12,3,24,11,17,6,24.5,40.7,16,15,41.5,61.4,109.4,105.9,215,223,3,2,0,0,2.54,6.39,2.23,D,1,1
785,2021-22,2021-08-30,23,20:00,City Ground,24383,Thomas Bramall,Overcast,4.1,74,League,Nottm Forest,Fulham,Nuno Espirito Santo,Marco Silva,4-4-2,4-3-3,defense,balanced,bad,average,1,0,2,1,48;86,37,13,17,5,4,38.5,23.5,1.89,0.73,0.11,0.27,47.2,52.8,461,577,82.3,83.4,-62,35,7,9,1,1,11,20,0,,0,0,0,,6,11,1,0,0,0,0,1,3,3,,,30,18,16,18,15,8,11,6,18,10,19,13,18.1,33.4,19,18,56.2,63.0,110.1,108.1,189,290,2,4,2,0,2.41,4.54,2.74,H,3,
1124,2021-22,2022-04-30,27,14:05,Vitality Stadium,9950,Michael Oliver,Cloudy,8.9,69,Relegation 6-pointer,Bournemouth,Sheffield United,Andoni Iraola,Chris Wilder,5-4-1,5-4-1,attack,defense,bad,average,2,0,nan,1,29+5;61,79,12,,3,1,25.0,11.1,1.47,1.27,0.53,-0.27,58.7,41.3,700,586,78.5,71.0,23,37,2,5,1,1,6,7,0,0,0,0,0,,15,19,,3,1,0,6,5,0,1,1,2,16,13,18,7,31,13,3,10,20,6,nan,9,38.5,30.0,5,11,73.1,65.3,,113.6,289,223,0,6,2,0,-,3.31,3.54,H,3,0
708,2020-21,2021-05-05,35,19:45,Emirates Stadium,54750,Chris Kavanagh,Light Rain,14.7,59,Title race,Arsenal,Fulham,Mikel Arteta,Marco Silva,4-4-2,3-4-3,attk,balanced,Good,bad,1,0,3,0,58;71;76,none,15,17,7,1,46.7,5.9,2.43,0.29,0.57,-0.29,64.3,35.7,519,417,88.6,83.0,25,54,8,9,2,0,15,11,0,0,0,0,0,0,19,10,,1,0,0,6,4,1,4,0,3,20,15,7,14,19,26,7,5,21,20,,10,44.8,16.7,11,7,63.9,44.4x,110.0,113.4,161,267,2,5,0,0,2.21,,2.93,H,3,0
60,2019-20,2019-09-19,14,19:45,Molineux Stadium,27199,John Brooks,Overcast,12.1,67,League,Wolves,Everton,Gary O'Neil,Sean Dyche,4-1-4-1,4-4-2,defense,def,good,bad,0,1,1,2,87,1;90,16,7,6,3,37.5,42.9,0.86,2.29,0.14,-0.29,50.6,49.4,670,642,75.0,80.7,35,43,4,4,0,0,21,10,0,,1,0,1,0,20,7,1,4,0,,,5,1,5,,1,27,25,14,12,33,nan,11,3,9,11,15,18,28.8,33.9,16,12,69.6,60.8,111.4,,256,265,?,3,1,1,2.77,2.8,3.54,A,0,3
1808,2023-24,2024-03-01,12,15:00,Craven Cottage,22342,Simon Hooper,Foggy,9.4,89,Relegation 6-pointer,Fulham,Liverpool,Marco Silva,Jurgen Klopp,4-1-4-1,3_5_2,balanced,attack,bad,good,3,0,5,1,1;13+4;17;41;84,33,14,15,10,4,,26.7,4.04,1.35,0.96,-0.35,43.4,56.6,618,545,78.8,89.6,72,59,11,5,2,1,15,19,0,0,2,0,2,0,13,18,4,2,0,0,0,4,3,5,1,5,11,28,20,7,16,29,8,4,19,12,10,17,16.0,34.5,17,4,62.3,52.7,102.2,106.7,237,282,2,3,0,0,2.32,5.4,2.6,H,3,0
1110,2021-22,2022-04-17,4,17:30,Gtech Community Stadium,13532,John Brooks,Windy,15.0,-,Title race,Brentford,Liverpool,Thomas Frank,Jurgen Klopp,4-1-4-1,4-1-4-1,attack,attack,,average,0,,2,4,57;61,46;80;80;84,20,9,3,6,15.0,66.7,2.6,3.75,-0.6,0.25,49.5,50.5,614,345,83.2,91.5,25,30,3,8,1,1,13,15,0,0,0,?,0,0,6,nan,2,3,0,0,4,1,nan,1,4,2,22,26,11,13,34,17,2,5,5,13,12,7,17.2,40.2,17,13,42.4,59.9,105.2,100.1,279,245,3,3,3,1,3.2,4.46,2.16,A,0,3
1493,2022-23,2023-04-15,1,14:05,Emirates Stadium,46906,Michael Oliver,,10.5,75,Top 4 battle,Arsenal,Fulham,Mikel Arteta,Marco Silva,4-3-2-1,3-4-3,attack,bal,average,good,0,0,2,0,24+1;30,none,,9,8,?,50.0,66.7,1.73,,null,-0.4,60.9,39.1,308,392,90.8,80.0,57,50,6,N/A,0,0,19,17,0,0,1,0,0,0,20,15,1,2,0,0,0,0,6,-6,0,2,19,28,20,7,36,21,10,5,22,19,12,15,##,43.5,19,14,56.8,68.5,110.4,110.8,246,209,1,4,1,1,2.62,2.73,3.97,H,3,0
464,2020-21,2020-11-08,31,17:30,Stamford Bridge,33523,Simon Hooper,Cloudy,9.0,56,Title race,Chelsea,Brentford,Mauricio Pochettino,Thomas Frank,3-4-3,5-4-1,balanced,,bad,bad,3,0,3,0,,none,13,12,9,2,69.2,16.7,-,0.39,-0.42,-0.39,60.9,39.1,598,632,82.2,84.0,22,66,5,1,2,0,21,9,1,0,0,0,0,0,11,17,0,3,0,0,6,5,2,6,0,3,29,12,18,14,24,11,3,8,13,,6,12,31.2,33.0,19,14,60.8,61.9,110.7,102.6,225,240,0,3,0,0,2.1,4.77,3.18,H,3,0
2074,2022-23,2023-04-20,20,19:45,Goodison Park,32904,Jarred Gillett,Foggy,-1.0,94,Derby,Everton,Manchester United,Sean Dyche,Erik ten Hag,4-3-2-1,3-5-2,defense,balanced,average,average,0,,0,nan,none,37;64,20,12,5,4,25.0,33.3,0.1,2.3,-0.1,-0.3,,62.4,363,362,78.3,90.0,22,25,2,4,0,,11,20,0,0,0,0,0,0,8,16,0,1,0,0,4,2,2,5,2,0,16,11,15,15,28,17,7,10,6,8,12,14,43.2,16.3,9,10,,52.3,103.4,101.9,214,167,2,4,1,1,2.47,3.76,3.04,A,0,3
1671,2023-24,2023-11-24,15,19:45,Old Trafford,72880,Robert Jones,Foggy,14.9,69,Derby,Manchester United,Sheffield United,Erik ten Hag,Chris Wilder,4-3-2-1,4-3-3,balanced,defense,Avg,,0,0,-3,0,2;88;89,none,13,-2,3,4,23.1,28.6,2.61,0.37,0.39,-0.37,69.9,30.1,684,428,80.7,,46,49,11,4,0,0,14,8,0,0,0,0,0,0,12,9,2.0,1,0,,4,2,4,0,0,3,14,10,11,15,40,13,7,10,16,11,13,16,44.1,35.5,,7,66.6,67.0,105.1,N/A,190,145,1,4,1,0,1.85,7.74,3.03,H,3,0
415,2020-21,2020-10-03,8,15:00,Craven Cottage,20739,Anthony Taylor,Sunny,7.6,59,League,Fulham,Brentford,Marco Silva,Thomas Frank,4-3-3,3-5-2,BALANCED,ATTACK,bad,good,,1,1,1,13,73,17,13,9,2,52.9,15.4,0.71,1.64,0.29,-0.64,48.2,51.8,683,485,nan,81.7,37,29,10,2,0,1,19,15,0,0,1,0,1,0,12,9,2,3,,0,2,1,1,8,1,1,28,13,10,5,30,30,2,7,22,13,25,20,32.7,22.2,7,16,48.4,45.0,112.6,112.2,150,190,0,2,1,1,2.34,3.64,3.36,D,1,1
280,2019-20,2020-02-25,5,15:00,Craven Cottage,20577,Simon Hooper,,7.9,49,League,Fulham,Nottm Forest,Marco Silva,Nuno Espirito Santo,5-4-1,4-4-2,balanced,defense,bad,,1,1,2,3,16;58,32;63;71,20,16,,,35.0,25.0,2.48,3.19,-0.48,-0.19,53.1,46.9,586,408,77.0,81.6,68,39,7,7,0,2,14,15,0,0,0,0,0,0,20,10,1,1,1,0,6,4,1,5,3,2,26,11,17,17,15,30,4,3,23,17,24,22,20.2,21.1,18,16,65.3,42.7,107.7,113.7,225,157,2,3,0,0,2.85,3.97,2.51,A,0,3
2008,2023-24,2023-12-29,8,12:30,Kenilworth Road,8590,Andy Madley,Sunny,8.6,88,Cup,Luton Town,Brighton,Rob Edwards,Roberto De Zerbi,3-4-3,3-5-2,defense,balanced,bad,average,0,0,3,2,57;61+1;61,40;57,17,6,3,6,17.6,100.0,2.44,2.24,0.56,-0.24,40.3,59.7,N/A,496,null,86.0,76,34,5,-1,0,1,22,17,0,0,2,0,2,0,13,8,1,2,0,0,-4,5,4,0,2,3,19,24,20,14,21,34,9,,19,6,5,14,22.6,25.9,19,18,67.8,51.1,104.9,109.5,187,183,0,5,2,1,3.84,2.63,2.79,H,3,0
1018,2021-22,2022-02-13,19,20:00,Goodison Park,34840,,Rainy,16.4,80,Title race,Everton,Brentford,Sean Dyche,Thomas Frank,4-3-3,3-4-3,defense,,bad,average,0,1,2,1,37;51,64,15,15,7,8,46.7,53.3,2.37,1.48,-0.37,-0.48,54.1,45.9,,261,81.6,N/A,34,42,6,7,2,1,14,15,0,0,1,0,0,0,7,18,2,3,0,0,2,0,7,5,1,2,11,18,17,15,17,28,5,2,25,N/A,9,11,17.8,25.9,8,9,72.8,44.2,104.6,104.8,204,147,N/A,1,1,0,3.26,2.66,3.16,H,3,0
1645,2023-24,2023-11-07,17,19:45,Etihad Stadium,45053,Thomas Bramall,Clear,6.3,74,League,Manchester City,Fulham,Pep Guardiola,Marco Silva,4-1-4-1,3-4-3,balanced,balanced,average,,2,0,2,,40;59,none,11,6,5,1,45.5,16.7,2.24,0.48,-0.24,-0.48,61.9,38.1%,525,nan,87.4,76.7,27,70,2,7,2,0,6,15,1,0,0,,0,0,7,9,2,0,1,?,2,2,1,3,0,2,18,16,8,11,14,22,4,6,11,14,23,6,15.0,21.8,7,4,-,47.3,101.2,111.3,293,265,3,2,0,0,1.89,6.73,3.1,H,3,0
2010,2021-22,2022-06-01,3,16:30,Gtech Community Stadium,15824,Anthony Taylor,Foggy,8.5,75,Derby,Brentford,West Ham,Thomas Frank,David Moyes,4-4-2,4-3-3,attack,defense,good,average,0,0,1,0,63,none,18,7,10,7,55.6,100.0,1.28,0.15,-0.28,-0.15,52.3,47.7,426,316,-,78.9,23,59,nan,9,0,0,19,19,0,0,0,0,0,nan,20,14,2,3,0,0,2,3,7,9,0,1,27,10,20,5,39,26,9,7,23,15,6,6,nan,,6,18,52.5,47.2,105.4,108.6,280,151,,4,?,1,2.5,3.3,3.36,H,3,0
1746,2023-24,2024-01-20,37,20:00,Selhurst Park,19139,Andy Madley,Foggy,,87,Top 4 battle,Crystal Palace,Manchester United,Oliver Glasner,Erik ten Hag,4-1-4-1,4-1-4-1,defense,balanced,poor,bad,1,0,3,0,16+4;54;64,none,12,8,10,4,83.3,50.0,nan,0.1,-1.33,-0.1,50.7,49.3,489,434,79.4,83.6,53,61,6,2,1,0,17,-13,0,,1,0,1,0,15,17,2,3,0,0,3,1,4,7,0,3,20,26,20,18,34,20,3,3,6,16,19,21,36.1,44.1,6,14,55.9,72.0,109.6,111.2,232,158,4,4,0,0,2.29,7.95,2.29,H,3,0
479,2020-21,2020-11-22,14,20:00,Etihad Stadium,49973,Andy Madley,Cloudy,9.5,54,League,Manchester City,Wolves,Pep Guardiola,Gary O'Neil,4-1-4-1,4-2-3-1,balanced,defense,,average,0,0,0,0,none,none,19,13,nan,?,52.6,30.8,0.28,0.14,-0.28,-0.14,67.7,32.3,388,576,94.2,84.2,71,41,7,6,0,0,19,8,0,,0,0,0,0,18,14,2,3,0,0,3,4,4,10,0,0,11,27,8,9,18,28,8,9,15,9,23,18,32.5,31.8,20,18,69.9,44.7,106.9,104.2,287,177,0,4,0,nan,2.57,3.54,3.05,D,1,1
55,2019-20,2019-09-18,21,17:30,Etihad Stadium,47293,Andy Madley,Foggy,21.6,66,Title race,Manchester City,Wolves,Pep Guardiola,Gary O'Neil,3-5-2,3-5-2,balanced,defense,average,bad,0,0,0,0,none,none,18,10,10,1,55.6,10.0,0.1,0.1,-0.1,-0.1,53.6,46.4,424,,92.5,78.1,31,49,10,3,0,0,11,18,0,0,0,0,0,0,,10,2,1,0,0,4,1,1,10,0,0,27,27,10,13,17,31,5,8,20,11,8,21,35.4,21.5,15,10,,47.4,103.4,106.3,286,202,5,3,1,0,2.44,3.0,3.9,D,1,1
1499,2022-23,2023-04-13,37,20:00,Goodison Park,39039,Michael Oliver,Windy,17.1,87,League,Everton,Wolves,Sean Dyche,Gary O'Neil,4-4-2,3-5-2,DEFENSE,defense,good,good,0,0,2,0,5;42,none,N/A,13,10,3,50.0,23.1,2.59,0.1,-0.59,-0.1,53.2,46.8,606,439,77.9,77.9,37,65,3,7,1,0,8,18,N/A,0,0,0,0,0,18,19,1,4,0,0,,3,3,8,0,2,17,17,12,13,27,nan,,10,?,8,14,,,39.7,13,15,74.7,67.0,108.7,105.0,238,197,5,1,2,2,2.58,3.89,2.82,H,3,0
1238,2022-23,2022-10-12,20,16:30,Amex Stadium,25153,Stuart Attwell,Overcast,8.6,44,Relegation 6-pointer,Brighton,Newcastle,Roberto De Zerbi,Eddie Howe,5-4-1,3-4-3,balanced,defense,bad,good,0,0,1,2,5,40;89,11,10,10,6,90.9,60.0,0.74,2.01,0.26,-0.01,42.1,57.9,320,539,N/A,82.8,33,34,,2,1,0,21,12,,1,,,0,0,6,17,2,3,0,,3,2,4,9,2,1,11,10,9,18,10,36,10,-8,18,9,5,19,35.6,43.1,11,15,44.3,46.6,100.6,105.0,169,166,0,4,0,0,2.5,4.55,2.63,A,0,3
767,2021-22,2021-08-15,12,12:30,Bramall Lane,,Simon Hooper,Windy,6.2,42,Top 4 battle,Sheffield United,Crystal Palace,Chris Wilder,Oliver Glasner,4-3-2-1,4-3-2-1,defense,defense,good,good,1,1,1,2,55,82;88,18,16,10,3,55.6,18.8,0.77,1.75,0.23,0.25,36.8,63.2,341,356,71.8,84.9,31,25,9,1,1,1,20,13,0,0,0,0,0,0,15,13,,2,0,0,3,5,1,9,2,1,27,18,9,13,20,27,6,3,5,9,5,14,31.1,20.7,7,18,57.7,40.8,107.3,106.8,217,140,1,3,1,0,3.13,3.69,2.44,A,0,3
1828,2023-24,2024-03-14,31,19:45,St. James' Park,42686,Michael Oliver,Cloudy,13.5,54,League,Newcastle,Crystal Palace,Eddie Howe,Oliver Glasner,3-4-3,3-5-2,defense,defense,avg,average,0,0,0,2,none,17;40,12,6,5,5,41.7,83.3,0.48,2.26,-0.48,##,58.4,41.6,504,291,81.3,nan,38,67,5,N/A,0,,19,20,0,0,0,1,0,1,19,9,1,1,0,0,,3,3,5,2,0,16,?,18,18,20,10,3,8,15,14,9,4,36.8,29.0,15,4,N/A,71.1,104.2,110.6,246,157,2,1,,1,2.65,2.86,3.66,A,0,3
1129,2021-22,2022-04-30,1,15:00,Amex Stadium,26521,Chris Kavanagh,Light Rain,15.8,86,Relegation 6-pointer,Brighton,West Ham,Roberto De Zerbi,David Moyes,4-3-3,4-4-2,balanced,,average,bad,2,1,2,,19;36,25;30,17,7,2,6,11.8,85.7,1.61,2.57,0.39,-0.57,58.9,41.1,341,580,84.7,84.4,80,59,9,6,0,1,22,16,0,0,0,0,0,0,15,16,1,2,0,0,2,5,4,0,2,2,13,21,9,10,32,30,5,8,16,19,24,13,28.2,20.1,15,9,,60.6,105.1,114.0,214,178,N/A,-4,2,1,2.66,3.83,2.76,D,1,1
165,2019-20,2019-12-01,11,19:45,Goodison Park,32729,Michael Oliver,Sunny,4.9,92,Relegation 6-pointer,Everton,Crystal Palace,Sean Dyche,Oliver Glasner,,4-1-4-1,defense,defense,good,good,0,1,2,2,17+1;88,81;82,10,7,3,1,30.0,14.3,null,1.65,0.41,0.35,45.9,54.1,325,295,83.9,79.0,25,18,9,4,2,0,18,17,0,0,0,1,0,1,,13,1,1,0,0,5,5,0,1,2,2,23,19,13,16,38,11,12,2,8,5,22,22,29.0,20.2,10,12,46.2,41.0,107.2,105.2,241,,3,2,1,0,2.4,4.82,2.66,D,1,1
1290,2022-23,2022-11-16,38,16:30,Vitality Stadium,9208,Chris Kavanagh,Overcast,-1.1,60,Derby,Bournemouth,Chelsea,Andoni Iraola,Mauricio Pochettino,3-4-3,3-5-2,attack,balanced,poor,bad,0,0,3,5,26;61;62,3;19;20;43+1;83,17,N/A,4,4,23.5,66.7,2.95,5.17,0.05,-0.17,37.8,62.2,458,525,74.8,86.0,71,65,6,7,2,1,13,6,1,0,1,2,1,2,20,8,3,1,0,0,4,2,0,1,5,3,11,11,19,,40,30,nan,3,10,16,13,14,33.3,37.2,8,18,47.9,63.9,111.9,104.8,193,271,2,2,0,0,2.57,5.61,2.31,A,0,3
334,2019-20,2020-03-29,35,19:45,Stamford Bridge,33147,Paul Tierney,Light Rain,,54,Top 4 battle,Chelsea,Luton Town,Mauricio Pochettino,Rob Edwards,5_4_1,5-4-1,balanced,defense,good,good,1,1,1,1,88,33,17,6,6,3,35.3,50.0,0.99,1.14,0.01,-0.14,66.5,33.5,663,444,86.0,73.1,26,23,8,7,1,1,16,15,0,0,?,0,0,0,18,14,2,1,0,0,6,4,2,5,1,1,22,16,15,16,32,14,5,,25,16,15,18,37.4,16.4,11,13,62.7,60.6,110.4,,223,279,2,2,2,1,2.05,4.33,3.55,D,1,1
146,2019-20,20/11/2019,26,20:00,Bramall Lane,30324,Paul Tierney,Clear,12.6,49,League,Sheffield United,Manchester United,Chris Wilder,Erik ten Hag,3-4-3,3-5-2,defense,balanced,bad,good,1,1,,3,70,31;56+2;71,11,16,5,7,45.5,43.8,0.63,4.26,0.37,-1.26,40.6,59.4,326,277,75.3,85.9,59,75,3,8,,2,11,6,0,0,1,,0,1,15,14,1,3,0,0,0,3,4,4,3,1,20,28,19,16,22,35,5,2,18,17,24,17,29.5,23.3,9,10,71.3,,118.8,106.8,171,190,,3,2,2,4.11,3.9,2.0,A,0,3
858,2021-22,2021-10-21,29,16:30,London Stadium,60606,Stuart Attwell,Light Rain,8.9,44,League,West Ham,Wolves,David Moyes,Gary O'Neil,4_4_2,4-3-2-1,defense,defense,good,average,0,1,2,1,20;70,89,15,9,4,1,26.7,11.1,1.99,0.86,0.01,0.14,47.9,52.1,587,327,77.2,80.9,43,57,,4,2,0,20,15,1,0,0,0,0,0,13,15,2,1,0,0,3,3,0,2,1,2,11,19,6,5,,18,9,6,20,16,22,15,39.7,15.0,,17,64.7,42.6,106.8,111.0,189,286,2,4,0,0,2.62,3.89,2.77,H,3,0
1553,2023-24,2023-08-30,17,20:00,Anfield,393767,Michael Oliver,Clear,17.5,78,League,Liverpool,Chelsea,Jurgen Klopp,Mauricio Pochettino,5-4-1,3_4_3,attack,balanced,good,bad,4,2,4,2,5;21;35;55+3,17;30,?,11,7,7,##,63.6,4.79,2.33,-0.79,-0.33,51.1,48.9,429,283,89.3,85.0,25,26,8,7,2,2,21,19,0,0,0,0,0,0,6,18,,2,0,0,4,0,5,3,2,4,11,16,10,6,28,34,7,4,6,14,15,17,41.4,41.5,19,8,47.4,66.6,107.4,114.7,207,196,2,4,0,0,2.77,3.19,3.07,H,3,0
1801,2023-24,2024-02-22,20,12:30,Anfield,60588,Paul Tierney,Rainy,12.8,87,Cup,Liverpool,Brighton,Jurgen Klopp,Roberto De Zerbi,4-4-2,3-5-2,attack,balanced,bad,bad,0,0,,1,29,N/A,8,15,2,2,25.0,13.3,1.17,0.92,-0.17,0.08,60.5,39.5,578,443,92.7,87.7,39,29,8,7,,1,7,7,0,0,0,0,0,0,16,12,0,0,,0,1,1,1,,1,1,13,20,10,7,20,23,,5,16,19,24,4,15.3,18.9,5,15,44.1,54.6,114.6,100.8,230,285,1,2,1,0,2.04,4.94,3.24,D,1,1
633,2020-21,2021-03-08,4,12:30,Amex Stadium,28101,Chris Kavanagh,Foggy,8.9,73,League,Brighton,Fulham,Roberto De Zerbi,Marco Silva,4-4-2,4-1-4-1,balanced,balanced,bad,average,1,0,2,2,9;62,31;32,-12,12,6,4,50.0,33.3,2.19,2.82,-0.19,-0.82,54.9,45.1,443,630,82.6,79.3,39,39,10,8,1,1,8,13,0,1,0,0,0,0,13,17,3,0,0,0,3,1,2,4,2,2,11,16,15,17,38,9,2,7,15,nan,25,,33.6,,19,15,43.3,67.6,95.9x,109.9,155,217,4,3,0,0,2.28,5.34,2.67,D,1,1
2081,2020-21,2020-12-28,12,15:00,Emirates Stadium,57459,Stuart Attwell,Sunny,8.5,86,Derby,Arsenal,Manchester United,Mikel Arteta,Erik ten Hag,4-3-3,4-2-3-1,attack,balanced,good,bad,0,0,2,0,,none,10,12,3,2,30.0,16.7,2.57,0.44,-0.57,-0.44,50.6,49.4,613,619,90.1,85.1,24,29,9,2,1,0,21,5,0,0,0,0,0,0,20,14,2,1,0,0,0,4,2,1,0,2,23,23,20,8,,16,5,10,7,11,24,15,31.9x,26.1,14,10,45.7,61.2,103.1,110.2,184,207,1,7,0,0,2.48,4.37,2.72,H,3,0
630,2020-21,2021-03-05,30,20:00,Craven Cottage,24889,Anthony Taylor,Light Rain,13.7,58,League,Fulham,Manchester City,Marco Silva,Pep Guardiola,4-3-3,3-5-2,balanced,BALANCED,average,avg,0,0,1,1,16,48,18,,5,3,27.8,50.0,1.16,1.62,-0.16,-0.62,33.9%,66.1,396,258,78.0,92.1,42,20,10,5,0,1,11,20,1,0,0,0,0,0,12,11,2,1,0,0,1,0,2,4,1,1,17,28,8,17,33,8,2,9,7,18,22,18,36.4,21.5,10,13,55.4,,111.3,106.2,187,231,1,0,2,0,2.87,3.79,2.58,D,N/A,1
1829,2023-24,2024-03-17,38,16:30,St. James' Park,46472,Anthony Taylor,Cloudy,9.4,67,League,Newcastle,Burnley,Eddie Howe,Vincent Kompany,4-4-2,5-4-1,defense,defense,average,good,0,0,2,0,79;89,none,12,6,6,6,50.0,100.0,2.34,0.14,-0.34,-0.14,69.0,31.0,488,372,83.4,76.3,50,47,8,6,1,0,16,13,nan,0,0,0,0,0,16,8,1,2,0,0,3,3,6,4,0,2,22,28,N/A,13,18,19,-2,6,6,8,11,18,,29.4,9,17,74.3,71.8,112.2,110.0,265,256,4,7,3,0,,3.77,3.05,H,3,0
1689,2023-24,2023-12-08,12,19:45,Turf Moor,21867,Jarred Gillett,Cloudy,-3.6,44,League,Burnley,Crystal Palace,Vincent Kompany,Oliver Glasner,4-1-4-1,4-2-3-1,defense,defense,good,,0,2,2,2,40+4;51,2;18,14,14,3,2,21.4,14.3,2.0,2.23,0.0,-0.23,49.2,50.8,452,417,77.4,77.9,59,31,5,5,0,0,11,12,0,0,1,1,1,0,7,12,1,1,0,,5,5,0,1,2,2,23,14,15,5,29,25,11,6,25,5,17,5,22.6,21.4,19,12,46.4,66.2,109.5,105.8,215,262,5,2,3,1,3.4,3.18,2.55,D,1,1
1859,2023-24,2024-04-07,2,12:30,Tottenham Hotspur Stadium,60501,Chris Kavanagh,Sunny,22.3,89,League,Tottenham,Luton Town,Ange Postecoglou,Rob Edwards,,3-5-2,attack,defense,average,good,2,1,2,1,19;38,31,10,10,8,,80.0,10.0,1.93,0.88,0.07,0.12,64.4,35.6,339,544,87.7,78.4,70,69,8,7,1,,12,8,0,1,0,0,0,0,20,17,2,2,0,0,4,2,0,6,1,2,14,25,12,10,24,12,8,10,17,14,6,14,16.3,21.4,5,,56.6,52.3,110.4,##,222,156,5,6,1,0,2.0,5.46,3.15,H,3,0
803,2021-22,2021-09-10,30,12:30,Villa Park,33571,Paul Tierney,Cloudy,15.6,68,Relegation 6-pointer,Aston Villa,Arsenal,Unai Emery,Mikel Arteta,3-5-2,5-4-1,attack,attack,average,average,1,0,1,4,,8;34;51;77,11,6,2,4,18.2,66.7,1.39,3.87,-0.39,0.13,52.5,47.5,532,273,80.9,86.1,58,53,nan,6,0,1,10,11,1,0,0,0,0,0,20,13,0,3,0,0,3,4,0,1,4,1,28,10,10,12,35,20,12,7,7,20,19,4,22.6,20.6,8,6,70.9,56.7,105.6,109.0,269,192,3,2,1,0,2.35,5.76,2.5,A,0,3
1954,2022-23,2022-08-26,24,14:05,Goodison Park,39188,John Brooks,Foggy,3.9,60,Relegation 6-pointer,Everton,Manchester United,Sean Dyche,Erik ten Hag,,4-1-4-1,defense,balanced,good,average,1,0,1,2,40,,,,8,7,80.0,46.7,?,1.91,-0.12,0.09,N/A,53.0%,357,627,75.1,84.1,27,22,10,4,1,1,13,16,1,0,0,,0,0,6,8,0,2,0,0,2,2,5,7,2,1,19,18,15,12,18,37,,2,17,15,16,11,20.4,15.2,11,14,54.9,49.7,110.2,109.1,293,206,5,2,1,0,2.52,5.82,2.32,A,0,3
1782,2023-24,2024-02-11,24,12:30,Selhurst Park,19974,Andy Madley,Cloudy,9.5,52,Relegation 6-pointer,Crystal Palace,Liverpool,Oliver Glasner,Jurgen Klopp,4-4-2,,defense,,bad,good,0,1,0,1,none,29,11,6,9,5,81.8,83.3,0.1,0.75,-0.1,0.25,40.0,60.0,668,465,85.0,93.9,55,26,8,1,0,1,12,20,0,0,0,0,0,0,9,12,2,1,0,0,6,3,4,9,1,0,,15,19,,34,19,11,5,22,8,22,13,27.7,,15,15,54.7,69.3,106.4,105.1,204,218,2,3,2,0,3.0,5.02,2.14,A,0,3
1704,2023-24,2023-12-17,14,19:45,Amex Stadium,30201,Jarred Gillett,Windy,18.0,64,Title race,Brighton,Burnley,Roberto De Zerbi,Vincent Kompany,4-3-2-1,3-5-2,balanced,defense,bad,good,1,0,1,0,22,none,15,11,4,5,26.7,45.5,1.02,0.1,-0.02,-0.1,69.7,30.3%,382,,84.8,70.1,56,,4,3,0,0,11,12,1,0,N/A,0,0,0,20,6,3,1,0,0,2,1,5,3,0,1,14,20,17,6,11,14,2,4,23,,10,16,39.4,26.6,9,4,49.0,64.9,114.4,105.0,279,211,1,5,1,0,1.85,8.3,2.96,H,3,
650,2020-21,2021-03-20,29,14:05,Vitality Stadium,9772,Anthony Taylor,Overcast,7.2,63,League,Bournemouth,Arsenal,Andoni Iraola,Mikel Arteta,4-3-2-1,4-1-4-1,,attack,bad,bad,1,0,1,1,90,1,8,14,4,6,50.0,42.9,1.35,1.06,-0.35,-0.06,33.6,66.4,607,250,81.9,86.3,28,72,2,1,0,0,14,15,0,0,N/A,,0,0,7,10,,3,0,0,0,4,5,3,1,1,15,25,13,5,29,17,2,7,9,22,12,13,34.8,37.9,20,?,47.7,67.4,107.1,102.2,192,231,4,4,0,0,3.14,3.6,2.48,D,1,1
503,2020-21,2020-12-06,9,16:30,Gtech Community Stadium,,Thomas Bramall,Overcast,16.8,77x,Relegation 6-pointer,Brentford,Nottm Forest,Thomas Frank,Nuno Espirito Santo,4-4-2,4-3-2-1,attack,defense,good,bad,0,0,2,2,7;59,3;21,19,14,4,5,21.1,35.7,1.55,1.99,0.45,0.01,46.0,54.0,300,266,77.8,78.4,28,45,7,5,0,1,7,16,0,,1,1,1,1,12,18,2,1,0,0,2,4,3,2,2,2,21,13,20,15,18,31,12,-8,20,19,10,7,24.4,20.1,19,4,41.3,51.0,101.6,104.6,191,284,1,4,1,1,2.65,2.95,3.53,D,1,1
1391,2022-23,2023-01-28,7,15:00,London Stadium,47989,Thomas Bramall,Rainy,23.5,,Title race,West Ham,Brentford,David Moyes,Thomas Frank,4-2-3-1,4-2-3-1,defense,attack,bad,average,,0,3,1,49;51;83,38,,11,10,7,62.5,63.6,2.28,1.2,0.72,-0.2,52.0,48.0,420,397,79.7,81.6,53,43,3,6,2,N/A,15,5,0,0,0,0,,0,9,16,0,1,1,0,4,5,6,7,,3,25,12,15,8,21,14,6,4,7,14,19,6,33.3,30.7,20,11,72.5,60.5,108.9,null,253,272,1,3,0,0,2.21,4.14,3.28,H,3,0
1761,2023-24,2024-01-27,22,14:05,St. James' Park,42764,Stuart Attwell,Sunny,2.5,50,Cup,Newcastle,West Ham,Eddie Howe,David Moyes,3-5-2,4-3-3,DEFENSE,defense,good,bad,0,0,1,0,7,none,19,9,9,3,47.4,33.3,1.34,0.1,-0.34,-0.1,48.0,52.0,544,597,79.6,82.5,65,50,11,2,0,0,11,5,0,0,1,0,1,0,9,19,2,0,0,0,0,1,3,8,0,-1,14,17,10,14,,20,3,3,21,15,24,9,39.3,15.5,19,12,53.1,40.6,,109.3,,243,1,2,1,N/A,2.34,-,3.18,H,3,
1152,2022-23,2022-08-12,6,19:45,Goodison Park,34407,Robert Jones,Windy,20.9,44,Derby,Everton,Liverpool,Sean Dyche,Jurgen Klopp,3-4-3,3-4-3,defense,attack,bad,good,1.0,1,2,2,85;90,29;35,17,10,2,6,11.8,60.0,1.97,1.32x,0.03,0.68,35.4,64.6,558,350,76.8,89.3,76,22,4,3,0,1,18,7,1,0,0,1,0,1,11,8,2,?,0,0,2,1,4,0,2,nan,24,26,10,6,30,20,5,10,14,10,6,14,28.3,26.5,16,16,67.7,65.3,106.7,,?,225,5,4,0,0,3.3,3.71,2.34,D,1,1
193,2019-20,2019-12-24,19,20:00,Etihad Stadium,42324,Chris Kavanagh,Sunny,-,45,League,Manchester City,Burnley,Pep Guardiola,Vincent Kompany,3-4-3,4-3-2-1,balanced,defense,bad,poor,1,0,4,1,5;18;70;74,73,9,12,7,7,77.8,58.3,4.54,0.92,-0.54,0.08,69.5,30.5,464,644,92.2,72.4,23,34,11,4,1,,16,5,0,0,0,0,0,0,7,6,1,0,0,0,5,2,6,3,1,4,14,24,9,11,38,37,7,2,18,,13,21,40.6,36.7,12,,49.9,47.5,109.2,98.8,150,152,,7,1,1,2.26,2.8,5.03,H,3,0
1943,2023-24,2023-08-12,7,19:45,Bramall Lane,26147,Paul Tierney,Clear,5.4,91,Relegation 6-pointer,Sheffield United,Chelsea,Chris Wilder,Mauricio Pochettino,3-5-2,3-5-2,defense,balanced,average,good,0,2,0,3,none,null,15,14,5,7,33.3,50.0,0.1,2.32,-0.1,0.68,27.9,72.1,318,472,73.7,90.3,57,54,8,9,0,2,14,16,0,1,0,0,0,0,7,13,2,3,0,0,4,4,4,5,3,0,23,14,12,11,24,29,6,2,15,11,17,6,26.1,32.6,5,18,71.2,67.4,108.2,111.9,272,152,5,3,3,0,3.93,2.68,2.68,A,0,3
1790,2023-24,2024-02-21,35,17:30,Bramall Lane,29690,Andy Madley,Light Rain,13.9,85,Title race,Sheffield United,Wolves,Chris Wilder,Gary O'Neil,3-4-3,4-2-3-1,defense,defense,average,average,0,0,1,0,85,none,11,15,2,5,18.2,33.3,0.81,0.1,0.19,-0.1,46.2,53.8,,481,73.5,76.1,79,22,7,4,0,0,18,16,0,0,1,0,1,0,20,15,1,2,,0,2,2,5,1,0,1,24,18,12,14,20,9,3,2,16,15,16,6,41.6,44.6,18,6,66.6,55.8,N/A,104.9,170,274,1,3,2,1,,3.56,2.37,H,3,0
1026,2021-22,2022-02-14,5,15:00,Selhurst Park,23304,Paul Tierney,Overcast,11.6,93,Top 4 battle,Crystal Palace,Fulham,Oliver Glasner,Marco Silva,4-4-2,4-1-4-1,defense,balanced,bad,good,1,1,1,1,73+2,65,16,,3,6,18.8,37.5,1.49,1.59,-0.49,-0.59,46.7,53.3,308,,85.2,80.3,76,19,5,1,1,0,20,16,0,0,0,0,nan,0,8,18,2,nan,0,0,0,2,5,2,1,1,16,22,15,9,30,34,11,7,6,12,18,20,26.2,44.1,16,15,67.5,40.5,113.2,100.5,197,158,,3,3,0,2.59,5.22,2.37,D,1,1
1121,2021-22,2022-04-26,21,20:00,Old Trafford,,Stuart Attwell,Clear,15.5,53,Cup,Manchester United,Burnley,Erik ten Hag,Vincent Kompany,4-3-2-1,4-3-2-1,balanced,defense,bad,avg,2,1,3,1,85;86;87,37+2,11,nan,4,5,36.4,71.4,2.94,-,0.06,-0.17,69.5,30.5,567,461,87.2,74.1,39,73,8,1.0,2,0,9,9,0,1,2,0,1,0,18,15,2,2,0,0,4,0,4,1,1,3,11,24,13,11,10,29,4,10,8,20,23,17,35.1,35.6,19,17,48.0,51.5,115.4,103.5,165,251,0,4,0,0,1.8,6.01,3.58,H,3,0
1467,2022-23,2023-03-27,34,17:30,City Ground,29937,Paul Tierney,Cloudy,0.6,56,League,Nottm Forest,West Ham,Nuno Espirito Santo,David Moyes,4_3_2_1,4-1-4-1,defense,defense,bad,BAD,0,0,4,0,7;50;58+2;69,none,12,17,4,7,33.3,41.2,4.68,0.23,-0.68,-0.23,39.5,60.5,610,433,79.8,80.8,68,,5,,2,0,8,14,1,0,1,0,1,0,15,20,2,3,0,0,6,4,7,0,0,4,15,22,18,6,12,38,10,10,13,12,21,19,34.5,,14,15,65.3,70.9,111.1,115.5,279,216,0,1,1,0,2.25,,2.81,H,3,0
614,2020-21,2021-02-24,13,17:30,Kenilworth Road,8654,Anthony Taylor,Windy,18.7,84,League,Luton Town,Sheffield United,Rob Edwards,Chris Wilder,4-1-4-1,4-4-2,defense,defense,bad,average,0,0,2,1,33;82+1,55+1,20,16,6,8,30.0,-,1.93,0.97,0.07,0.03,59.4,nan,560,477,75.4,77.0,26,25,3,4,1,1,22,12,0,0,0,0,0,0,16,12,1,4,0,0,5,4,7,4,N/A,2,28,13,6,17,39,30,11,2,21,6,17,13,41.0,31.5,10,16,67.4,68.9,106.8,99.2,281,198,3,4,0,0,2.67,3.26,3.14,H,3,0
1137,2021-22,2022-05-04,18,19:45,Goodison Park,38048,Jarred Gillett,Rainy,24.0,66,Title race,Everton,Crystal Palace,Sean Dyche,Oliver Glasner,5-4-1,5-4-1,defense,defense,bad,average,1,0,3,1,2;52;60,27,8,15,4,7,50.0,46.7,2.23,1.03,0.77,-0.03,,56.2,318,597,81.4,76.7,75,36,5,2,0,1,20,10,0,0,1,0,1,0,18,17,,2,0,0,4,1,6,1,1,3,16,17,13,15,16,14,3,3,21,15,25,5,22.8,15.0,12,13,61.6,48.2,102.2,103.9,274,168,1,4,1,1,2.36,6.44,,H,3,0
737,2020-21,2021-05-22,29,16:30,City Ground,23025,Anthony Taylor,Sunny,8.1,93,Relegation 6-pointer,Nottm Forest,Fulham,Nuno Espirito Santo,Marco Silva,4-2-3-1,4-4-2,defense,balanced,average,average,1,1,1,1,35,null,14,?,8,3,57.1,18.8,1.08,1.23,-0.08,,50.7,49.3,,605,75.7,78.8,26,,11,1,1,1,6,20,0,0,0,0,0,0,16,8,1,N/A,0,0,1,2,2,7,1,1,,10,15,8,14,,3,-4,7,6,25,13,27.0,44.1,17,17,68.2,40.5,108.3,109.0,,175,2,2,1,1,2.46,,2.44,D,1,
30,2019-20,2019-08-27,17,17:30,Etihad Stadium,45742,Andy Madley,Light Rain,13.9,,Top 4 battle,Manchester City,Nottm Forest,Pep Guardiola,Nuno Espirito Santo,4-4-2,4-4-2,balanced,defense,avg,bad,0,0,3,0,55;61;68,none,13,7,3,5,23.1,71.4,3.26,0.1,-0.26,-0.1,66.4,33.6,325,331,93.5,80.3,33,28,6,2,0,0,14,5,1,0,0,0,0,0,20,16,2,2,0,0,5,4,5,,0,3,17,18,13,16,14,30,6,8,21,,6,11,17.8,28.2,16,11,57.8,56.0,113.2,113.6,241,242,1,6,1,0,2.1,5.51,2.93,H,3,nan
1376,2022-23,2023-01-15,13,16:30,Anfield,48116,Jarred Gillett,Windy,10.7,73,League,Liverpool,Chelsea,Jurgen Klopp,Mauricio Pochettino,3-4-3,4-2-3-1,attack,bal,average,bad,2,,2,1,38;56,49+4,18,16,9,5,50.0,31.2,2.61,0.69,-0.61,0.31,46.4,53.6,368,356,90.6,83.6,63,59,10,4,1,0,9,16,0,0,1,1,0,1,12,13,1,3,0,0,0,5,4,7,1,2,,10,8,11,16,,2,3,13,12,13,4,33.9,31.6,19,4,64.8,46.9,105.6,104.3,185,185,3,3,2,2,2.91,2.75,3.41,H,3,0
312,2019-20,2020-03-17,11,19:45,Villa Park,33580,Thomas Bramall,Windy,9.2,86,League,Aston Villa,Arsenal,Unai Emery,Mikel Arteta,4-2-3-1,3-4-3,,attack,bad,average,0,0,0,1,none,36,16,14,,2,50.0,14.3,0.1,1.12,,-0.12,40.4,59.6,395,358,85.4,93.0,70,73,11,5,0,0,9,10,0,0,0,0,0,0,7,9,4,1,0,0,2,3,1,8,1,0,15,24,19,17,24,24,,9,16,17,20,10,21.0,20.1,8,5,,68.2,107.6,110.4,262,216,2,3,1,0,3.03,3.83,2.44,A,0,3
1167,2022-23,2022-08-20,27,14:05,Craven Cottage,294571,Robert Jones,Sunny,15.2,95,League,Fulham,Bournemouth,Marco Silva,Andoni Iraola,5-4-1,4-2-3-1,balanced,attack,bad,good,1,0,1,,31,none,20,,10,7,50.0,,1.3,0.24,-0.3,-0.24,nan,44.4,380,566,79.0,82.5,47,51,3,6,1,,8,9,1,0,1,0,0,0,14,8,0,2,0,0,6,1,N/A,9,0,1,28,22,15,8,14,29,9,2,17,5,7,16,44.1,31.7,15,11,65.1,41.0,112.0,102.1,179,257,1,nan,1,1,2.06,4.44,3.45,H,3,0
811,2021-22,2021-09-18,14,12:30,Molineux Stadium,27309,Thomas Bramall,Cloudy,13.9,73,League,Wolves,Aston Villa,Gary O'Neil,,4-2-3-1,4-3-3,DEFENSE,,bad,good,0,,-4,1,9;43;50;90,43+3,,17,6,1,60.0,5.9,5.03,1.21,-1.03,-0.21,40.7,59.3,650,623,,88.7,64,22,5,7,0,1,nan,,0,0,2,0,2,0,14,15,0,4,0,0,6,2,0,2,1,4,16,17,11,7,25,16,3,6,13,19,17,4,18.5,22.4,9,13,72.5,,104.7,103.5,189,186,1,4,1,1,2.73,3.36,2.97,H,3,0
1502,2022-23,2023-04-15,34,17:30,Emirates Stadium,54026,Paul Tierney,Foggy,18.5,nan,Relegation 6-pointer,Arsenal,Burnley,Mikel Arteta,Vincent Kompany,4-4-2,5-4-1,attack,defense,average,average,3,2,4,2,30;35+3;54;56,5;5,8,7,4,4,50.0,,4.01,2.83,-0.01,-0.83,70.8,29.2,556,285,88.7,76.0,40,57,6,7,0,0,10,8,0,0,0,0,0,0,14,10,3,2,0,N/A,1,1,2,0,2,4,18,24,11,8,19,11,6,6,5,22,23,6,38.8,39.8,16,12,56.7,64.1,108.8,107.7,248,237,2,4,2,0,2.08,4.34,3.47,H,3,0
71,2019-20,2019-09-27,35,17:30,London Stadium,52995,Anthony Taylor,Sunny,19.9,70,Top 4 battle,West Ham,Arsenal,David Moyes,Mikel Arteta,4-4-2,4-3-2-1,defense,attack,bad,average,0,0,3,1,8;18+4;18,7,19,15,4,5,21.1,,3.54,1.18,-0.54,-0.18,36.3,63.7,519,603,80.4,93.6,50,37,8,8,2,1,21,15,1,0,1,0,1,0,9,12,2,3,0,0,0,5,4,1,1,3,15,17,12,18,17,,8,6,15,12,12,20,,26.8,6,9,66.8,60.4,108.0,107.5,184,205,4,,1,0,2.45,7.22,2.21,H,3,0
1086,2021-22,2022-03-30,36,20:00,Old Trafford,66999,Stuart Attwell,Rainy,20.9,93,Top 4 battle,Manchester United,Wolves,Erik ten Hag,Gary O'Neil,4-4-2,3-5-2,balanced,defense,good,bad,1,0,3,2,8;14;85,10;60,13,17,5,5,38.5,29.4,2.49,2.07,0.51,-0.07,48.6,51.4,655,397,83.0,79.7,29,70,2,6,0,2,21,9,0,0,0,0,0,0,20,16,2,2,0,0,,5,3,2,2,3,30,12,7,8,24,29,8,9,17,7,5,6,40.0,25.0,9,17,66.3,62.3,##,100.8,227,,3,4,3,0,2.74,3.99,2.6,H,3,0
1003,2021-22,2022-01-31,14,19:45,Etihad Stadium,52658,Paul Tierney,Cloudy,-6.0,77,Top 4 battle,Manchester City,Nottm Forest,Pep Guardiola,Nuno Espirito Santo,4-4-2,4-3-2-1,balanced,defense,good,bad,0,0,5,1,6;18;33;39;46+1,3,20,16,5,7,25.0,43.8,4.75,1.76,0.25,-0.76,,34.0,464,522,93.7,81.2,22,44,8,7,1,1,13,18,1,0,0,1,0,0,16,15,2,2,0,0,2,2,6,0,1,5,22,,5,17,32,36,9,9,25,15,15,11,34.1,26.3,11,10,49.5,44.8,103.8,104.2,253,229,1,2,1,0,1.96,5.42,3.28,H,3,0
2031,2022-23,2023-04-10,33,16:30,Emirates Stadium,51421,Stuart Attwell,Cloudy,10.3,43,Derby,Arsenal,Brentford,Mikel Arteta,Thomas Frank,4-1-4-1,4-3-2-1,attack,attack,good,good,0,0,3,0,29;52;54,none,13,14,6,3,46.2,21.4,3.96,0.49,-0.96,-0.49,56.9,43.1,360,561,84.7,83.0,39,64,N/A,9,2,0,10,9,2,0,0,0,0,0,15,14,0,1,0,0,1,0,3,3,0,3,16,18,14,16,37,34,3,10,10,19,17,4,24.5,20.1,18,6,40.2,50.6,105.2,99.4,212,225,1,1,0,0,2.05,7.94,2.59,H,3,0
1930,2020-21,2020-11-20,5,20:00,Turf Moor,20930,Chris Kavanagh,Rainy,19.5,56,Relegation 6-pointer,Burnley,Wolves,Vincent Kompany,Gary O'Neil,4-3-3,4-3-2-1,defense,defense,average,good,1,1,3,2,38;45;53,39;44,16,12,9,4,56.2,33.3,3.23,2.42,-0.23,-0.42,34.8,65.2,446,nan,75.7,,38,35,11,6,1,0,15,19,0,0,1,1,1,1,12,13,nan,2,0,0,2,3,2,6,2,3,28,24,10,11,30,21,9,6,24,11,6,17,38.6,17.0,13,10,44.4,52.7,112.0,101.2,263,222,0,1,0,0,3.17,3.08,,H,3,0
718,2020-21,06/05/2021,11,16:30,Gtech Community Stadium,16890,Stuart Attwell,Foggy,6.2,87,League,Brentford,Sheffield United,Thomas Frank,Chris Wilder,3-4-3,4-3-3,attack,defense,bad,average,0,0,1,1,3,55,15,13,5,1,33.3,7.7,,1.22,0.06,-0.22,59.6,40.4,438,583,83.4,69.8,,61,5,8,0,0,8,7,0,?,0,1,0,N/A,9,8,3,1,,0,4,2,,4,1,1,10,27,14,15,37,20,3,3,21,15,19,16,31.9,36.8,16,11,56.2,66.5,104.3,107.6,287,177,2,1,1,0,2.52,2.91,3.86,D,,1
363,2019-20,2020-04-25,13,16:30,Emirates Stadium,58625,David Coote,Light Rain,8.2,83,League,Arsenal,Luton Town,Mikel Arteta,Rob Edwards,4-3-3,5-4-1,ATTACK,defense,bad,bad,3,0,,1,5;69;77+2,83+4,11,17,7,4,63.6,23.5,,0.97x,0.55,0.03,71.3,28.7,668,,87.2,77.1,59,27,6,,2,0,15,,0,0,0,0,0,0,11,12,2,2,0,0,,5,3,4,,3,30,11,18,6,37,24,9,9,17,5,17,6,39.0,26.9,18,,44.3,,##,109.6,208,227,2,4,1,0,2.08,3.17,4.93,H,3,0
1879,2023-24,2024-04-20,11,20:00,London Stadium,60325,John Brooks,Clear,6.6,88,League,West Ham,Arsenal,David Moyes,Mikel Arteta,3-4-3,4-4-2,defense,attack,bad,good,1,1,1,3,49+4,24;31;44,19,16,3,3,15.8,18.8,1.48,3.78,-0.48,-0.78,46.5,-,318,519,86.1,91.7,55,21,10,8,,1,6,19,0,0,0,1,0,1,13,8,0,2,0,0,3,3,0,2,3,1,26,,11,13,40,17,7,10,19,16,6,22,34.5,29.6,9,18,##,48.7,108.7,118.0,222,270,5,4,1,1,2.87,4.63,2.3,A,0,3
1733,2023-24,2024-01-07,22,17:30,Etihad Stadium,45646,Stuart Attwell,Light Rain,7.0,,League,Manchester City,Wolves,Pep Guardiola,Gary O'Neil,4-2-3-1,3-5-2,balanced,defense,bad,avg,2,0,5,0,16;47;61;70;73,none,14,16,8,7,57.1,43.8,5.0,0.1,0.0,-0.1,68.2,31.8,615,476,87.6,83.9,34,69,6,8,,0,8,13,0,0,0,0,0,0,9,19,2,3,0,0,3,5,7,3,0,5,10,13,8,14,32,8,4,2,16,22,23,,30.7,43.8,20,17,60.3,61.6,107.1,102.8,273,188,2,4,1,0,2.39,3.09x,3.87,H,3,0
668,2020-21,2021-03-31,25,19:45,Villa Park,37187,Simon Hooper,Light Rain,3.7,80,League,Aston Villa,Sheffield United,Unai Emery,Chris Wilder,5-4-1,3-4-3,attack,defense,poor,good,2,0,2,1,4;15,15,14,15,8,6,57.1,40.0,1.58,1.39,0.42x,-0.39,57.2,42.8,428,254,88.6,71.4,39,45,3,5,0,1,22,12,0,0,0,nan,0,0,10,15,2,0,1,0,5,4,5,6,1,2,14,20,8.0,16,16,26,7,9,6,21,16,19,39.9,34.1,20,9,42.2,52.3,110.9,##,201,199,3,3,1,1,2.42,3.71,3.15,H,3,0
1200,2022-23,2022-09-18,11,16:30,Goodison Park,33230,Anthony Taylor,Cloudy,6.9,58,Derby,Everton,Nottm Forest,Sean Dyche,,5-4-1,3-5-2,defense,DEFENSE,average,good,0,0,0,1,none,16,19,8,5,1,26.3,12.5,0.45,0.74,,0.26,null,55.5,360,470,77.0,75.7,75,,4,4,0,0,13,7,0,1,0,0,0,0,7,14,2,3,0,0,2,0,0,5,,0,22,11,9,8,29,17,9,5,11,18,23,10,15.4,21.6,8,18,47.6,69.7,100.5,105.6,158,199,1,3,0,0,2.24,6.42,2.52,A,0,3
1636,2023-24,2023-11-02,28,17:30,Craven Cottage,20458,Jarred Gillett,Overcast,13.7,94,Title race,Fulham,Crystal Palace,Marco Silva,Oliver Glasner,3-5-2,4-3-3,balanced,defense,bad,good,3,1,3,1,3;17+1;65,14+2,12,6,5,6,41.7,100.0,,1.22,-0.47,-0.22,57.7,42.3,594,639,80.5,80.9,75,60,,9,0,1,16,14,0,0,1,0,0,0,20,,0,2,0,1,2,0,5,2,1,3,30,24,19,13,17,,5,3,20,12,17,16,23.6,15.7,20,11,73.4,54.2,108.5,111.5,268,275,0,6,0,0,2.52,4.04,2.81,H,3,0
1427,2022-23,2023-02-21,12,14:05,Bramall Lane,31150,Simon Hooper,Rainy,15.6,81,League,Sheffield United,Chelsea,Chris Wilder,Mauricio Pochettino,4-1-4-1,4-2-3-1,defense,balanced,good,good,0,3,1,4,2,27;49;85;90,16,14,10,3,,21.4,1.19,,-0.19,-1.35,28.4,71.6,,384,70.6,nan,74,39,2,9,,1,8,5,0,1,0,1,0,1,18,15,1,0,0,0,1,5,0,9,4,1,28,10,18,18,39,10,12,4,11,6,23,4,17.1,40.8,7,5,66.8,54.6,108.1,101.0,163,264,2,1,1,1,3.2,3.35,2.58,A,0,3
774,2021-22,19/08/2021,33,16:30,Emirates Stadium,59682,Chris Kavanagh,Windy,8.7,76,League,Arsenal,Sheffield United,Mikel Arteta,Chris Wilder,4-4-2,4-2-3-1,attack,defense,average,Good,0,0,0,0,none,none,18,17,3,7,16.7,41.2,0.1,0.1,-0.1,-0.1,69.1,30.9,365,555,92.0,69.0,50,34,4,7,0,0,13,,0,0,1,,0,0,12,8,,2,,0,5,2,,3,0,0,13,nan,8,14,24,22,4,6,6,12,8,17,40.7,32.2,nan,17,58.0,51.5,112.2,null,190,280,3,7,0,0,1.78,6.0,3.7,D,1,
2014,2022-23,2023-01-24,18,20:00,Turf Moor,21051,Simon Hooper,Overcast,7.9,44,Relegation 6-pointer,Burnley,West Ham,Vincent Kompany,David Moyes,4-2-3-1,,defense,def,,,0,0,0,1,none,16,15,,4,1,26.7,12.5,0.1,1.43,-0.1,-0.43,42.5,57.5,336,299,71.6,77.5,58,42,8,1,0,1,18,14,0,0,0,1,0,,14,7,1,1,0,0,2,0,0,4,1,0,13,23,5,17,16,30,5,9,13,7,7,21,23.8,41.5,16,11,?,47.9,null,104.6x,224,261,4,3,1,1,2.84,4.09,2.48,A,0,3
1718,2023-24,2023-12-31,4,16:30,Emirates Stadium,47390,Jarred Gillett,Windy,11.9,73,Relegation 6-pointer,Arsenal,Chelsea,Mikel Arteta,Mauricio Pochettino,4-3-3,3-4-3,attack,balanced,good,average,0,0,2,0,4;15,none,14,15,9,1,64.3,6.7,2.25,0.1,-0.25,-0.1,48.7,51.3,-553,532,84.9,82.5,,65,2,2,,0,15,17,0,0,,0,0,0,18,16,4,1,0,0,1,4,1,7,0,2,15,25,8,17,23,29,8,4,21,7,23,16,27.9,34.6,9,12,56.9,66.5,105.1,,183,265,4,5,1,1,2.19,5.6,,H,3,0
627,2020-21,2021-03-03,19,16:30,Old Trafford,56129,John Brooks,Cloudy,7.0,95,Top 4 battle,Manchester United,Manchester City,Erik ten Hag,Pep Guardiola,3-5-2,3-4-3,BALANCED,balanced,good,average,0,3,0,3,none,11;24;40,20,8,3,3,15.0,37.5,0.47,4.36,-0.47,-1.36,47.7,52.3,468,409,85.6,93.7,73,54,11,3,0,2,15,18,0,0,1,0,0,0,8,10,4,1,0,0,3,1,0,3,3,0,13,14,17,18,10,33,10,4,8,19,21,,28.4,41.7,15,14,61.1,67.1,110.1,107.9,164,273,2,2,0,0,2.69,4.56,2.45,A,0,3
123,2019-20,2019-11-04,11,16:30,Craven Cottage,22605,Thomas Bramall,Overcast,9.0,N/A,League,Fulham,Luton Town,Marco Silva,Rob Edwards,4-2-3-1,3-5-2,BALANCED,defense,average,bad,1,0,3,0,9+1;12;77,none,17,15,9,4,52.9,26.7,3.53,0.1,-0.53,-0.1,51.1,48.9,477,636,84.7,74.6,20,38,?,8,2,0,18,13,0,0,1,0,1,0,8,N/A,3,2,0,0,1,3,4,6,0,3,20,23,10,,32,15,7,5,24,8,19,4,,17.5,6,9,60.6,48.4,108.8,107.0,164,267,2,4,2,1,2.24,4.43,3.05,H,,0
1265,2022-23,2022-10-31,12,12:30,Anfield,60538,Chris Kavanagh,Rainy,19.1,,Cup,Liverpool,Aston Villa,Jurgen Klopp,Unai Emery,4-2-3-1,4-3-3,attack,ATTACK,good,good,0,0,0,0,none,none,11,N/A,6,3,54.5,23.1,0.1,0.1,-0.1,-,57.0,43.0,333,318,87.1,85.9,76,35,9,9,0,0,21,12,0,0,0,0,0,0,16,10,3,3,0,0,2,4,3,6,0,0,11,24,16,12,21,29,7,2,17,12,6,11,##,17.4,6,7,56.1,51.2,110.7,,180,263,4,3,2,0,2.81,N/A,2.88,D,1,
2091,2021-22,2021-10-28,9,16:30,Bramall Lane,24921,Stuart Attwell,,nan,76,Relegation 6-pointer,Sheffield United,Tottenham,Chris Wilder,Ange Postecoglou,4-4-2,4-3-3,defense,attack,average,good,2,3,2,3,32;55,6;11+2;53,12,6,7,4,58.3,66.7,2.17,4.12,,-1.12,32.2,67.8,495,441,78.2,,71,28,11,,0,0,19,7,1,0,0,,0,0,12,12,2,3,0,0,3,5,1,5,3,,,15,14,16,40,18,10,6,19,19,6,15,20.4,38.4,18,15,58.5,42.4,112.8,98.3,177,196,1,2,2,0,3.34,4.06,2.2,A,0,3
1500,2022-23,20/04/2023,11,17:30,Kenilworth Road,8771,Stuart Attwell,Foggy,6.3,72,League,Luton Town,Nottm Forest,Rob Edwards,Nuno Espirito Santo,4-2-3-1,4-3-2-1,defense,defense,avg,average,1,1,4,1,8;25;31;58,,17,16,6,1,35.3,6.2,3.87,0.83,,0.17,39.5,60.5,410,492,N/A,76.5,21,34,3,7,2,1,6,7,1,0,0,0,0,0,8,12,2,2,1,0,0,5,0,2,1,4,14,13,11,8,28,16,N/A,2,13,14,19,16,23.7,38.8,7,9,62.8,47.3,112.2,105.4,204,233,5,4,0,0,3.27,4.16,2.21,H,3,0
715,2020-21,2021-05-10,22,16:30,Craven Cottage,,David Coote,Foggy,6.1,74,Relegation 6-pointer,Fulham,West Ham,Marco Silva,,4-1-4-1,4-3-2-1,balanced,defense,bad,good,2,2,4,2,9;43;54;73,54;54,20,9,4,3,20.0,33.3,5.3,2.26,-1.3,-0.26,42.7,57.3,569,292,83.6,85.3,24,73,N/A,2,0,1,14,7,0,0,1,0,1,0,16,7,2,1,,0,2,4,1,0,2,4,28,23,5,17,32,13,8,4,21,18,12,21,21.1,18.5,15,16,50.2,43.6,109.4,106.4,247,184,1,3,0,0,2.14,8.94,2.37,H,3,0
906,2021-22,2021-11-27,17,20:00,Emirates Stadium,46239,Robert Jones,Overcast,1.0,56,League,Arsenal,Bournemouth,,,4-2-3-1,3-4-3,attack,attk,average,average,0,1,3,2,6;20;86,49;79,15,16,7,8,46.7,50.0,3.96,2.49,-0.96,-0.49,61.0,39.0,,575,nan,,33,19,8,3,,1,12,6,0,0,1,1,1,1,19,14,2,2,0,0,0,2,6,4,2,3,20,19,16,16,27,34,2,6,18,13,16,,27.7,26.3,6,17,72.5,55.3,100.4,106.2,253,156,1,2,0,0,1.95,5.1,3.42,H,N/A,0
1060,2021-22,2022-03-13,31,15:00,Turf Moor,,Paul Tierney,Light Rain,17.9,79,Derby,Burnley,Fulham,Vincent Kompany,Marco Silva,4-3-2-1,5-4-1,defense,balanced,avg,good,0,0,1,3,45,17;18;47,20,13,7,4,35.0,30.8,1.33,3.42,-0.33,-0.42,41.5,58.5,677,309,76.1,81.8,26,74,10,1,0,1,14,14,0,0,2,0,1,0,,15,1,3,0,N/A,0,5,1,6,3,,13,21,20,6,24,8,11,4,9,9,12,10,42.3,18.6,,13,42.1,45.8,115.0,103.6,222,233,3,4,1,0,,2.88,2.94,A,0,3
821,2021-22,2021-09-26,20,19:45,Kenilworth Road,9790,Paul Tierney,,0.9,84,League,Luton Town,Nottm Forest,Rob Edwards,Nuno Espirito Santo,4-3-3,4-3-2-1,defense,defense,bad,bad,0,2,1,5,33,12;49;56;61;86+3,16,12,5,5,,41.7,0.87,4.73,0.13,0.27,47.6,52.4,335,530,,78.1,69,52,3,7,1,0,21,17,0,0,0,0,0,0,7,12,1,3,0,0,1,0,0,4,5,1,27,26,9,6,30,,9,,15,8,16,13,30.0,19.1,5,15,60.2,53.5,107.4,108.7,176,208,3,3,0,0,,4.79,2.63,A,0,3
229,2019-20,19/01/2020,17,17:30,Selhurst Park,23370,Chris Kavanagh,Light Rain,2.7,48,League,Crystal Palace,Manchester United,Oliver Glasner,Erik ten Hag,4-1-4-1,4-4-2,defense,balanced,bad,average,1,0,4,1,27;27;50;59,44,16,14,10,1,62.5,7.1,3.02,1.2,0.98,-0.2,37.6,62.4,639,605,75.8,80.3,47,29,2,1,0,1,,10,0,0,1,0,1,0,18,11,3,1,0,0,2,0,0,6,1,4,25,26,5,10,27,26,10,2,10,9,13,5,18.1,41.2,15,18,46.7,60.4,108.2,,291,199,0,6,0,0,2.36,5.9,2.46,H,3,0
1399,2022-23,2023-02-07,20,17:30,Goodison Park,33465,Stuart Attwell,Foggy,6.2,66,Cup,Everton,Luton Town,Sean Dyche,Rob Edwards,4-4-2,4-4-2,defense,defense,avg,bad,1,?,2,1,52;53+4,61,10,6,6,3,60.0,50.0,1.86,1.23,0.14,-0.23,50.6,49.4,367,385,84.2,77.8,49,56,5,,1,0,8,?,1,nan,1,0,1,0,14,10,1,1,0,0,1,3,2,4,1,2,21,24,5,5,28,29,5,2,8,12,5,5,40.8,31.4,7,,50.9,56.4,99.9,108.9,272,,2,2,1,0,1.95,6.11,3.09,H,?,0
82,2019-20,2019-10-03,28,15:00,Selhurst Park,N/A,Thomas Bramall,Light Rain,12.9,55,Title race,Crystal Palace,Fulham,Oliver Glasner,Marco Silva,3-4-3,5-4-1,defense,,average,average,1,0,1,0,71,none,11,12,7,7,63.6,58.3,1.4,0.1,-0.4,-0.1,48.3,51.7,504,562,83.8,76.7,49,23,2,2,1,0,8,7,0,0,0,0,0,0,16,7,1,3,0,0,0,4,7,6,0,1,26,,5,9,31,26,7,2,6,16,10,12,37.8,38.3,17,8,65.1,51.0,-,101.9,185,254,3,3,0,0,2.65,3.4,3.04,H,3,0
1841,2023-24,2024-03-23,23,19:45,Kenilworth Road,8892,Jarred Gillett,Sunny,4.1,74,League,Luton Town,Sheffield United,Rob Edwards,Chris Wilder,3-4-3,3-5-2,defense,defense,bad,good,0,2,1,2,80,5;28+3,nan,9,7,2,58.3,22.2,0.98,2.42,0.02,-0.42,54.0,46.0,339,637,73.3,74.4,70,34,8,1,1,1,13,,nan,,0,0,0,,7,17,1,1,,0,4,2,0,6,2,1,28,,5,9,11,9,5,3,9,15,,9,23.2,16.5,8,5,54.2,54.3,105.5,101.4,253,152,4,3,3,1,2.39,4.08,2.97,A,0,3
1802,2023-24,2024-02-27,25,19:45,Turf Moor,18757,Paul Tierney,Windy,17.7,49,Relegation 6-pointer,Burnley,Luton Town,Vincent Kompany,Rob Edwards,4-2-3-1,5-4-1,defense,defense,good,average,2,1,2,1,43;69+5,48,13,,5,1,38.5,5.9,2.12,0.77,-0.12,0.23,43.5,56.5,567,313,71.8,75.0,32,48,10,1,2,0,22,18,0,0,0,0,0,0,12,15,4,3,0,0,3,0,0,3,1,2,14,26,20,10,33,21,11,10,23,9,12,19,36.7,17.2,19,8,65.2,60.8,118.3,107.1,223,251,2,3,0,0,3.05,3.42,2.63,H,,0
1208,2022-23,2022-09-21,13,20:00,Villa Park,null,Thomas Bramall,Light Rain,7.7,40,League,Aston Villa,Everton,Unai Emery,Sean Dyche,4-4-2,3-4-3,attack,defense,good,average,3,1,3,1,16;29;62,82,15,16,4,5,26.7,31.2,4.23,0.92,-1.23,0.08,56.9,43.1,458,358,79.5,78.1,64,41,10,1,0,1,6,19,1,1,0,N/A,0,0,19,13,2,2,0,0,2,5,4,1,1,3,18,13,8,18,35,14,5,2,7,15,18,?,?,25.4,20,6,,43.8,108.6,109.5,249,156,2,4,1,0,2.05,6.37,2.82,H,3,0
161,2019-20,2019-11-27,34,19:45,St. James' Park,42952,Thomas Bramall,Sunny,15.9,59,League,Newcastle,West Ham,Eddie Howe,David Moyes,3-4-3,4-2-3-1,defense,defense,bad,bad,1,0,1,,76+3,none,,15,9,6,75.0,40.0,0.66,0.1,,-0.1,54.1,45.9,350,618,86.0,80.5,69,68,6,1,1,0,10,20,0,0,0,0,0,0,20,16,2,0,0,1,1,3,6,8,0,1,24,28,5,7,38,10,6,2,7,19,20,10,27.1,38.4,10,8,,64.9,103.9,108.3,218,160,2,0,1,0,2.76,3.57,2.8,H,3,0
259,2019-20,2020-02-06,5,16:30,Goodison Park,36603,Thomas Bramall,Overcast,8.7,71,League,Everton,Sheffield United,Sean Dyche,Chris Wilder,4-3-2-1,4-1-4-1,defense,def,bad,average,2,0,2,0,44;90,none,10,13,2,6,,46.2,2.61,0.1,-0.61,,52.9,47.1,645,339,79.3,71.0,64,72,2,1,1,0,9,10,0,0,0,0,0,N/A,17,11,4,3,0,0,3,0,6,0,,2,15,15,14,13,23,9,10,9,23,6,12,21,32.6,28.1,?,8,74.8,51.3,106.7,114.0,150,238,2,6,2,1,2.18,4.47,3.15,H,3,0
1562,2023-24,2023-09-08,4,15:00,Vitality Stadium,10239,John Brooks,Light Rain,14.1,63,Relegation 6-pointer,Bournemouth,Liverpool,Andoni Iraola,Jurgen Klopp,4-4-2,4-2-3-1,attack,attack,average,average,0,2,2,2,32;34,46;86,15,15,8,8,N/A,53.3,2.65,2.8,-0.65,-0.8,,55.1,539,486,75.8,84.4,56,71,3,3,1,0,20,16,0,1,0,1,0,0,,17,2,1,0,0,2,,6,6,2,2,16,14,8,15,40,17,10,10,18,11,15,22,22.6,43.2,19,8,53.3,41.5,107.2,103.7,169,256,2,5,,1,3.07,4.52,2.21,D,1,1
1701,2023-24,2023-12-17,23,15:00,Tottenham Hotspur Stadium,49097,Thomas Bramall,Cloudy,8.8,83,Relegation 6-pointer,Tottenham,Nottm Forest,Ange Postecoglou,Nuno Espirito Santo,3-4-3,3-5-2,attack,defense,average,good,0,0,2,0,23;30,none,17,6,10,,58.8,83.3,1.64,0.1,0.36,nan,54.1,45.9,510,472,88.5,79.6,51,64,5,6,0,0,8,17,0,0,0,0,0,0,18,14,2,3,0,0,1,1,5,8,0,,23,16,7,17,40,38,11,2,6,nan,N/A,21,-,41.9,13,14,64.1,,106.5,113.0,,285,3,2,0,0,,4.94,2.89,H,3,0
937,2021-22,2021-12-14,8,12:30,Kenilworth Road,8909,Simon Hooper,Overcast,11.5,41,League,Luton Town,Everton,Rob Edwards,Sean Dyche,,4-4-2,defense,defense,avg,good,0,0,0,1,none,3,20,10,8,8,40.0,80.0,0.4,1.0,,0.0,null,59.7,634,443,76.1,79.9,61,36,6,8,0,1,17,7,0,1,0,,0,0,18,6,2,0,0,0,,0,7,8,1,0,27,14,?,10,11,23,6,10,7,18,11,16,35.6,24.3,14,4,72.1,40.4,107.6,110.5,275,209,,2,0,0,2.76,3.19,3.09,A,0,3
486,2020-21,2020-11-23,14,14:05,Old Trafford,69924,Stuart Attwell,Light Rain,11.2,89,Cup,Manchester United,Sheffield United,Erik ten Hag,Chris Wilder,3-5-2,4-3-2-1,balanced,defense,bad,average,0,1,nan,2,15;34;52;68,38;39,17,14,10,1,58.8,7.1,4.62,2.12,nan,-0.12,68.3,31.7,536,577,86.8,77.3,nan,37,7,3,1,0,15,20,0,0,1,1,1,1,12,18,,4,0,0,1,3,0,6,2,4,15,25,18,10,14,,11,6,24,16,6,17,31.8,21.2,15,14,66.9,61.9,,105.9,295,161,5,5,2,1,1.9,5.44,3.44,H,3,0
1785,2023-24,2024-02-17,21,20:00,Stamford Bridge,30880,David Coote,Sunny,10.6,64,League,Chelsea,Arsenal,Mauricio Pochettino,Mikel Arteta,4-3-2-1,4-4-2,balanced,attack,avg,average,1,2,2,3,2;16,2;63;89,18,16,6,4,33.3,25.0,1.76,3.35,0.24,-0.35,52.8,47.2,316,279,82.3,85.2,79,22,5,9,0,0,19,17,0,nan,0,2,0,1,20,19,0,1,0,0,3,4,1,4,3,2,17,12,12,14,33,23,8,6,16,5,7,18,27.8,42.2,6,13,65.5,45.4,107.6,113.6,,170,1,1,1,1.0,2.52,3.65,3.04,A,0,3
1559,2023-24,2023-09-08,13,17:30,Selhurst Park,22155,Anthony Taylor,Windy,17.5,67,League,Crystal Palace,Newcastle,Oliver Glasner,Eddie Howe,4-1-4-1,4-3-3,defense,defense,average,average,0,0,1,1,7,55,13,17,,6,76.9,35.3,1.14,1.09,-0.14,,49.7,50.3,,451,null,87.9,61,,10,3,0,1,7,20,0,0,1,1,1,0,17,13,3,3,0,0,1,5,5,9,1,1,14,15,16,14,37,11,10,9,15,18,8,16,44.7,37.8,nan,15,68.9,,105.3,112.3,N/A,191,4,3,2,1,2.43,5.51,2.45,D,1,1
7,2019-20,2019-08-14,11,15:00,Amex Stadium,26978,Thomas Bramall,Rainy,2.5,62,League,Brighton,Brentford,Roberto De Zerbi,Thomas Frank,4-3-2-1,4-4-2,balanced,attack,average,average,0,0,2,0,29;75,none,18,13,8,6,44.4,46.2,1.58,0.46,0.42,-0.46,48.8,51.2,658,300,88.1,79.1,36,35,8,3,1,0,21,19,0,0,0,0,0,0,19,8,3,1,0,0,0,0,6,6,0,2,16,26,16,6,27,14,9,10,23,19,5,15,30.7,27.3,19,7,74.7,,null,106.2,241,154,2,6,3,,2.5,3.05,3.67,H,3,0
11,2019-20,2019-08-17,37,15:00,Etihad Stadium,47036,Thomas Bramall,Light Rain,11.4,59,League,Manchester City,Aston Villa,Pep Guardiola,Unai Emery,5-4-1,3-4-3,defense,attack,average,bad,1,3,4,3,56;67;69;69,46+3;56;58,18,8,N/A,5,,62.5,4.39,2.72,-0.39,0.28,62.1,37.9,565,298,93.9,86.2,40,31,9,5,2,2,10,18,1,0,,0,1,0,15,8,2,3,0,0,3,3,2,N/A,3,4,26,nan,17,15,35,31,9,8,15,5,19,13,20.5,24.1,9,10,60.1,58.6,115.7,111.7,232,202,3,3,0,0,1.98,8.69,2.63,H,3,0
826,2021-22,2021-10-01,32,15:00,London Stadium,61781,Anthony Taylor,Light Rain,18.3,,League,West Ham,Newcastle,David Moyes,Eddie Howe,4-1-4-1,4-3-2-1,defense,defense,bad,average,0,0,2,2,16;24,3;28,15,16,,8,20.0,50.0,1.28,2.37,0.72,,41.9,58.1,671,504,81.9,84.1,71,36,11,4,2,1,22,17,N/A,0,0,0,0,0,20,18,2,1,0,0,1,4,6,1,2,2,30,14,9,5,22,25,11,10,13,11,11,5,31.7,40.0,9,12,69.3,48.2,115.1,101.0,282,262,3,4,1,0,,4.47,2.28,D,1,1
1867,2023-24,2024-04-13,29,19:45,Anfield,61258,Paul Tierney,Rainy,10.7,81,League,Liverpool,Wolves,Jurgen Klopp,Gary O'Neil,4-3-2-1,3-4-3,attack,defense,bad,avg,1,0,2,0,6;86,none,15,10,6,4,40.0,40.0,1.84,0.12,0.16,-0.12,52.4,47.6,624,599,85.1,79.5,43,32,,1,1,0,21,19,0,0,0,0,0,0,8.0,14,2,1,0,0,6,0,4,4,0,2,27,17,14,9,34,9,11,2,19,13,14,9,27.4,28.2,19,12,61.8,50.0,105.1,112.5,189,202,5,N/A,1,0,2.66,3.26,3.15,H,3,0
235,2019-20,2020-01-20,30,20:00,Craven Cottage,20981,Robert Jones,Cloudy,13.0,42,Cup,Fulham,West Ham,Marco Silva,David Moyes,4-4-2,3-4-3,balanced,defense,average,avg,2,2,2,5,74;82,1;2;7;52;68,8,11,6,3,75.0,27.3,2.4,6.06,-0.4,-1.06,44.4,,595,551,76.2,80.2,71,61,8,7,0,0,7,nan,0,0,0,2,0,2,18,N/A,0,4,0,0,2,,,4,5,2,12,24,20,5,21,16,10,6,17,6,nan,10,27.0,22.1,11,18,42.5,56.7,102.4,111.1,286,158,3,0,1,1,3.14,2.68,3.24,A,0,3
1417,2022-23,2023-02-20,4,19:45,Goodison Park,33179,Paul Tierney,Rainy,19.1,67,Title race,Everton,West Ham,Sean Dyche,David Moyes,5-4-1,4-3-3,defense,defense,average,good,1,0,1,0,55,,12,9,4,2,33.3,22.2,,0.11,0.22,-0.11,50.7,49.3,574,459,84.1,83.1,23,40,9,7,1,0,20,13,nan,0,1,0,0,0,20,14,1,3,0,0,2,1,,,0,1,16,25,20,16,12,24,7,9,13,21,,5,18.0,30.2,9,16,71.0,71.1,120.2,107.0,298,192,2,3,0,0,3.17,3.18,2.7,H,3,0
1306,2022-23,2022-11-27,9,15:00,Amex Stadium,30259,Robert Jones,Rainy,11.7,81,Derby,Brighton,Chelsea,Roberto De Zerbi,Mauricio Pochettino,4-1-4-1,3-5-2,balanced,balanced,bad,bad,1,1,3,3,4;32;85,54+3;72;74+2,20,16,-1,3,15.0,18.8,3.23,2.81,-0.23,0.19,40.8%,59.2,495,522,83.1,85.7,66,62,10,8,2,1,17,14,0,0,0,0,0,0,8,11,1,4,0,0,6,4,0,0,3,3,22,23,10,11,19,22,9,8,24,15,12,6,23.6,37.1,9,6,73.9,59.6,112.7,108.6,194,158,1,,2,2,2.73,3.14,3.18,D,1,1
376,2019-20,2020-04-30,10,17:30,Emirates Stadium,49181,Jarred Gillett,Windy,9.4,68,Relegation 6-pointer,Arsenal,Newcastle,Mikel Arteta,Eddie Howe,4-3-2-1,4-3-3,balanced,defense,bad,average,1,0,2,1,17;30,12,8,7,,6,50.0,85.7,2.16,0.65,-0.16,0.35,47.6,52.4,463,439,,85.7,nan,62,4,6,2,0,8,15,,nan,0,1,0,1,20,12,1,1,0,0,6,4,5,2,1,2,16,20,19,18,15,14,4,7,5,21,22,19,30.7,42.9,18,17,,56.7,113.6,113.3,233,268,5,2,3,0,2.15,7.01,2.55,H,3,0
1727,2023-24,07/01/2024,26,19:45,Tottenham Hotspur Stadium,62369,Simon Hooper,Clear,0.5,69,Top 4 battle,Tottenham,Bournemouth,Ange Postecoglou,Andoni Iraola,3-5-2,4-3-2-1,attack,attack,bad,bad,,0,,0,13;39;60,none,9,6,3,1,33.3,16.7,2.26,0.14,0.74,-0.14,65.8,34.2,611,301,85.7,##,37,31,11,5,1,0,11,16,0,0,0,0,0,0,17,7,0,2,0,0,1,2,1,0,0,3,19,13,15,7,16,25,12,7,18,8,23,7,27.5,38.1,16,13,74.4,44.7,105.6,102.5,198,190,4,5,2,0,2.27,3.47,,H,3,0
1719,2023-24,2023-12-26,27,20:00,Gtech Community Stadium,15475,Simon Hooper,Sunny,14.7,63,League,Brentford,Chelsea,Thomas Frank,Mauricio Pochettino,3-5-2,3-4-3,attack,balanced,good,,0,1,0,2,none,50;52+2,13,12,10,4,76.9,33.3,0.1,1.45,-0.1,0.55,38.8,61.2,444,608,79.6,84.4,40,43,4,7,0,1,,15,0,1,0,1,0,1,8,9,3,2,1,0,2,4,2,10,2,0,12,20,5,11,22,9,11,2,21,6,,7,21.0,19.9,7,8,48.8,64.3,107.3,104.6,296,160,2,1,0,0,2.7,3.73x,2.77,A,0,3
1682,2023-24,2023-12-03,22,15:00,Amex Stadium,29375,Stuart Attwell,,16.7,52,League,Brighton,Sheffield United,Roberto De Zerbi,Chris Wilder,4-3-2-1,4-4-2,balanced,defense,bad,average,1,2,1,2,4,62;85,12,7.0,4,2,33.3,,nan,1.64,,0.36,56.6,43.4,457,351,81.5,70.6,48,60,,9,0,1,11,17,0,0,0,0,,0,12,17,1,4,0,0,2,3,0,3,2,nan,10,16,8,9,33,28,5,6,,16,5,9,28.3,42.0,11,14,47.7,41.1,102.4,103.0,241,271,2,2,0,0,1.79,5.79,3.73,A,0,3
94,2019-20,2019-10-14,35,19:45,Stamford Bridge,40203,Michael Oliver,Sunny,-5.6,64,League,Chelsea,Aston Villa,Mauricio Pochettino,Unai Emery,4-4-2,4-3-2-1,balanced,attack,good,,0,0,3,0,14;34;45+4,none,19,14,3,1,15.8,7.1,3.8,0.35,-0.8,-0.35,,,678,618,83.0,88.2,64,71,4,4,1,0,7,14,0,0,0,0,0,0,13,11,1,1,0,1,0,1,1,0,0,3,28,27,-20,12,nan,19,N/A,9,16,22,18,8,34.1,28.5,10,10,71.1,41.3,113.1,105.0,266,230,1,2,1,,2.09,5.15,3.06,H,3,0
2015,2022-23,2022-11-11,25,12:30,Goodison Park,36639,Andy Madley,Clear,5.9,78,Cup,Everton,Burnley,Sean Dyche,Vincent Kompany,4-4-2,4-4-2,defense,defense,good,average,1,1,2,1,2;77,40,,11,8,2,80.0,18.2,1.51,1.19,0.49,-0.19,54.8,45.2,612,,78.3,72.9,49,58,4,8,2,1,8,15,1,0,0,0,0,,7,17,4,1,0,0,3,2,1,6,1,2,22,28,20,13,20,34,6,2,7,16,13,10,44.7,35.4,17,17,,70.3,107.6,99.5,172,?,1,2,2,0,2.25,5.33,2.71,H,3,0
1239,2022-23,2022-10-16,37,12:30,Old Trafford,71176,David Coote,Sunny,13.9,,League,Manchester United,Burnley,Erik ten Hag,Vincent Kompany,4-2-3-1,3-4-3,balanced,defense,bad,good,1,0,3,1,21;29;70,51,19,14,8,3,42.1,21.4,2.37,0.52,0.63,0.48,55.9,44.1,523,594,85.0,75.4,55,53,7,4,,0,18,10,0,0,1,1,1,1,15,17,0,1,,0,1,1,2,,1,3,21,19,8,13,10,27,6,6,23,21,19,10,26.0,25.7,11,,69.6,62.0,101.7,108.7,278,190,3,5,1,0,1.86,5.17,3.73,H,,0
973,2021-22,07/01/2022,38,12:30,Villa Park,41735,Robert Jones,Overcast,5.4,76,League,Aston Villa,Nottm Forest,Unai Emery,Nuno Espirito Santo,4-1-4-1,4-3-2-1,attack,defense,good,avg,0,0,1,0.0,73,none,11,7,4,1,36.4,14.3,1.39,0.1,-0.39,-0.1,59.0,41.0,538,423,82.1,76.0,72,75,9,9,0,0,11,16,0,0,0,0,0,0,N/A,7,1,3,0,0,,5,1,3,0,1,30,26,6,5,13.0,29,5,,12,21,7,22,43.4,17.9,6,15,44.9,57.5,115.2,110.0,280,240,0,1,0,0,2.22,3.39,3.94,H,3,0
1970,2020-21,2020-12-31,14,20:00,Amex Stadium,28263,Anthony Taylor,Light Rain,0.3,94,Relegation 6-pointer,Brighton,Crystal Palace,Roberto De Zerbi,Oliver Glasner,4-3-2-1,4-2-3-1,balanced,DEFENSE,bad,good,0,0,2,2,7+1;31,19;67,8,16,2,5,25.0,31.2,1.76,2.39,0.24,-0.39,47.4,52.6,693,650,83.3,77.1,56,27,11,6,1,1,7,14,0,0,0,0,0,0,10,15,3,1,0,0,2,3,3,0,N/A,2,22,21,17,10,25,32,6,5,8,18,6,7,25.4,39.9,15,6,61.1,58.0,105.4,101.7,231,166,1,3,0,0,2.34,5.71,2.52,D,1,1
965,2021-22,2022-01-06,27,15:00,Kenilworth Road,8850,Jarred Gillett,,,50,League,Luton Town,Manchester City,Rob Edwards,Pep Guardiola,4-4-2,4_4_2,defense,balanced,good,bad,1,1,1,2,32,40+1;89,,6,5,6,26.3,100.0,0.69,2.04,0.31,-0.04,24.1,75.9,689,429,,87.3,66,70,8,3,1,1,7,15,1,0,0,0,0,0,12,17,4,3,0,0,2,3,4,4,2,1,25,-18,19,12,25,34,5,5,9,8,9,14,20.8,40.1,16,11,68.0,53.6,109.1,108.9,161,142,2,4,1,1,3.52,3.38,2.38,A,0,3
1855,2023-24,2024-04-03,14,19:45,Etihad Stadium,45624,Jarred Gillett,Clear,23.2,67,Relegation 6-pointer,Manchester City,West Ham,Pep Guardiola,David Moyes,3-5-2,4-3-2-1,balanced,defense,good,bad,1,0,5,,11+3;28;48+4;77;85,null,9,16,5,2,55.6,12.5,3.53,0.1,1.47,-0.1,63.9,36.1,515,322,94.4,82.2,40,56,10,3,0,N/A,22,8,0,0,2,1,1,0,19,6,1,,0,1,5,1,2,0,0,5,18,15,17,13,26,23,5,6,17,nan,9,12,15.5,37.5,?,15,42.6,52.9,116.1,113.0,164,254,1,2,2,0,2.04,5.56,##,H,3,0
1052,2021-22,2022-03-05,34,19:45,Gtech Community Stadium,15549,Thomas Bramall,Windy,16.9,79,League,Brentford,Newcastle,Thomas Frank,Eddie Howe,3-4-3,4-4-2,attack,defense,average,bad,1,0,2,1,66;82,43,15,13,9,7,60.0,53.8,2.48,1.15,-0.48,-0.15,42.8,57.2,595,367,81.9,,34,44,5,7,1,,20,18,0,0,1,0,1,0,17,17,3,2,0,0,3,2,6,7,1,2,27,11,?,7,21,13,12,9,14,7,13,,18.0,40.7,14,6,72.5,66.0,107.0,101.0,229,230,2,1,0,0,2.59,4.43,2.57,H,3,0
1809,2023-24,2024-03-02,25,17:30,Selhurst Park,22076,Simon Hooper,Windy,21.0,85,League,Crystal Palace,Fulham,Oliver Glasner,Marco Silva,3-5-2,4-3-3,defense,balanced,bad,average,0,0,1,2,87+2,11;16,12,10,5,4,41.7,40.0,1.05,1.85,-0.05,0.15,56.3,43.7,599,540,83.8,84.5,43,20,-6,3,1,0,11,5,0,0,0,1,0,1,13,6,1,3,0,0,4,1,2,4,2,1,18,25,13,6,33,21,3,5,25,?,7,22,39.9,44.4,10,9,46.5,42.6,110.0,106.0,213,174,1,5,1,0,2.91,3.73,2.57,A,0,3
1871,2023-24,2024-04-13,8,19:45,Old Trafford,64321,Thomas Bramall,Rainy,17.8,60,Title race,Manchester United,Brighton,Erik ten Hag,Roberto De Zerbi,3-5-2,4-3-3,,balanced,avg,average,0,1,0,2,none,47;80+4,11,13,9,5,null,38.5,0.1,1.9,-0.1,0.1,54.8,45.2,684,274,88.6,81.8,55,64,5,7,0,1,10,15,0,0,0,1,0,1,N/A,12,1,3,0,0,6,0,3,9,2,0,17,17,13,18,11,15,4,7,24,7,12,17,27.7,40.8,,17,41.7,51.0,104.4,108.7,268,174,1,2,1,0,,nan,3.29,A,0,3
1390,2022-23,2023-01-30,34,17:30,Emirates Stadium,49778,Simon Hooper,Clear,12.1,-,League,Arsenal,Liverpool,Mikel Arteta,Jurgen Klopp,4-1-4-1,3-4-3,attack,attack,average,good,0,0,1,1,83,45,13,14,?,4,30.8,28.6,1.31,,,0.22,50.7,49.3,599,511,89.2,85.9,62,22,5,1,0,0,6,19,0,0,1,0,1,0,17,14,1,4,0,0,4,4,3,3,1,1,11,18,6,8,37,21,12,10,9,,16,13,35.5,24.2,5,13,,45.1,105.0,102.5,259,287,2,5,1,1,2.17,4.82,3.01,D,1,1
1896,2023-24,2024-05-05,7,16:30,Craven Cottage,19839,Andy Madley,Cloudy,?,76,Title race,Fulham,Brighton,Marco Silva,Roberto De Zerbi,3-4-3,3-5-2,balanced,balanced,good,average,3,0,3,0,7;27;35,none,19,16,7,8,36.8,50.0,3.49,0.22,,-0.22,38.6,61.4%,680,454,79.9,82.5,N/A,56,5,8,2,0,21,9,0,0,0,0,0,0,17,18,3,3.0,0,0,6,1,8,4,0,3,11,19,20,15,30,30,6,2,12,22,11,4,,38.8,13,13,50.3,57.3,104.5,105.9,262,276,2,1,3,0,2.74,,2.26,H,3,0
2032,2020-21,2020-11-16,18,19:45,Gtech Community Stadium,13337,Paul Tierney,Clear,23.9,91,Relegation 6-pointer,Brentford,Bournemouth,Thomas Frank,Andoni Iraola,5-4-1,5-4-1,attack,attack,average,avg,0,,2,0,46;90,none,8,15,,8,25.0,53.3,2.75,,-0.75,-0.41,53.5,46.5%,354,329,83.9,-,nan,45,5,3,2,0,13,12,0,0,1,0,0,0,20,8,4,2,1,0,6,2,8,0,0,2,,27,16,8,18,35,11,3,,16,14,11,37.1,22.2,19.0,,44.7,60.8,,103.2,222,157,0,5,0,0,2.3,4.37,2.97,H,3,0
638,2020-21,2021-03-14,27,19:45,Kenilworth Road,9544,Chris Kavanagh,Foggy,6.5,42,League,Luton Town,Arsenal,Rob Edwards,Mikel Arteta,3-4-3,5-4-1,defense,,average,bad,0,0,1,1,70,67,19,7,2,2,10.5,28.6,0.81,1.0,0.19,0.0,39.6,60.4,338,346,76.7,93.3,,56,2,9,0,0,13,20,0,0,1,0,1,0,19,6,,2,0,0,2,2,1,1,1,,10,23,20,6,25,21,11,4,6,14,10,15,18.7,43.1,20,15,71.8,55.4,112.9,104.8,237,286,1,3,3,0,2.7,5.81,2.18,D,1,1
173,2019-20,2019-12-06,12,15:00,Kenilworth Road,9614,Michael Oliver,Cloudy,7.0,47,League,Luton Town,Tottenham,Rob Edwards,Ange Postecoglou,5-4-1,4-2-3-1,defense,,good,average,0,0,0,1,none,23,12,12,2,1,16.7,8.3,0.1,,,,37.8,62.2,392,428,75.1,89.3,45,64,,3,0,1,7,19,0,0,0.0,0,0,0,14,12,nan,3,0,0,4,1,0,2,1,0,30,11,17,11,25,,-7,10,8,7,22,5,43.3,37.2,9,10,58.4,45.8,108.9,108.7,197,193,1,3,1,0,2.57,N/A,2.25,A,0,3
1840,2023-24,2024-03-21,10,15:00,London Stadium,50264,David Coote,Clear,12.6,85,Top 4 battle,West Ham,Luton Town,David Moyes,Rob Edwards,5-4-1,3-5-2,defense,defense,average,average,0,1,2,2,49;74+1,70;85,18,9,8,7,44.4,77.8,2.6,1.53,,0.47,66.1,33.9,370,510,79.0,75.1,75,60,11,1,0,0,13,13,1,1,1,1,1,1,16,8,4,nan,0,0,5,1,5,,2,2,25,27,19,9,14,11,2,8,20,11,22,4,16.9,28.9,-12,13,69.4,52.0,109.0,105.6,158,187,3,7,1,1,,5.03,3.46,D,1,1
1091,2021-22,2022-04-04,6,19:45,Bramall Lane,31048,Chris Kavanagh,Overcast,12.5,,League,Sheffield United,West Ham,Chris Wilder,David Moyes,5-4-1,5-4-1,defense,defense,good,bad,0,0,1,0,35,none,14,6,7,1,50.0,16.7,null,0.49,-0.01,-0.49,30.9,69.1,596,471,73.8,86.0,28,30,4,5,0,0,12,12,,0,,0,0,0,13,20,4,2,,0,2,2,1,6,0,1,26,16,10,17,30,28,12,3,17,11,16,7,19.1,33.7,16,16,60.1,44.4,108.8,105.9,250,202,1,5,0,0,3.52,4.12,2.11,H,3,0
1979,2019-20,2019-12-12,9,19:45,Etihad Stadium,46164,Michael Oliver,Sunny,2.8,47,Derby,Manchester City,Everton,Pep Guardiola,Sean Dyche,4-4-2,3-5-2,balanced,defense,bad,good,1,0,3,nan,24;31;41,61,19,6,10,4,52.6,66.7,2.55,0.87,0.45,0.13,63.4,,657,415,91.4,76.7,65,70,9,8,1,0,16,10,2,1,1,0,1,0,14,16,1,1,,0,4,4,3,7,1,3,17,25,12,12,12,19,9,2,nan,9,,,16.0,40.6,20,14,53.7,52.3,102.6,113.0,,158,0,6,1,0,##,5.07,3.46,H,,nan
236,2019-20,2020-01-19,20,19:45,Anfield,49942,John Brooks,Rainy,23.9,49,Cup,Liverpool,Aston Villa,Jurgen Klopp,Unai Emery,4-4-2,5-4-1,attack,attack,,average,0,1,2,2,5;46,15;73+1,9,8,9,6,,75.0,2.39,2.46,-0.39,-0.46,57.1,42.9,311,327,,81.3,40,68,10,8,1,0,16,13,0,0,1,1,1,1,7,18,1,0,0,,4,2,4,7,2,2,30,20,6,9,40,15,5,2,10,6,6,12,25.2,?,9,7,43.6,52.4,108.7,107.6,200,167,5,4,2,0,1.99,4.8,3.45,D,1,1
1229,2022-23,2022-10-03,22,12:30,St. James' Park,,Robert Jones,Foggy,28.9,61,Title race,Newcastle,Wolves,Eddie Howe,Gary O'Neil,5-4-1,4-1-4-1,defense,defense,,bad,?,0,2,0,35;44,none,16,15,3,5,18.8,33.3,1.78,0.23,0.22,-0.23,49.3,50.7,500,462,83.1,81.3,37,33,5,8,0,0,11,10,0,0,1,0,0,0,11,20,1,3,0,0,3,2,5,1,0,2,13,19,12,?,28,37,10,3,13,21,21,13,24.7,25.4,12,6,53.8,69.1,103.9,null,157,199,1,3,0,0,2.44,4.85,2.6,H,3,0
2024,2022-23,2023-05-05,37,19:45,Selhurst Park,19120,Chris Kavanagh,Clear,4.3,92,Relegation 6-pointer,Crystal Palace,Manchester United,Oliver Glasner,Erik ten Hag,4-2-3-1,5-4-1,defense,balanced,bad,average,2,1,2,2,41;53,12;55,9,6,8,6,88.9,100.0,2.49,2.06,-0.49,-0.06,,59.8,401,600,81.9,86.6,55,69,6,6,0,1,11,10,1,0,0,1,0,1,17,18,0,0,0,0,2,1,4,6,2,2,12,23,12,17,28,15,10,10,13,22,12,6,28.8,17.9,20,5,71.9,44.5,106.8,113.6,193,141,3,2,,1,2.76,3.26,3.02,D,1,1
822,2021-22,2021-09-28,25,14:05,Stamford Bridge,37606,John Brooks,Clear,3.0,89,League,Chelsea,Manchester City,Mauricio Pochettino,Pep Guardiola,4-1-4-1,3-5-2,balanced,balanced,,bad,0,1,,3,9,39;41;85+1,14,6,9,5,64.3,83.3,1.71,3.74,-0.71,-0.74,48.2,51.8,480,606,82.6,96.3,69,32,4,9,0,0,10,18,0,0,0,1,0,1,11,N/A,3,2,0,0,5,,,8,3,1,15,14,10,13,26,21,9,3,17,21,18,22,19.1,23.0,11,14,65.6,58.9,106.2,106.9,295,147,2,4,,,2.52,4.14,2.76,A,0,3
805,2021-22,2021-09-13,23,15:00,Kenilworth Road,8940,John Brooks,Overcast,8.1,89,Top 4 battle,Luton Town,Brighton,Rob Edwards,Roberto De Zerbi,4-1-4-1,4-3-3,defense,balanced,avg,average,0,1,2,2,9;27,12;15,10,6,8,3,80.0,-,2.2,1.92,-0.2,,38.4%,61.6,377,341,75.3,79.6,33,37,9,5,0,0,17,12,0.0,0,2,0,2,N/A,18,12,1,1,0,0,,4,1,6,2,2,13,,9,13,17,8,7,3,24,19,17,12,29.1,,17,14,45.2,43.8,103.6,111.6,236,,,5,0,0,3.78,3.72,2.14,D,1,1
444,2020-21,2020-10-23,17,14:05,Emirates Stadium,51557,Robert Jones,Light Rain,21.4,89,Relegation 6-pointer,Arsenal,West Ham,Mikel Arteta,David Moyes,4-2-3-1,4-3-2-1,attack,attack,poor,Good,0,1,1,1,30+5,76,20,6,4,5,20.0,83.3,0.71,1.17,0.29,-0.17,60.6%,39.4,619,532,,79.0,55,69,9,7,,0,,15,0,1,0,0,0,0,14,7,3,1,0,0,0,3,4,3,1,1,,,11,10,25,28,2,5,19,10,5,12,19.5,19.7,17,5,##,53.8,112.3,102.4,299,228,2,2,2,1.0,2.17,,2.62,D,1,1
2099,2020-21,2021-02-17,9,14:05,Emirates Stadium,57465,Thomas Bramall,Light Rain,nan,92,Derby,Arsenal,Everton,Mikel Arteta,Sean Dyche,4-2-3-1,4-4-2,attack,defense,good,average,1,2,2,2,44;83,21;72,11,6,2,3,18.2,50.0,1.72,2.6,0.28,-0.6,57.6,42.4,640,?,90.8,80.5,26,34,10,3,2,2,13,19,0,0,0,0,0,0,13,7,3,2,0,0,1,5,1,0,2,2,18,18,15,9,16,13,6,2,14,5,7,,21.2,31.9,8,12,40.8,56.6,105.5,105.6,218,231,4,3,0,0,1.86,6.33,3.29,D,1,1
1037,2021-22,2022-02-23,3,16:30,Selhurst Park,24919,John Brooks,Clear,15.3,47,Relegation 6-pointer,Crystal Palace,Aston Villa,Oliver Glasner,Unai Emery,4-3-2-1,4-3-3,defense,attack,average,good,0,0,1,1,19,64,10,11,6,1,60.0,9.1,0.69,0.72,0.31,0.28,48.0,52.0,397,315,82.5,nan,72,31,3,5,0,1,,9,1,1,0,0,0,0,8,17,3,2,1,0,4,1,0,5,1,1,17,18,10,12,10,22,11,,8,17,7,17,23.1,16.8,9,12,,51.5,107.2,104.6,173,213,1,0,1,1,2.34,5.65,2.52,D,1,1
1295,2022-23,2022-11-21,24,14:05,Etihad Stadium,48624,Jarred Gillett,Cloudy,,62,Relegation 6-pointer,Manchester City,Arsenal,Pep Guardiola,Mikel Arteta,,4_3_2_1,,attack,good,bad,1,0,1,1,16,19,14,10,10,3,71.4,30.0,0.69,1.23,0.31,-0.23,54.7,45.3,446,455,88.4,86.3,55,65,5,9,0,1,10,10,0,0,0,0,0,0,6,14,,1,0,0,3,2,2,9,1,1,13,11,10,13,12,17,2,3,20,19,21,6,16.8,?,18,5,53.6,63.6,100.3,104.2,,274,5,4,2,1,2.09,7.84,2.54,D,1,N/A
208,2019-20,2020-01-05,30,14:05,St. James' Park,50534,Chris Kavanagh,Clear,10.6,82,League,Newcastle,Liverpool,Eddie Howe,Jurgen Klopp,4-2-3-1,3-4-3,defense,attack,good,bad,2,0,3,1,26;54;56,65,13,9,8,5,61.5,55.6,2.95,0.5,N/A,0.5,47.9,52.1,540,349,83.5,93.6,41,58,6,3,1,1,20,18,0,0,0,0,0,0,13,14,1,1,0,0,0,0,4,5,1,3,14,11,13,9,16,26,7,,12,15,11,14,36.5,##,9,8,null,47.8,104.5,109.2,253,174,1,4,1,0,2.77,,2.31,H,3,0
673,2020-21,2021-04-10,33,14:05,London Stadium,49225,Andy Madley,Windy,12.6,41,Top 4 battle,West Ham,Brighton,David Moyes,Roberto De Zerbi,4-2-3-1,4-2-3-1,defense,balanced,average,average,1,,2,2,54;69+2,58;74,,10,10,5,71.4,50.0,2.29,2.36,-0.29,-0.36,46.5,53.5,555,578,84.9,79.6,63,49,2,3,-1,0,9,16,0,0,0,1,0,1,20,-12,3,3,0,0,4,1,3,8,2,2,17,12,20,12,13,18,12,2,10,17,20,12,28.8,39.3,11,4,46.8,44.8,109.5,114.8,189,233,3,3,2,0,2.89,3.52,2.7,D,1,1
313,2019-20,2020-03-15,30,15:00,London Stadium,47414,Anthony Taylor,Windy,8.8,94,Title race,West Ham,Nottm Forest,David Moyes,Nuno Espirito Santo,5-4-1,4-3-3,defense,defense,good,Good,2,1,2,2,5;43,17;19,14,8,6,8,-,?,2.48,1.62,-0.48,##,51.0,49.0,656,348,82.7,80.2,38,69,3,,0,1,15,16,0,0,0,0,0,0,19,19,0,2,0,0,4,1,6,N/A,2,2,29,16,16,,35,20,5,6,14,22,24,22,40.6,39.7,8,16,41.6,51.1,107.9,108.3,273,251,4,4,1,1,2.4,4.08,2.95,D,1,1
347,2019-20,2020-04-12,37,14:05,Emirates Stadium,53951,Paul Tierney,Foggy,,53,Relegation 6-pointer,Arsenal,Brighton,Mikel Arteta,Roberto De Zerbi,4-4-2,4-4-2,attack,balanced,average,average,1,0,3,0,26;41;75+4,none,10,12,7,6,70.0,50.0,3.02,0.1,-0.02,-0.1,51.7,?,646,529,86.7,79.6,32,55,8,,0,0,12,15,0,0,0,0,0,0,11,17,3,1,0,0,6,5,6,4,0,3,30,16,5,6,32,23,11,7,13,21,19,12,24.1,19.7,15,8,41.8,48.4,107.1,103.9,190,158,3,3,3,1,2.36,3.77,3.21,H,3,0
1753,2023-24,2024-01-25,24,17:30,Stamford Bridge,,Anthony Taylor,Clear,3.0,51,Derby,Chelsea,Liverpool,Mauricio Pochettino,Jurgen Klopp,3-4-3,4-4-2,balanced,attack,good,bad,1,1,3,1,5;8+3;20,18,12,8,8,7,66.7,87.5,3.43,0.83,-0.43,0.17,52.5,47.5,590,372,90.3,,42,43,?,5,2,1,10,16,0,0,0,0,0,0,6,11,2,4,1,0,6,0,6,5,1,3,25,28,12,15,21,15,9,7,16,13,17,10,15.2,32.7,6,13,54.1,71.8,112.5,107.7x,187,215,2,0,0,0,,3.84,2.37,H,3,
42,2019-20,2019-09-08,21,12:30,Tottenham Hotspur Stadium,58766,Robert Jones,Cloudy,7.3,59,Top 4 battle,Tottenham,Chelsea,Ange Postecoglou,Mauricio Pochettino,4-3-2-1,4-1-4-1,attack,balanced,good,good,0,2,3,2,21;47;70,9;62,8,7,7,,87.5,28.6,2.99,2.92,0.01,-0.92,51.1,48.9,384,348,88.0,89.8,62,37,3,5,1,1,16,9,0,0,0,0,0,0,20,14,3,3,0,1,4,4,0,4,2,3,11,16,9,17,35,35,11,10,8,7,17,15,,17.4,10,16,74.4,57.3,109.1,110.8,233,205,1,4,0,0,2.8,3.57,2.76,H,3,0
467,2020-21,2020-11-10,24,15:00,Vitality Stadium,10634,Michael Oliver,Cloudy,10.7,51,Cup,Bournemouth,Brentford,Andoni Iraola,Thomas Frank,3-4-3,3-5-2,attack,attack,average,average,1,nan,2,3,,29;33;74+5,9,11,8,3,88.9,27.3,-,2.86,0.65,0.14,37.7,62.3,406,648,73.7,84.4,61,73,9,7,0,1,19,12,0,0,1,0,1,0,,20,3,1,0,0,6,0,0,6,3,2,20,24,,15,38,11,11,8,?,18,23,17,34.4,15.3,6,11,45.4,66.7,115.8,108.1,182,285,4,2,,0,2.86,4.11,2.46,A,0,
1781,2023-24,2024-02-09,17,12:30,Emirates Stadium,59393,Paul Tierney,Foggy,10.1,75,League,Arsenal,Wolves,Mikel Arteta,Gary O'Neil,4-3-3,3-5-2,attack,defense,average,average,3,1,3,1,20;41;86,7,?,7,6,5,54.5,71.4,,1.09,-0.84,-0.09,65.4,34.6,610,644,92.0,80.5,49,31,3,1,1,0,6,8,1,1,0,0,N/A,0,13,8,,1,0,0,0,4,4,3,1,3,22,17,14,6,29,22,9,6,19,13,10,9,24.7,16.4,7,13,48.0,55.5,105.5,,159,214,1,7,1,0,2.08,6.86,2.68,H,3,0
276,2019-20,2020-02-17,3,14:05,Craven Cottage,21263,John Brooks,Light Rain,6.2,75,Derby,Fulham,Manchester City,Marco Silva,Pep Guardiola,4-3-3,4-3-2-1,balanced,balanced,average,good,1,1,1,2,11,13;56+3,8,8,3,8,37.5,100.0,0.89,2.88,0.11,-0.88,40.7,59.3,610,625,84.8,93.3,54,64,9,7,0,0,9,16,0,2,0,0,0,0,9,10,1,2,0,,4,2,6,2,2,1,,,20,10,11,16,6,4,21,12,5,17,16.6,24.3,15,8,65.2,47.8,110.2,105.6,218,,2,0,0,0,3.5,2.76,null,A,0,3
1861,2023-24,2024-04-07,23,20:00,Emirates Stadium,49132,Jarred Gillett,Cloudy,13.8,78,Relegation 6-pointer,Arsenal,Burnley,Mikel Arteta,Vincent Kompany,4-4-2,5-4-1,,defense,average,good,0,0,2,0,1;11,none,12,14,3,4,25.0,28.6,,0.4,0.78,-0.4,59.9,40.1,661,260,88.4,77.3,47,25,9,2,2,0,7,10,0,0,0,0,0,0,9,17,1,,0,0,6,2,4,1,0,2,18,11,7,16,10,19,8,7,10,6,7,7,35.8,28.1,12,12,59.0,43.8,106.4,110.8,173,262,2,5,1,0,2.26,4.03,3.23,H,3,0
1641,2023-24,2023-11-07,9,15:00,London Stadium,55253,John Brooks,Foggy,13.5,46,League,West Ham,Sheffield United,David Moyes,Chris Wilder,4-3-2-1,5-4-1,defense,defense,average,good,1,1,2,2,3+4;3,70;83,13,6,4,6,30.8,100.0,2.51,2.55,-0.51,##,58.3,41.7,371,365,83.5,69.0,69,24,7,6,0,1,13,13,2,0,0,0,0,0,16,6,2,0,0,0,3,2,4,2,2,2,14,27,20,18,21,31,10,4,13,9,,13,32.2,32.7,7,7,64.6,67.6,108.9,101.0,,200,3,4,1,0,2.01,4.91,3.34,D,1,1.0
1593,2023-24,2023-09-29,24,15:00,Craven Cottage,25174,Paul Tierney,Foggy,17.3,88,Relegation 6-pointer,Fulham,Manchester United,Marco Silva,Erik ten Hag,4-2-3-1,5-4-1,balanced,balanced,good,poor,0,,2,1,23;43,36,9,15,8,1,88.9,6.7,##,0.94,0.11,0.06,39.7,60.3,692,600,80.5,86.1,77,52,10,8,0,1,N/A,N/A,0,,0,0,0,0,15,6,0,1,0,0,0,2,,6,1,2,21,19,5,8,34,N/A,4,2,,7,23,18,40.9,44.0,13,17,40.9,49.5,113.4,106.8,252,230,2,3,2,1,2.81,3.38,2.87,H,3,0
1521,2023-24,2023-08-11,19,17:30,Villa Park,40934,Jarred Gillett,Foggy,11.3,72,League,Aston Villa,Nottm Forest,Unai Emery,Nuno Espirito Santo,,4-3-3,attack,defense,good,average,0,0,2,1,11;26,70,12,13,2,3,16.7,23.1,1.97,,0.03,-0.01,62.3,37.7,415,511,80.1,81.2,56,31,6,6,0,0,6,18,0,0,1,0,1,0,20,16,2,1,0,0,3,1,2,0,1,2,19,26,14,7,31,17,2,8,17,5,24,6,18.4,44.9,20,5,44.1,71.5,108.9,,222,257,3,4,0,0,2.41,4.06,2.95,H,3,0
1647,2023-24,2023-11-11,32,20:00,Villa Park,32769,David Coote,,14.7,79,League,Aston Villa,Tottenham,Unai Emery,Ange Postecoglou,4-4-2,4-2-3-1,ATTACK,attack,good,Good,1,0,2,2,50;83,10;78,15,11,,6,46.7,54.5x,2.64,1.9,-0.64,0.1,43.2,56.8,683,497,81.6,89.3,77,62,11,1,0,1,14,14,0,0,0,1,0,1,11,18,1,3,0,N/A,6,1,4,5,2,2,21,21,7,8,32,N/A,8,2,23,6,14,19,23.8,26.0,6,4,46.7,46.4,109.8,107.9,155,285,3,1,1,0,3.21,3.11,2.73,D,1,1
704,2020-21,2021-04-27,5,17:30,City Ground,25895,Michael Oliver,Clear,10.4,60,Top 4 battle,Nottm Forest,Wolves,Nuno Espirito Santo,Gary O'Neil,5-4-1,4-1-4-1,defense,defense,good,average,0,0,2,0,15;34,none,15,11,2,,13.3,-,3.05,0.1,-1.05,-0.1,47.1,52.9,599,592,83.3,83.0,71,57,9,3,,0,6,12,0,0,0,0,0,0,13,17,3,4,0,0,0,5,8,0,0,2,11,24,18,6,25,24,8,3,17,14,22,7,19.8,23.8,6,12,70.4,66.1,107.2,102.4,194,210,3,7,0,0,2.29,7.34,2.34,H,3,
1401,2022-23,2023-02-04,12,20:00,Gtech Community Stadium,16013,Chris Kavanagh,Cloudy,,94,League,Brentford,Newcastle,Thomas Frank,Eddie Howe,4-1-4-1,3-4-3,attack,defense,good,bad,0,1,0,3,none,6+5;8;37,13,17,,8,,47.1,0.1,2.98,-0.1,0.02,50.9,49.1,542,628,77.9,81.2,50,34,2,3,0,1,12,14,0,1,0,1,0,1,20,11,2,2,,0,2,0,5,8,3,0,24,13,10,8,14,N/A,8,9,24,8,20,7,,43.6,20,,72.0,66.1,101.3,108.4,,232,,4,3,1,2.35,3.84,3.18,A,0,3
253,2019-20,2020-02-05,27,14:05,Old Trafford,59130,Paul Tierney,Clear,13.5,56,League,Manchester United,Nottm Forest,Erik ten Hag,Nuno Espirito Santo,3-4-3,,balanced,defense,bad,bad,2,,2,1,32+3;50,54,,11,2,1,15.4,9.1,2.83,0.9,-0.83,0.1,54.4,45.6,407,547,80.3,82.7,20,27,2,4,0,1,14,,0,1,0,0,0,0,13,6,1,1,0,0,6,2,0,0,1,2,13,24,7,11,37,16,3,9,14,9,18,22,40.3,38.7,10,15,43.3,69.6,107.9,102.6,259,172,0,3,0,0,2.23,4.93,2.87,H,3,0
697,2020-21,2021-04-22,14,15:00,Bramall Lane,27516,John Brooks,Rainy,20.1,92,Cup,Sheffield United,Bournemouth,Chris Wilder,Andoni Iraola,4-4-2,3-5-2,defense,attack,good,bad,0,0,1,nan,50,61,15,17,3,3,20.0,17.6,0.67,0.79,0.33,0.21,38.4,61.6,443,492,null,77.7,76,34,4,8,1,0,6,13,?,0,0,0,0,0,8,16,3,1,0,0,0,1,2,2,1,1,19,25,11,14,27,13,nan,8,19,15,18,21,28.2,19.1,5,15,51.0,69.3,111.3,108.9,279,184,3,3,1,0,3.42,3.73,2.28,D,1,1
2005,2019-20,2020-02-03,38,14:05,Etihad Stadium,48334,Jarred Gillett,Clear,22.3,61,Cup,Manchester City,Tottenham,Pep Guardiola,,4-3-3,3-4-3,balanced,attack,bad,good,1,0,1,,70,none,10,8,4,1,40.0,12.5,1.2,0.1,-0.2,-0.1,56.1,43.9,629,553,89.8,81.9,61,75,2,2,1,0,20,5,1,0,0,0,0,0,13,15,2,4,0,0,,4,1,3,0,1,18,10,?,13,25,8,10,3,7,20,12,14,25.5,20.9,8,7,56.8,44.5,108.9,109.0,264,268,4,3,0,0,2.09,5.93,2.84,H,3,0
746,2020-21,2021-05-29,1,20:00,Selhurst Park,24867,Robert Jones,Sunny,10.8,46,Title race,Crystal Palace,Fulham,Oliver Glasner,Marco Silva,3-4-3,4_3_2_1,defense,balanced,average,average,3,0,3,2,19;28;89,43;54,13,7,9,5,69.2,71.4,2.6,2.3,0.4,-0.3,56.8,43.2,402,276,83.7,84.6,74,55,2,5,2,0,7,9,0,0,0,0,0,0,,16,1,0,0,0,0,0,3,6,2,3,14,13,9,14,39,31,6,6,18,9,18,15,37.1,34.4,9,13,41.1,,103.3,105.0,194,158,1,4,3,1,2.43,4.21,2.85,H,3,0
18,2019-20,2019-08-20,24,16:30,Gtech Community Stadium,14306,Simon Hooper,Sunny,10.3,52,League,Brentford,Liverpool,Thomas Frank,Jurgen Klopp,3-4-3,4-3-2-1,attack,attack,average,average,0,1,2,1,9;29,62+5,11,12,10,4,90.9,33.3,1.98,1.38,0.02,-0.38,50.6,49.4,422,622,85.4,89.1,66,50,,1,,0,21,11,0,0,1,0,1,0,6,12,1,2,0,0,0,5,3,8,nan,2,11,17,7,14,11,14,11,4,15,8,14,14,17.5,37.8,10,,51.1,69.8,108.5,107.2,212,177,3,6,2,1,3.33,3.07,2.68,H,3,0
414,2020-21,2020-10-07,6,15:00,Craven Cottage,22421,Thomas Bramall,Windy,16.0,57,Cup,Fulham,Nottm Forest,Marco Silva,Nuno Espirito Santo,4-2-3-1,4-2-3-1,BALANCED,defense,average,average,0,0,1,0,24,none,10,,2,,20.0,46.2,0.86,0.1,0.14,-0.1,50.4x,49.6,328,367,83.8,75.8,77,24,10,3,1,0,22,11,0,0,,0,0,0,10,17,1,3,1,0,2,0,6,1,0,1,17,14,5,11,?,18,4,5.0,11,16,19,11,43.8,26.9,12,10,,62.3,104.3,101.9,187,249,1,2,2,2,2.74,3.91,2.63,H,3,0
256,2019-20,2020-02-08,22,14:05,City Ground,24570,Anthony Taylor,Cloudy,9.0,86,Top 4 battle,Nottm Forest,Luton Town,Nuno Espirito Santo,Rob Edwards,4-4-2,4-4-2,defense,defense,bad,good,2,0,2,1,N/A,62,14,9,5,5,,55.6,2.14,0.75,-0.14,0.25,48.2,51.8,301,450,76.9,76.0,34,73,11,7,0,0,14,18,0,0,0,nan,0,,18,14,3,2,0,0,6,0,4,3,1,2,20,18,11,8,37,,7,2,8,13,10,20,null,N/A,20,15,64.1,40.0,106.0,,254,249,3,5,0,0,2.09,5.53,2.93,H,3,0
296,2019-20,2020-03-04,35,12:30,Stamford Bridge,33281,Michael Oliver,Sunny,13.5,49,Relegation 6-pointer,Chelsea,West Ham,Mauricio Pochettino,David Moyes,3-5-2,3-5-2,balanced,defense,good,average,2,0,2,2,52;78+1,30;38,16,15,9,2,56.2,13.3,2.02,,-0.02,-0.29,61.3,38.7,489,600,82.3,83.7,60,25,10,6,,1,15,18,,0,nan,0,0,0,15,9,0,2,0,0,2,3,0,7,2,2,27,12,18,12,31,38,8,10,7,9,22,11,21.2,,19,8,70.5,70.2,105.3,107.0,260,240,0,2,3,2,2.76,4.09,2.54,D,1,
77,2019-20,2019-10-01,16,16:30,Stamford Bridge,39658,John Brooks,Light Rain,5.6,51,Cup,Chelsea,Nottm Forest,,Nuno Espirito Santo,3-5-2,4-3-2-1,balanced,defense,bad,average,3,0,3,0,55;64;88+3,none,17,17,8,7,47.1,41.2,3.09,0.26,-0.09,-0.26,50.3,49.7,479,309,85.9,73.6,65,50,11,6,0,0,11,20,0,0,0,0,0,0,16,20,3,4,0,0,,4,7,5,0,3,27,25,19,17,25,17,10,6,18,20,6,9,42.9,39.1,13,10,44.3,68.7,108.0,109.4,285,144,3,4,1,0,1.97,-,3.84,H,3,0
1437,2022-23,2023-03-03,16,15:00,Villa Park,36630,Stuart Attwell,Cloudy,21.4,81,Derby,Aston Villa,Tottenham,Unai Emery,Ange Postecoglou,4-1-4-1,5-4-1,attack,attack,average,BAD,1,1,1,4,77,21;25;69;72,8,12,4,4,50.0,33.3,1.71,3.94,-0.71,0.06,51.3,48.7,692,545,80.6,83.0,69,34,999,7,0,1,21,6,0,2,0,0,0,0,19,17,2,,0,1,6,1,0,3,4,1,30,15,16,17,24,32,9,10,19,10,11,14,35.4,35.6,7,8,70.5,43.3,null,107.9,285,247,1,2,3,1,,4.22,2.78,A,0,3
344,2019-20,2020-04-11,32,16:30,City Ground,27375,Thomas Bramall,Rainy,2.7,73,Relegation 6-pointer,Nottm Forest,Manchester City,Nuno Espirito Santo,Pep Guardiola,4-3-2-1,4-4-2,defense,balanced,good,good,0,0,0,4,,23;25;37+2;44,18,7,6,5,33.3,71.4,0.1,3.35,-0.1,0.65,35.5,64.5,409,317,78.2,,73,35,9,7,0,1,10,15,0,0,0,1,0,1,13,17,1,4,0,0,5,5,1,6,4,0,17,19,15,17,31,17,2,8,5,17,15,21,26.2,41.0,6,,57.9,53.1,109.1,,153,194,0,5,0,0,3.77,2.97,2.51,A,0,3
1576,2023-24,2023-09-18,2,20:00,Selhurst Park,22515,Michael Oliver,Rainy,3.6,91,Cup,Crystal Palace,Burnley,Oliver Glasner,Vincent Kompany,4_1_4_1,4-3-2-1,balanced,defense,average,bad,2,1,2,1,25;34,43+3,9,N/A,7,8,77.8,,1.27,1.3,,-0.3,51.8,48.2,616,607,80.0,70.0,25,25,4,4,0,0,15,16,0,1,0,0,0,0,10,18,4,0,0,?,2,4,7,5,1,2,10,11,17,9,25,11,9,7,9,7,18,22,20.7,38.1,5,9,61.8,64.3,105.7,106.8,168,221,,1,2,1,2.46,4.16,2.84,H,3,0
389,2020-21,2020-09-20,38,12:30,Vitality Stadium,10486,Paul Tierney,Light Rain,9.2,84,League,Bournemouth,Crystal Palace,Andoni Iraola,Oliver Glasner,4-1-4-1,4-2-3-1,attack,defense,average,average,2,1,3,1,13;24+4;79+5,79,18,9,4,4,22.2,44.4,2.78,0.99,0.22,0.01,50.3,49.7,305,396,79.5,75.5,55,67,7,6,0,1,19,6,0,0,1,0,1,0,8,16,4,0,0,0,5,0,3,1,1,3,10,21,,7,19,15,3,7,16,5,11,16,15.2,15.1,12,9,,64.6,113.4,107.1,264,215,3,6,1,0,3.03,3.18,2.82,H,,0
1440,2022-23,2023-03-05,19,12:30,Gtech Community Stadium,16089,Paul Tierney,Overcast,?,77,League,Brentford,Burnley,Thomas Frank,Vincent Kompany,3-4-3,5-4-1,attack,defense,average,average,0,0,2,2,40+1;90+4,19;61,,13,7,1,77.8,7.7,1.95,1.6,0.05,0.4x,64.8,35.2,323,632,78.7,71.3,26,26,8,6,0,0,11,9,0,1,0,1,0,1,15,9,0,3,0,0,0,3,0,5,2,2,25,14,20,10,28,13,9,4,23,13,7,22,19.7,24.8,17,11,45.0,64.9,,103.0,218,228,2,3,,0,1.88,6.33,3.23,D,1,1
2020,2022-23,2022-09-03,2,20:00,Molineux Stadium,31022,Anthony Taylor,Light Rain,4.9,88,Relegation 6-pointer,Wolves,Fulham,Gary O'Neil,Marco Silva,3-4-3,4-3-3,defense,balanced,good,bad,0,2,1,2,58,47;87+1,19,14,4,6,21.1,42.9,0.53,1.23,0.47,0.77,41.4,58.6,663,433,79.6,85.6,71,39,6,4,0,0,12,13,0,0,1,0,1,0,16,15,2,0.0,0,0,2,0,4,3,2,1,28,22,20,12,15,30,2,9,18,12,25,9,41.0,23.5,11,16,66.8,62.8,109.4,105.0,153,290,3,2,N/A,0,2.71,3.18,3.16,A,0,N/A
1184,2022-23,2022-09-06,29,15:00,Kenilworth Road,8966,Stuart Attwell,Rainy,3.2,44,Top 4 battle,Luton Town,Brentford,Rob Edwards,Thomas Frank,4-4-2,4-4-2,defense,attack,good,bad,1,1,1,1,56,79,,,6,6,75.0,100.0,0.87,1.01,0.13,-0.01,35.7,64.3,422,484,76.5,79.3,20,37,3,3,1,0,11,,0,0,0,0,0,0,7,13,1,4,0,0,4,0,5,5,1,1,24,13,10,13,11,9,2,8,18,13,20,19,18.3,36.4,17,14,56.8,43.4,107.0,106.9,,268,1,0,2,2,2.6,4.12,2.69,D,1,1
228,2019-20,2020-01-17,29,19:45,Amex Stadium,28019,Stuart Attwell,Light Rain,-7.2,82,League,Brighton,Burnley,Roberto De Zerbi,Vincent Kompany,4-1-4-1,4-2-3-1,balanced,defense,good,good,0,1,1,1,11+3,62,12,10,5,8,41.7,?,0.97,0.9,,0.1,61.9,38.1,?,590,87.3,69.6,?,60,3,7,1,0,17,17,0,0,0,0,0,0,15,12,3,3,0,0,2,0,7,4,1,1,18,,13,17,22,19,7,3,23,19,14,16,15.9,,13,17,64.5,42.4,109.4,108.7,227,272,2,2,0,0,2.42,3.6,3.24,D,1,1.0
1843,2023-24,2024-03-23,27,19:45,Villa Park,36317,Thomas Bramall,Clear,12.3,40,League,Aston Villa,West Ham,Unai Emery,David Moyes,4-3-3,,attack,defense,average,average,1,1,3,3,36;53;88,1;63;79+4,18,9,6,3,33.3,,2.6,4.12,0.4,-,57.7,42.3,507,304,82.1,83.1,27,66,9,4,1,2,20,16,0,0,0,0,0,0,15,12,4,1,0,0,1,5,0,3,nan,3,21,15,17,8,34,33,8,4,21,9,21,12,27.9,30.6,6,5,60.0,45.6,111.9,109.2,230,206,2,3,1,1,2.41,4.29,2.84,D,1,1
836,2021-22,2021-10-06,5,19:45,Villa Park,42408,Jarred Gillett,Rainy,,64,Title race,Aston Villa,Manchester City,Unai Emery,Pep Guardiola,4-3-3,4-3-2-1,attack,BALANCED,bad,poor,0,0,1,1,73,56,,13,10,3,71.4,23.1,1.06,1.02,-0.06,-0.02,39.2,60.8,529,471,87.4,94.0,,45,2,9,1,1,18,8,1,,0,0,0,0,15,18,4,2,,0,3,0,2,9,1,1,15,19,16,5,16,20,8,6,21,6,9,9,17.4,20.5,17,4,48.3,69.5,110.6,101.3,243,169,4,6,0,0,2.83,3.54,2.75,D,1,1
2000,2022-23,2023-01-01,9,20:00,Selhurst Park,23184,-,Light Rain,5.9,71,Cup,Crystal Palace,Nottm Forest,Oliver Glasner,Nuno Espirito Santo,5-4-1,4-1-4-1,defense,defense,good,good,1,0,5,1,10+2;30;57;73;86,77,10,17,3,4,30.0,23.5,5.93,1.49,-0.93,-0.49,50.2,49.8,609,371,84.9,82.7,79,49,4,7,0,1,21,5,,0,2,0,2,0,17,20,1,0,0,0,2,0,3,0,1,5,12,19,13,10,35,22,12,2,24,,20,12,44.7,21.5,7,15,45.9,50.2,113.8,106.4,244,165,0,4,N/A,0,2.43x,3.19,3.63,H,3,
1262,2022-23,2022-10-29,27,16:30,Vitality Stadium,9023,Anthony Taylor,Cloudy,15.0,83,Top 4 battle,Bournemouth,Liverpool,Andoni Iraola,Jurgen Klopp,4-3-3,,attack,attack,bad,average,0,2,1.0,4,71x,18;20;64;70,8,15,4,5,50.0,33.3,0.75,4.6,0.25,-0.6,39.5,60.5,612,469,78.5,90.1,24,47,2,6,0,0,15,8,0,0,0,2,0,2,,12,1,0,0,0,2,4,1,3,4,1,,28,,8,,17,4,8,20,6,13,18,44.9,17.6,14,4,59.1,42.9,103.4,98.8,279,172,2,2,1,0,2.76,6.49,2.07,A,0,3
404,2020-21,2020-10-01,12,16:30,Anfield,46719,Andy Madley,Rainy,10.8,55,League,Liverpool,Tottenham,Jurgen Klopp,Ange Postecoglou,4-1-4-1,3-5-2,attack,attack,good,good,2,0,3,1,nan,6,11,17,2,,18.2,35.3,2.73,1.12,0.27,-0.12,58.9,,589,401,93.2,86.1,,35,11,4,1,1,N/A,18,0,0,1,0,1,0,19,18,1,1,0,0,0,1,5,0,1,3,19,24,6,6,20,9,6,4,,21,15,7,23.6,28.7,18,8,49.5,48.1,,110.2,298,193,3,4,0,0,2.8,,2.77,H,3,0
616,2020-21,2021-02-28,29,19:45,Goodison Park,30829,Michael Oliver,Cloudy,-1.0,82,Cup,Everton,Newcastle,Sean Dyche,Eddie Howe,4-1-4-1,4-3-2-1,defense,defense,bad,average,0,0,1,1,15,,17,10,2,8,11.8,80.0,1.05,0.96,-0.05,,36.1,63.9,628,524,83.9,85.7,55,37,9,6,,0,8,9,0,0,0,0,0,0,17,10,2,1,0,0,0,,7,1,1,1,21,25,11,15,26,10,9,2,12,15,7,16,37.1,36.8,17,8,53.0,49.8,116.8,106.7,237,256,2,1,1,1,2.9,3.2,2.92,D,1,1
1411,2022-23,2023-02-11,7,20:00,Bramall Lane,31222,Jarred Gillett,Foggy,16.1,52,Derby,Sheffield United,West Ham,Chris Wilder,David Moyes,3-5-2,,defense,defense,bad,good,0,1,2,3,43;84,4;14;71,10,10,4,2,40.0,20.0,1.95,3.39,0.05,-0.39,44.6,55.4,310,415,,-,51,19,6,4,,2,16,14,,2,1,1,1,1,15,12,2,2,0,nan,2,5,0,2,3,2,27,10,8,16,10,17,,5,21,7,23,13,26.4,34.6,16,17,66.1,47.5,108.7,106.3,290,,1,3,2,1,2.58,4.39,2.6,A,0,3
1217,2022-23,2022-10-01,3,14:05,Stamford Bridge,36339,Robert Jones,Rainy,19.0,59,League,Chelsea,Everton,Mauricio Pochettino,Sean Dyche,5-4-1,4-3-3,balanced,defense,bad,average,3,0,3,3,27;42+3;62,29;59;90,16,13,9,5,56.2,38.5,3.75,3.35,-0.75,-0.35,64.6,35.4,396,511,89.5,82.7,79,63,6,9,1,1,22,,1,0,0,2,0,,12,11,4,1,0,0,6,4,2,6,3,3,24,18,20,11,10,36,2,5,5,5,8,9,22.0,20.1,17,5,71.0,42.2,114.6,115.2,nan,176,2,1,0,0,2.2,4.45,3.11,D,1,1
147,2019-20,2019-11-22,24,12:30,Vitality Stadium,10998,John Brooks,Light Rain,-3.0,44,League,Bournemouth,Tottenham,Andoni Iraola,Ange Postecoglou,4-4-2,4-4-2,attack,attack,good,bad,1,2,2,3,4+5;46+1,18;51;78,18,10,5,3,27.8,30.0,2.25,3.11,-0.25,-0.11,44.5,55.5%,-329,471,77.8,89.2,36,70,5,6,2,1,8,11,1,0,?,0,0,0,,16,,3,0,0,6,4,0,3,3,2,15,19,10,10,20,16,10,8,24,7,,15,28.7,18.3,15,,,52.8,106.8,104.4,280,207,3,3,1,0,3.19,4.15,2.24,A,0,3
194,2019-20,2019-12-22,21,19:45,Bramall Lane,26235,David Coote,Overcast,,50,Top 4 battle,Sheffield United,Crystal Palace,Chris Wilder,Oliver Glasner,3-5-2,3-4-3,defense,defense,good,good,1,0,-1,3,73,nan,17,7,10,6,58.8,85.7,1.4,2.48,,0.52,47.6,,535,365,71.7,79.6,56,60,6,4,1,2,6,11,1,0,1,1,0,1,N/A,14,1,2,0,0,0,4,3,9,3,1,22,12,9,16,29,27,9,3,8,15,,7,33.9,36.5,9,15,63.2,44.2,102.8,109.4,214,239,3,3,,0,2.87,5.19,2.18,A,0,3
195,2019-20,2019-12-23,15,14:05,Etihad Stadium,44904,David Coote,Rainy,12.5,80,Cup,Manchester City,Bournemouth,Pep Guardiola,Andoni Iraola,4-3-2-1,4-4-2,balanced,attack,good,good,4,0,5,0,32;51;73;90;90,none,14,7,5,5,35.7,71.4,4.66,0.46,0.34,-0.46,62.0,##,435,629,92.7,81.6,70,45,2,4,2,0,22,15,0,0,0,0,0,0,9,17.0,2,2,N/A,0,3,3,5,0,0,5,27,18,10,12,20,23,10,7,22,9,18,18,44.7,,20,6,43.0,41.9,107.7,105.8,243,220,1,5,2,1,2.41,4.25,2.86,H,3,0
271,2019-20,2020-02-17,17,17:30,Craven Cottage,24587,Robert Jones,Light Rain,16.6,73,Top 4 battle,Fulham,Aston Villa,,,3-5-2,4-2-3-1,balanced,attack,good,good,0,1,3,1,6;77+4;88+1,29+4,19,16,4,8,21.1,50.0,3.09,0.87,-0.09,0.13,50.9,49.1,463,534,85.6,87.6,77,35,8,6,2,1,,11,0,0,,0,0,0,19,19,2,2,,0,0,2,7,1,1,3,,14,11,18,12,18,8,3,5,7,12,4,18.8,39.9,12,7,68.5,48.4,105.3,103.1,206,174,3,6,0,0,2.52,4.22,2.73,H,3,0
844,2021-22,10-10-2021,22,17:30,Stamford Bridge,32002,Anthony Taylor,Overcast,12.5,44,League,Chelsea,Crystal Palace,Mauricio Pochettino,Oliver Glasner,4-1-4-1,3-5-2,balanced,defense,Avg,average,1,2,2,3,66;83,39;58;75,10,13,8,3,80.0,23.1,1.94,3.41,0.06,,51.3,48.7,560,506,86.8,82.6,64,49,9,?,1,0,12,?,1,0,1,1,1,1,,8,2,4,0,0,2,0,0,6,3,2,N/A,22,18,12,32,23,6,3,21,21,20,12.0,33.4,,16,8,58.3,55.3,107.2,103.8,211,220,2,4,0,0,2.05,5.95,2.9,A,0,3
377,2019-20,2020-04-30,13,20:00,Kenilworth Road,10311,Michael Oliver,Light Rain,6.4,50,League,Luton Town,Brentford,Rob Edwards,Thomas Frank,3-5-2,4-2-3-1,defense,attack,good,good,0,1,0,2,none,25;63,18,7,9,5,50.0,71.4,0.1,2.19,-0.1,-0.19,33.7,66.3,555,461,72.8,78.1,N/A,24,8,4,0,0,6,17,0,0,1,0,0,0,,17,3,2,0,0,1,1,3,9,2,0,14,27,9,13,32,16,9,2,17,10,7,10,20.4,24.8,10,15,69.3,55.2,112.7,113.4,249,258,3,4,1,0,3.58,nan,-,A,,3
1413,2022-23,2023-02-12,35,20:00,City Ground,24734,Stuart Attwell,Foggy,19.0,54,Relegation 6-pointer,Nottm Forest,Chelsea,Nuno Espirito Santo,Mauricio Pochettino,4-4-2,4-1-4-1,DEFENSE,balanced,bad,bad,0,1,2,3,26;59,18;25;61,14,16,3,6,21.4,37.5,2.69,3.49,-0.69,-0.49,41.9,58.1,575,476,80.8,83.9,,26,6,4,1,1,21,14,0,0,1,0,1,0,11,6,2,3,0,0,0,0,3,1,3,2,19,21,19,13,20,15,8,8,7,15,9,5,37.4,40.3,nan,,65.3,54.9,110.7,105.5,175,142,,7,3,2,2.73,nan,2.34,A,0,
442,2020-21,2020-10-24,34,19:45,London Stadium,62234,John Brooks,Clear,7.9,,Title race,West Ham,Newcastle,David Moyes,Eddie Howe,3-5-2,4-3-2-1,defense,defense,bad,bad,0,1,2,,18;55,23;81;83,16,11,10,3,62.5,27.3,1.69,3.57x,0.31,-,46.4,53.6,,604,77.2,86.2,64,68,4,8,0,2,6,15,0,1,1,1,1,1,9,,4,1,0,0,3,2,0,8,3,2,24,18,13,9,36,33,4,5,23,12,9,9,42.4,28.7,17,,66.3,63.0,111.3,103.0,290,289,0,6,0,0,2.35,4.45,2.86,A,0,3
1247,2022-23,2022-10-19,23,14:05,Bramall Lane,27716,David Coote,Cloudy,9.4,89,League,Sheffield United,Everton,Chris Wilder,Sean Dyche,4-4-2,5-4-1,defense,defense,AVERAGE,bad,0,1,1,3,38,5+2;37;52,18,14,8,2,44.4,14.3,1.32,2.53,-0.32,0.47,34.7,65.3,589,364,75.2,79.4,54,18,5,6,0,1,14,7,0,0,0,2,0,2,11,20,3,2,0,,6,5,0,7,3,1,17,19,18,12,14,11,4,4,22,6,10,17,20.5,28.3,15,4,69.4,42.6,104.3,105.8,290,144,1,1,1,,3.66,,2.27,A,0,3
579,2020-21,2021-01-31,10,14:05,Stamford Bridge,39214,Andy Madley,Light Rain,20.7,83,League,Chelsea,Nottm Forest,Mauricio Pochettino,Nuno Espirito Santo,3-4-3,4-4-2,balanced,defense,bad,good,0,,,0,36,none,20,15,,6,25.0,40.0,1.25,0.38,-0.25,-0.38,65.3,N/A,,376,##,nan,58,56,3,3,1,0,14,16,1,0,0,,0,,16,14,2,2,0,0,5,5,6,4,0,1,14,13,13,13,27,33,6,10,24,13,8,19,40.1,29.2,6,5,69.2,42.2,N/A,106.1,195,142,5,2,3,1,2.15,6.45,2.62,H,3,0
1177,2022-23,2022-08-31,37,14:05,Stamford Bridge,34122,Anthony Taylor,Overcast,2.6,83,League,Chelsea,Luton Town,Mauricio Pochettino,Rob Edwards,5-4-1,4-4-2,balanced,defense,bad,average,0,0,4,1,12;26;63;71,8,20,9,9,3,45.0,33.3,4.54,0.62,-0.54,0.38,59.2,40.8,495,467,89.9,76.3,42,24,2,3,1,0,19,12,0,0,0,1,0,1,8,8,2,2,0,,0,1,2,5,1,4,15,22,10,12,33,28,5,4.0,17,20,12,4,29.3,16.6,20,14,41.4,60.8,107.6,103.5,262,285,4,6,1,0,2.07,4.16,3.61,H,3,0
1586,2023-24,2023-09-26,5,14:05,Goodison Park,35939,nan,Foggy,7.5,92,League,Everton,Crystal Palace,Sean Dyche,Oliver Glasner,4-3-2-1,5-4-1,defense,defense,average,average,0,0,2,1,52;80,60,13,7,9,7,69.2,100.0,2.39,0.55,-0.39,0.45,46.3,53.7,466,603,76.0,78.3,76,42,7,1,1,1,22,19,0,0,1,0,1,0,16,11,1,4.0,0,0,1,5,6,7,1,2,16,22,14,7,13,28,9,9,25,12,19,7,,26.6,20,12,62.3,58.9,107.2,106.8,272,227,1,1,2,0,2.8,3.78,2.65,H,3,0
1579,2023-24,2023-09-20,19,15:00,St. James' Park,40986,Paul Tierney,Clear,15.7,64,League,Newcastle,Arsenal,Eddie Howe,Mikel Arteta,4-4-2,5_4_1,defense,,good,average,0,1,3,1,11;31;77,63,16,11,-6,7,37.5,63.6,-,1.07,0.44,-0.07,52.9,,496,296,81.4,93.7,30,43,2,8,1,0,,9,0,0,2,0,1,0,14,6,0,3,0,0,5,2,,3,1,3,29,25,17,8,25,10,7,5,23,8,20,11,29.8,42.3,7,14,64.9,69.7,109.5,null,237,268,2,5,,1,2.42,4.05,2.94,H,3,0
469,2020-21,2020-11-13,9,16:30,Tottenham Hotspur Stadium,49731,Simon Hooper,Clear,9.0,92,League,Tottenham,Everton,Ange Postecoglou,Sean Dyche,,4-4-2,ATTACK,defense,bad,bad,0,0,3,0,40;83+1;89,none,8,-2,8,4,100.0,66.7,2.19,0.45,0.81,-0.45,63.7,36.3,465,419,86.7,81.7,52,35,9,nan,1,0,16,11,1,0,0,0,0,0,20,20,3,2,0,0,0,2,4,5,0,3,24,14,10,,31,28,2,8,9,21,15,,37.2,20.0,15,12,45.3,69.6,107.8,107.6,253,222,1,3,1,,2.01,7.45,2.71,H,3,0
870,2021-22,2021-10-31,33,19:45,Etihad Stadium,42508,John Brooks,Sunny,-0.1,74,Relegation 6-pointer,Manchester City,Chelsea,Pep Guardiola,Mauricio Pochettino,4-1-4-1,4-1-4-1,balanced,balanced,average,bad,0,0,3,1.0,8;14;17,74,12,14,9,7,75.0,50.0,3.24,1.26,-0.24,-0.26,55.0,45.0,410,423,88.9,83.0,25,41,4,6,0,0,12,19,0,0,1,2,0,1,8,11,0,2,1,1,4,3,6,6,1,3,11,11,5,11,15,17,9,4,20,17,5,21,37.6,42.9,20,13,58.1,52.0,101.7,107.4,268,172,2,-3,2,1,2.47,3.0,,H,3,0
790,2021-22,2021-09-01,26,12:30,Molineux Stadium,29344,Thomas Bramall,Windy,17.3,69,League,Wolves,Arsenal,Gary O'Neil,,3-4-3,,defense,attack,,bad,0,1,0,2,none,18;37,11,10,3,8,27.3,80.0,0.1,2.49,-0.1,null,37.5,62.5,399,473,80.4,88.4,40,67,4,8,0,0,20,9,0,0,0,0,0,0,16,17,1,1,0,0,,4,6,3,2,0,24,17,9,13,11,10,5,4,21,6,18,4,19.6,15.5,5,13,49.2,62.6,106.5,110.0,267,151,5,4,2,1,2.85,4.82,2.26,A,0,3
1056,2021-22,2022-03-11,18,20:00,Turf Moor,17503,John Brooks,Foggy,,45,Top 4 battle,Burnley,West Ham,Vincent Kompany,David Moyes,4-3-3,4-3-2-1,defense,defense,average,Good,0,0,?,0,47,none,10,17,4,1,40.0,5.9,0.63,0.38,0.37,-0.38,46.2,53.8,657,418,78.0,80.4,29,55,7,4,0,0,21,20,0,0,0,0,0,0,8,12,2,1,1,0,4,0,1,3,0,1,15,28,8,14,17,29,10,9,17,6,14,20,39.5,41.8,8,17,44.6,57.9,108.5,109.5,201,211,2,2,2,1,2.95,3.34,2.76,H,3,0
1093,2021-22,2022-04-05,38,16:30,St. James' Park,45919,David Coote,Rainy,25.7,N/A,Title race,Newcastle,Crystal Palace,,Oliver Glasner,4-4-2,,def,,average,average,0,0,2,1,2;66,83,13,13,7,4,53.8,30.8,2.23,0.95,-0.23,,53.8,46.2,329,313,88.8,76.0,35,25,2,2,1,1,nan,9,2,1,0,0,0,0,12,8,2,2,0,0,2,3,3,5,1,2,26,19,20,13,15,37,3,3,12,-17,6,9,39.9,27.7,20,7,73.5,51.3,,,260,237,1,2,1,1,2.4,4.75,2.69,H,?,0
1640,2023-24,2023-11-05,17,17:30,Turf Moor,20355,Paul Tierney,Cloudy,4.8,71,League,Burnley,Aston Villa,Vincent Kompany,Unai Emery,5-4-1,5-4-1,defense,attack,good,good,0,0,0,2,none,5;78,18,8,4,2,22.2,25.0,,1.8,-0.23,0.2,36.9,63.1,522,629,76.8,83.7,49,N/A,5,1,0,0,21,5,,0,0,0,0,0,9,7,3,1,0,0,3,3,0,4,2,0,13,26,9,14,24,30,2,8,15,7,5,14,38.5,39.5,18,8,40.6,,108.1,104.0,205,158,2,6,0,0,,3.95,2.17,A,0,3
416,2020-21,2020-10-09,28,19:45,Gtech Community Stadium,15536,Anthony Taylor,Foggy,8.6,52,Relegation 6-pointer,Brentford,Aston Villa,Thomas Frank,Unai Emery,4-4-2,3-5-2,attack,ATTACK,bad,average,0,2,2,2,14;73,47;55,11,15,7,2,63.6,13.3,1.92,2.26,0.08,-0.26,41.3,58.7,396,347,77.2,88.5,78,74,9,4,2,1,9,11,1,0,0,0,0,0,6,20,1,0,0,0,1,1,0,5,2,2,21,28,13,13,14,25,12,9,21,13,23,17,28.4,nan,11,14,68.9,72.0,105.3,103.2,268,171,1,3,1,N/A,2.23,4.84,2.89,D,1,1
443,2020-21,2020-10-24,26,19:45,Gtech Community Stadium,16333,Stuart Attwell,Light Rain,6.3,91,Cup,Brentford,Fulham,Thomas Frank,Marco Silva,4-3-3,3-5-2,attack,balanced,bad,average,0,0,0,1,none,,9,12,,3,22.2,25.0,0.1,,-0.1,0.27,51.0,49.0,472,,79.4,85.8,62,42,7,3,0,1,,11,0,0,0,0,,0,17,20,2,1,0,0,3,2,2,2,1,0,18,19,5,15,32,25,7,7,16,10,14,20,17.3,40.7,13,8,45.5,49.8,104.7,109.9,275,243,4,2,0,0,2.94,3.07,2.99,A,0,3
1064,2021-22,2022-03-19,33,16:30,St. James' Park,47385,David Coote,Foggy,16.1,75,Cup,Newcastle,Manchester City,Eddie Howe,Pep Guardiola,4-2-3-1,4-4-2,defense,balanced,good,,0,2,0,2,none,43;80+4,11,10,3,8,27.3,80.0,0.1,1.7,-0.1,0.3,,53.7,507,603,84.5,,,22,10,5,0,1,16,19,0,1,0,0,0,0,20,19,2,3,0,0,4,4,6,3,2,0,25,16,19,18,20,26,3,6,10,15,8,4,29.5,24.2,15,12,52.1,,109.5,105.9,159,254,2,1,2,0,3.07,3.93,##,A,0,3
412,2020-21,01/10/2020,11,14:05,Bramall Lane,29449,Paul Tierneyx,Clear,11.1,67,Cup,Sheffield United,West Ham,Chris Wilder,David Moyes,4-3-3,4-2-3-1,defense,defense,bad,average,?,2,0,3,null,,8,15,3,5,37.5,33.3,0.1,3.1,-0.1,?,37.2,,546,337,78.0,79.9,64,56,6,5,0,1,,7,0,0,0,1,0,1,8,17,2,2,0,0,5,2,2,3,3,0,26,,16,17,16,25,10,7,5,15,5,11,24.5,41.9,17,nan,69.6,66.6,105.9,##,261,166,1,2,,0,3.78,2.7,2.74,A,0,3
1528,2023-24,2023-08-17,27,12:30,Turf Moor,19806,Michael Oliver,Overcast,17.5,62,Top 4 battle,Burnley,Manchester United,Vincent Kompany,Erik ten Hag,3-4-3,4-3-3,defense,balanced,average,average,0,2,2,3,15;83+4,2;11;57,15,8,5,3,33.3,37.5,2.07,3.32,-0.07,-0.32,35.6,64.4,602,448,70.6,85.3,75,55,9,8,2,1,20,14,0,0,0,0,0,,7,9,2,2,0,0,5,nan,0,,3,2,25,?,13,10,15,24,5,8,6,5,21,16,34.7,18.9,11,9,56.3,49.2,108.3,107.6,277,175,2,1,1,1,3.93,,2.23,A,,3
1866,2023-24,2024-04-13,10,14:05,Craven Cottage,24139,Stuart Attwell,,12.9,40,Cup,Fulham,Everton,Marco Silva,Sean Dyche,4-3-3,,balanced,def,Avg,average,0,3,3,3,2+2;35;48,3;51;82,14,6,3,3,21.4,50.0,3.87,,-0.87,,44.4,55.6,331,469,84.8,80.4,20,49,11,2,0,2,11,15,0,0,0,0,0,0,15,18,1,2,0,0,6,5,0,0,3,3,29,28,18,13,34,N/A,7,2,12,17,12,13,24.5,24.8,13,13,,,116.9,109.4,294,237,5,3,0,,2.24,4.07,3.24,D,1,1
234,2019-20,2020-01-18,6,16:30,Vitality Stadium,8762,Simon Hooper,Light Rain,20.3,90,League,Bournemouth,Crystal Palace,Andoni Iraola,Oliver Glasner,3-4-3,4-3-2-1,attack,def,good,average,0.0,1,3,1,1;20+1;36,,16,8,5,6,31.2,75.0,2.62,1.26,0.38,-0.26,39.8,60.2,638,644,82.9,79.6,71,23,11,nan,1,1,12,17,0,0,1,0,1,0,17,-8,1,1,0,0,1,1,5,2,1,3,23,24,17,6,,25,10,9,24,13,14,11,41.9,null,5,15,69.5,66.0,106.5,113.5,176,204,2,6,0,0,2.93,3.0,3.08,H,3,0
328,2019-20,2020-03-28,13,16:30,Gtech Community Stadium,15248,Simon Hooper,Rainy,,73,Top 4 battle,Brentford,Manchester City,Thomas Frank,Pep Guardiola,,3-5-2,attack,balanced,good,good,2,3,2,3,16;38,58;61;90,15,9,4,6,26.7,66.7,2.46,2.08,-0.46,0.92,44.9,-,320,501,84.1,95.5,22,43,3,1,1,1,16,13,0,,2,0,0,0,12,,1,1,0,nan,4,4,3,2,3,2,20,14,7,13,26,26,,9,11,11,18,5,24.8,16.6,15,4,49.9,47.7,107.4,110.0,275,172,3,2,2,0,2.95,5.06,,A,0,3
1797,2023-24,2024-02-22,11,12:30,London Stadium,49668,Chris Kavanagh,Sunny,-,68,Relegation 6-pointer,West Ham,Liverpool,David Moyes,Jurgen Klopp,5-4-1,4-2-3-1,,attack,average,average,0,0,1,2,39,13;69+3,10,9,3,7,30.0,77.8,0.97x,1.9,0.03,0.1,39.1,60.9,377,604,78.0,84.1,48,55,3,6,0,0,20,10,0,1,1,0,1,0,15,17,3,0,,0,1,4,,2,2,1,15,27,?,9,25,34,8,6,25,20,10,12,24.5,44.8,,9,74.7,40.0,104.2,N/A,169,206,N/A,4,0,0,3.29,2.86,2.88,A,0,3
178,2019-20,2019-12-13,3,19:45,Kenilworth Road,8170,,Sunny,12.3,,League,Luton Town,Fulham,Rob Edwards,Marco Silva,4-2-3-1,4-3-3,defense,balanced,good,average,0,2,0,3,none,25;30;63,8,13,,3,75.0,23.1,0.3,3.44,-0.3,-0.44,36.3,63.7,,522,79.2,78.5,41,25,6,2,0,2,14,16,0,0,0,1,0,,15,10,1,1,0,0,0,5,0,6,3,0,28,17,20,13,23,13,11,9,19,22,21,17,30.3,18.8,11,16,55.7,,102.9,106.8,226,239,1,7,0,,2.87,3.9,2.53,A,0,3
217,2019-20,2020-01-07,24,16:30,Stamford Bridge,39715,Thomas Bramall,Windy,9.0,51,League,Chelsea,Newcastle,Mauricio Pochettino,Eddie Howe,3-5-2,3-4-3,balanced,defense,bad,bad,0,0,0,1,none,34+4,10,13,6,7,60.0,53.8,0.1,1.33,-0.1,-0.33,50.5,49.5,,?,89.4,87.1,58,25,10,2,0,1,16,13,0,0,0,1,0,0,17,16,1,2,0,0,5,0,6,,1,0,24,15,20,5,36,10,12,10,8,19,23,17,43.2,28.6,16,9,59.9,55.9,104.2,108.0,156,186,2,3,1,0,2.68,2.89,3.55,A,0,3
128,2019-20,2019-11-05,27,20:00,Old Trafford,63545,Thomas Bramall,Cloudy,4.5,80,League,Manchester United,Arsenal,Erik ten Hag,Mikel Arteta,4-3-3,5-4-1,balanced,attack,good,bad,0,,2,2,36;83,15;60,8,10,5,8,62.5,80.0,2.55,2.25,-0.55,-0.25,44.6,55.4,344,590,80.9,91.5,20,30,4,4,1,0,20,5,1,,1,0,1,0,15,20,2,2,0,0,,3,6,3,2,2,17,24,12,13,37,?,11,5,19,22,24,18,29.2,17.7,6,16,50.2,46.2,109.5,110.7,297,nan,2,4,0,0,2.64,3.98,2.71,D,1,1
474,2020-21,2020-11-20,28,19:45,Molineux Stadium,24386,Stuart Attwell,Light Rain,7.1,58,Title race,Wolves,Chelsea,Gary O'Neil,,4-3-3,3-5-2,defense,balanced,good,average,1,2,2,2,15;90,12;73,,16,7,4,87.5,25.0,2.93,1.62,-0.93,0.38,47.7,52.3,484,597,77.0,83.9,52,40,10,2,0,N/A,10,15,2,0,N/A,0,0,0,12,10,1,2,0,0,1,1,2,5,2,2,15,20,8,9,16,32,4,10,13,10,13,7,,20.6,18,12,56.6,56.4,?,107.1,238,212,1,4,1,1,2.54,4.27,2.68,D,1,1
1952,2020-21,2021-05-21,15,17:30,Stamford Bridge,38082,John Brooks,Clear,8.3,91,Cup,Chelsea,Crystal Palace,Mauricio Pochettino,Oliver Glasner,4-4-2,3-5-2,BALANCED,defense,average,average,0,2,3,2,6;16;28+2,7;52,12,8,10,,83.3,87.5,2.57,2.06,0.43,-0.06,54.1,45.9,325,448,81.8,82.5,54,42,2,1,0,0,,16,0,2,0,0,0,0,20,15,1,1,0,,5,4,5,7,2,3,19,16,14,16,18,16,7,2,9,12,,10,15.5,44.9,17,7,43.5,66.9,106.6,110.6,169,149,3,4,3,0,2.66,3.9,2.72,H,3,0
105,2019-20,2019-10-20,21,17:30,Vitality Stadium,10567,,Windy,19.2,73,League,Bournemouth,Aston Villa,Andoni Iraola,Unai Emery,4-2-3-1,5-4-1,,attack,,avg,1,0,2,0,32;79,none,10,10,9,5,90.0,50.0,1.67,0.1,0.33,,37.6,62.4,676,266,74.9,82.3,40,-73,4,2,0,0,19,7,0,0,0,,0,0,20,16,4,4,0,0,0,1,5,7,0,2,17,21,12,10,23,22,4,4,nan,20,24,4,29.6,17.2,20,18,50.2,48.2,121.1,97.2x,275,247,2,2,0,0,3.37,3.08,2.65,H,3,0
367,2019-20,2020-04-28,24,16:30,Emirates Stadium,50237,Andy Madley,Clear,7.7,91,Derby,Arsenal,Manchester City,Mikel Arteta,Pep Guardiola,3-4-3,4-3-2-1,attack,balanced,average,AVERAGE,1,1,2,1,6;17,23,8,10,?,4,87.5,40.0,2.02,1.01,-0.02,-0.01,51.2,48.8,476,355,90.9,94.6,68,41,5,2,2,1,20,8,0,0,0,0,0,0,15,10,1,3,0,0,5,0,3,5,1,2,18,28,13,8,29,22,2,5,21,11,,12,20.9,20.1,10,6,52.3,69.3,100.4,109.8,210,165,2,2,2,1,2.46,3.87,2.98,H,3,0
1765,2023-24,2024-01-29,28,12:30,Amex Stadium,25667,Jarred Gillett,Light Rain,4.5,76,Top 4 battle,Brighton,Liverpool,Roberto De Zerbi,Jurgen Klopp,4-1-4-1,4-2-3-1,balanced,attack,good,average,2,1,2,2,31;85,33;38,15,12,,5,33.3,41.7,,2.62,-0.49,-0.62,,60.8,445,307,80.0,93.4,31,68,7,1,2,1,13,9,0,0,0,0,0,0,9,20,2,1,nan,0,0,5,3,3,2,2,15,21,,9,,32,8,5,20,21,5,17,33.7,43.5,12,11,43.7,65.2,111.5,111.1,232,175,1,3,2,1,2.96,4.58,2.25,D,1,1
2073,2023-24,2023-08-19,15,19:45,City Ground,27766,Anthony Taylor,Foggy,18.6,77,Derby,Nottm Forest,Luton Town,Nuno Espirito Santo,Rob Edwards,3-5-2,5-4-1,defense,defense,good,bad,3,0,4,1,7;24;46;67,77,17,6,6,2,35.3,33.3,4.96,1.29,,-0.29,58.4,41.6,503,510,77.8,77.1,28,70,11,3,2,1,20,20,,0,0,0,0,0,13,15,2,2,,0,3,0,1,2,,4,18,20,17,15,16,36,2,8,18,20,24,4,20.3,29.1,10,9,57.7,51.3,110.2,110.7,166,204,1,7,3,1,2.58,4.04,2.74,H,3,0
923,2021-22,2021-12-04,26,14:05,Stamford Bridge,31672,Michael Oliver,Rainy,22.8,58,League,Chelsea,Liverpool,Mauricio Pochettino,Jurgen Klopp,4-2-3-1,3-4-3,balanced,attack,good,good,0,1,0,2,none,17;60,18,?,6,?,33.3,46.2,0.1,2.42,-0.1,,47.0,53.0,,553,90.3,88.1,20,nan,4,1,0,0,6,5,0,0,0,0,0,0,17,13,1,1,0,0,1,1,4,6,2,0,28,24,17,13,30,28,9,5,20,13,19,22,18.5,20.5,11,4,45.9,42.5,100.6,106.2,252,277,2,4,1,0,2.68,3.54,2.9,A,0,3
381,2020-21,2020-09-13,19,16:30,Emirates Stadium,46838,Chris Kavanagh,Windy,21.2,65,League,Arsenal,Wolves,Mikel Arteta,Gary O'Neil,,3-4-3,attack,defense,good,good,0,0,3,0,5;35;46,none,13,10,7,2,53.8,20.0,3.09,0.1,-0.09,-0.1,,35.1,504,280,84.3,80.4,31,72,5,,0,0,,10,1,0,0,0,0,0,13,11,1,2,0,0,,5,2,,,3,22,27,11,,24,14,8,7,19,8,13,20,25.7,21.9,10,13,60.7,54.9,106.4,nan,246,177,1,3,2,2,2.65,2.85,3.69,H,3,N/A
440,2020-21,2020-10-21,15,19:45,Emirates Stadium,353206,Stuart Attwell,Light Rain,18.7,71,Cup,Arsenal,Burnley,Mikel Arteta,Vincent Kompany,5-4-1,4-3-3,attack,defense,BAD,bad,1,0,1,2,11,7;33,9,,3,3,33.3,20.0x,0.86,2.72,0.14,-0.72,71.9,28.1,529,615,90.8,72.3,56,23,7,6,0,1,16,15,0,0,0,0,0,0,17,6,0,3,0,0,1,5,1,2,2,1,14,28,13,13,39,20,4,2,23,17,20,4,44.0,37.8,17,12,65.8,52.7,109.2,103.4,275,172,1,3,0,0,1.95,4.52,3.76,A,0,3
1587,2023-24,2023-09-27,6,15:00,Craven Cottage,nan,Michael Oliver,,10.8,48,Derby,Fulham,Burnley,Marco Silva,Vincent Kompany,4-1-4-1,3-4-3,balanced,defense,average,bad,0,1,3,2,7+3;43;86,20;88,,6,6,3,40.0,50.0,3.28,2.37,-0.28,-0.37,65.7,34.3,455,543,85.2,77.6,23,50,6,6,0,2,,8,0,1,1,0,1,0,16,13,1,,0,0,4,0,1,3,2,3,11,16,,17,21,24,2,5,16,9,7,6,41.1,19.4,15,4,72.4,41.9,105.6,113.0,213,256,4,7,1,0,?,3.55,4.0,H,3,
736,2020-21,2021-05-19,19,12:30,Kenilworth Road,8293,Andy Madley,Windy,7.7,91,Cup,Luton Town,Liverpool,Rob Edwards,Jurgen Klopp,5-4-1,4-3-3,defense,attack,average,average,0,2,1,2,37+3,19+4;78,,12,9,2,50.0,16.7,1.41,1.64,-0.41,0.36,34.1,65.9,417,520,73.0,85.9,38,58,7,5,0,1,17,,0,1,0,0,0,0,16,-7,3,0,0,0,3,1,0,8,2,1,24,18,16,6,28,34,8,3,11,9,6,15,44.1,40.7,12,4,53.1,57.8,101.2,103.1,234,211,3,7,0,0,3.34,4.6,##,A,0,3
288,2019-20,2020-03-02,38,12:30,Turf Moor,19893,Andy Madley,Cloudy,8.1,76,League,Burnley,Brentford,Vincent Kompany,Thomas Frank,4-2-3-1,4-4-2,defense,attack,bad,good,0,1,1,3,35,5;52+1;53,14,7,2,,14.3,28.6,0.8,3.54,,-0.54,33.6,66.4,588,333,70.9,86.6,75,50,8,9,0,2,14,13,0,0,1,1,1,1,9,6,2,3,0,0,4,1,,1,3,1,10,23,15,11,39,25,12,6,25,22,13,,15.1,24.9,10,4,54.1,70.2,102.5,108.0,191,145,1,5,2,0,2.92,4.51,2.29,A,,
1826,2023-24,2024-03-15,31,15:00,Turf Moor,19454,Chris Kavanagh,Sunny,24.1,,League,Burnley,Liverpool,Vincent Kompany,Jurgen Klopp,4-3-2-1,3-5-2,defense,ATTACK,good,bad,1,0,,2,60,38;45,15,15,7,-1,46.7,40.0,1.64,1.72,-0.64,N/A,40.9,59.1,394,301,76.7,89.2,31,36,9,1,0,1,21,9,0,0,,0,0,0,17,15,1,3,1,0,4,0,4,?,nan,1,23,28,11,8,23,30,5,5,10,10,16,17,33.9,17.2,18,12,49.3,68.9,N/A,105.3,236,168,2,4,0,0,2.86,4.92,2.23,A,0,3
298,2019-20,2020-03-05,2,16:30,Molineux Stadium,30614,John Brooks,Windy,15.4,78,Cup,Wolves,Bournemouth,Gary O'Neil,Andoni Iraola,4-3-2-1,,defense,attack,average,average,4,3,4,3,28;55;74+4;83,49;50;80,18,14,N/A,6,44.4,42.9,,4.05,-0.56,-1.05,48.3,N/A,432,328,nan,81.1,35,-27,9,7,0,2,14,15,0,0,0,0,0,0,9,13,1,3,0,0,1,1,3,4,3,4,20,19,17,8,32,13,8,3,10,7,6,21,36.6,30.4,17,6,66.8,43.1,108.1,109.8,,248,0,1,2,0,2.13,8.06,2.46,H,3,0
1870,2023-24,2024-04-15,29,17:30,Villa Park,36058,Jarred Gillett,Light Rain,5.3,57,Derby,Aston Villa,Everton,Unai Emery,Sean Dyche,4-3-3,4-3-2-1,attack,defense,Avg,average,1,1,2,2,2;8,,14,16,3,7,21.4,43.8,2.61,2.39,-0.61,##,61.5,38.5,303,585,81.1,79.9,63,38,2,7,0,1,18,15,0,0,1,1,1,1,7,9,2,,0,0,2,3,5,1,2,2,24,19,8,5,14,32,10,7,17,6,18,5,26.1,33.3,14,4,45.2,##,103.5,99.5,276,,2,6,3,2,2.25,6.28,2.53,D,1,1
586,2020-21,2021-02-03,6,14:05,Villa Park,39209,Robert Jones,Rainy,17.6,95,Top 4 battle,Aston Villa,Burnley,Unai Emery,Vincent Kompany,4-3-3,5-4-1,attack,defense,average,bad,1,0,2,0,58;85,none,17,11,10,5,58.8,45.5,2.25,0.47,-0.25,-0.47,63.7,36.3,374,260,80.6,76.3,73,,3,,1,0,18,17,0,0,0,0,0,0,10,19,2,2,0,0,3,2,5,8,0,nan,21,18,17,9,14,25,9,9,18.0,8,22,17,43.4,17.8,11,6,67.9,53.6,110.9,109.5,193,209,3,5,0,,1.83,10.26,2.81,H,3,0
795,2021-22,2021-09-05,13,14:05,Anfield,48340,Chris Kavanagh,Rainy,17.6,51,Title race,Liverpool,Newcastle,Jurgen Klopp,,3-4-3,3-5-2,attack,defense,bad,bad,N/A,0,2,0,11;50,none,12,14,5,4,41.7,28.6,1.99,0.1,0.01,-0.1,null,52.3,N/A,384,86.9,86.0,45,69,2,4,0,0,16,16,0,0,0,0,0,0,16,19,0,4,0,0,2,2,4,3,0,2,24,10,17,9,29,31,5,7,24,13,7,6,28.6,34.0,16,18,41.7,54.2,109.7,110.6,214,173,1,3,1,0,2.0,6.86,2.82,H,3,N/A
1384,2022-23,2023-01-21,7,16:30,London Stadium,55443,John Brooks,Foggy,14.0,82,League,West Ham,Manchester City,David Moyes,Pep Guardiola,4-3-2-1,3-5-2,defense,balanced,bad,average,2,1,3,,11;52;63,,13,17,5,8,38.5,47.1,3.38,0.72,-0.38,0.28,42.1,57.9,621,397,84.4,96.1,33,21,4,2,1,1,12,20,0,0,0,0,0,0,18,18,4,1,0,,5,3,7,2,1,3,25,26,14,9,14,21,3,6,20,17,8,6,18.5,28.2,16,13,54.4,54.6,103.6,112.3,174,147,2,3,1,0,2.4,8.33,2.16,H,3,0
69,2019-20,2019-09-26,26,15:00,Amex Stadium,29886,Simon Hooper,Windy,16.9,78,Cup,Brighton,Manchester City,Roberto De Zerbi,Pep Guardiola,4_2_3_1,4-2-3-1,bal,balanced,bad,average,,2,0,2,none,38;68,19,6,6,5,31.6,83.3,0.1,,-0.1,-0.14,39.6,60.4,310,634,85.5,89.5,75,23,,2,0,2,20,14,0,0,0,0,0,0,8,14,2,3,1,0,6,0,3,6,2,0,18,23,20,14,10,31,3,3,22,6,11,,38.9,38.6,7,9,45.7,71.6,111.6,113.2,300,265,1,1,0,0,2.52,5.77,2.33,A,0,3
1076,2021-22,2022-03-22,23,15:00,Selhurst Park,24390,Thomas Bramall,Sunny,17.0,77,Relegation 6-pointer,Crystal Palace,Nottm Forest,Oliver Glasner,Nuno Espirito Santo,4-3-2-1,3-4-3,defense,defense,good,good,0,1,2,1,29;35,6,12,8,10,1,83.3,12.5,1.46,0.81,0.54,0.19,59.8,40.2,533,286,83.2,75.0,50,21,3,5,2,1,15,,0,0,0,0,0,0,19,6,3,1,0,0,5,0,0,8,1,2,15,,8,13,19,16,10,3,11,17,5,16,24.5,25.9,13,15,47.5,,105.6,-,177,188,N/A,0,1,1,2.87,2.88,3.29x,H,3,0
1287,2022-23,2022-11-19,14,14:05,Craven Cottage,19753,Chris Kavanagh,Overcast,6.2,46,League,Fulham,Sheffield United,Marco Silva,Chris Wilder,4-3-2-1,4-2-3-1,balanced,defense,good,good,3,,,0,49+5;54;78;79,none,14,14,5,6,35.7,42.9,2.86,0.22,1.14,,57.1,42.9,480,448,85.4,72.0,38,59,4,6,1,,9,6,0,0,0,0,0,0,9,19,1,0,0,0,4,2,6,1,0,4,21,17,17,12,27,13,4,2,9,15,22,4,19.8,38.0,14,13,48.6,62.3,110.7,104.1,185,171,2,6,1,1,2.41,3.5,3.34,H,,0
1836,2023-24,2024-03-23,12,12:30,Anfield,54609,Chris Kavanagh,Sunny,18.7,49,League,Liverpool,Crystal Palace,Jurgen Klopp,Oliver Glasner,4-2-3-1,3-4-3,attack,defense,bad,AVERAGE,2,0,3,0,11;60;69,none,12,10,3,6,25.0,60.0,3.19,0.1,-0.19,-0.1,61.3,38.7,662,337,92.5,83.0,58,21,3,2,2,0,14,16,0,0,0,1,0,0,,9,2,2,0,0,3,0,6,0,0,3,18,25,7,18,34,18,,8,22,,16,11,25.6,35.6,,5,44.4,41.7,113.8,110.1,208,204,4,3,1,1,1.91,9.19,2.72,H,3,0
1029,2021-22,2022-02-22,11,17:30,Tottenham Hotspur Stadium,47588,Chris Kavanagh,Light Rain,11.5,95,League,Tottenham,Sheffield United,Ange Postecoglou,Chris Wilder,4-2-3-1,5_4_1,attack,defense,good,bad,3,0,5,0,6+1;35;47;62;81,none,17,17,5,3,29.4,17.6,6.91,0.18,-1.91,##,66.0,34.0,509,263,84.3,76.7,40,27,4,8,,0,19,19,0,,0,0,0,0,15,10,3,0,0,0,3,5,3,0,0,5,18,23,12,17,37,26,3,4,18,11,19,15,30.0,41.4,17,9,60.7,54.3,105.0,108.0,187,172,2,3,1,0,nan,4.54,3.58,H,3,0
1369,2022-23,2023-01-11,3,14:05,Tottenham Hotspur Stadium,54538,David Coote,Rainy,1.6,45,Title race,Tottenham,Arsenal,Ange Postecoglou,Mikel Arteta,3-5-2,3-5-2,attack,attack,good,good,0,1,1,1,47+2,53,15,11,6,8,40.0,72.7,1.06,1.4,-0.06,-0.4,43.2%,56.8,310,627,82.3,89.1,65,70,8,4,1,0,20,16,0,0,0,0,0,0,13,10,3,1,0,0,2,0,7,5,1,1,14,23,10,16,11,14,8,9,18,9,21,,18.7,35.2,11,,46.0,47.3,113.8,112.5,238,234,2,1,1,1,2.36,6.58,2.36,D,1,1
1966,2021-22,2021-11-10,22,15:00,Goodison Park,34355,Andy Madley,Sunny,24.9,66,Cup,Everton,Arsenal,Sean Dyche,Mikel Arteta,4-4-2,4-1-4-1,defense,attack,average,average,0,0,,4,none,6;8;59;70,17,17,7,2,41.2,11.8,0.1,3.53,-0.1,0.47,39.3,60.7,,263,82.0,86.8,57,55,7,2,,2,11,20,0,0,0,2,0,2,11,12,3,1,0,0,4,0,0,7,4,0,11,N/A,6,5,22,13,11,2,19,16,5,18,27.0,,13,5,45.9,48.6,108.2,113.5,274,214,N/A,3,2,0,2.54,6.07,2.27,A,0,3
1771,2023-24,2024-02-05,10,14:05,Anfield,57185,Simon Hooper,Cloudy,11.5,48,Cup,Liverpool,Newcastle,Jurgen Klopp,Eddie Howe,4-4-2,4-1-4-1,attack,defense,good,average,1,0,3,0,21;57;63,none,,13,8,,66.7,46.2,3.83,0.22,,-0.22,55.2,44.8,465,541,,84.3,47,32,6,2.0,2,0,15,?,0,0,0,0,0,0,7,17,1,2,,0,1,0,6,5,0,3,19,13,-7,12,37,24,2,6,11,5,N/A,18,21.3,23.4,9,15,63.1,40.8,110.3,111.0,223,233,4,1,1,1,2.4,4.16,?,H,3,0
157,2019-20,2019-11-30,20,20:00,Emirates Stadium,48631,Robert Jones,Windy,9.9,89,League,Arsenal,Burnley,Mikel Arteta,Vincent Kompany,3-5-2,3-4-3,attack,balanced,average,,1,1,2,1,30+5;55,57,17,16,7,8,41.2,50.0,,1.2,,-0.2,62.3,37.7,440,627,91.7,75.9,80,36,2,8,1,1,7,14,0,,0,,0,0,15,13,4,2,0,0,1,3,7,5,1,,17,21,11,7,N/A,8,12,6,25,6,25,5,23.9,16.8,18,17,65.6,46.1,108.2,112.2,187,187,2,,0,0,2.37,3.14,3.85,H,3,0
766,2021-22,2021-08-17,32,15:00,St. James' Park,51146,Thomas Bramall,Windy,7.7,46,League,Newcastle,Burnley,Eddie Howe,Vincent Kompany,4-3-2-1,4-2-3-1,defense,defense,bad,good,2,0,2,1,,50+5,9,7,7,7,null,100.0,2.46,1.12,-0.46,-0.12,60.7,39.3,476,253,81.5,69.7,67,35,2,9,0,0,21,19,0,0,0,0,0,0,14,14,nan,2,0,0,2,1,6,5,1,2,22,21,5,5,14,38,7,4,8,12,18,15,33.9,,9,15,66.8,45.4,104.8,109.9,221,166,1,2,2,0,2.21,4.86,2.93,H,3,0
1057,2021-22,2022-03-13,14,15:00,Kenilworth Road,,Anthony Taylor,Cloudy,26.5,,Cup,Luton Town,Arsenal,,Mikel Arteta,,4-2-3-1,def,attack,bad,bad,0,1,2,N/A,50;73,23;55+2;63;84,12,15,-2,5,41.7,33.3,2.36,5.36,-0.36,-1.36,31.6,68.4,479,453,69.8,88.1,,23,3,2,0,0,16,6,0,0,2,1,2,1,8,13,1,3,0,0,5,1,1,3,4,2,25,18,9,10,25,12,7,2,12,20,21,nan,27.6,38.8,6,-10,63.3,66.5,111.3,110.6,167,244,3,,1,1,3.6,4.77,1.95,A,0,3
1059,2021-22,13/03/2022,32,19:45,Vitality Stadium,11065,Simon Hooper,Cloudy,14.7,?,League,Bournemouth,Manchester United,Andoni Iraola,Erik ten Hag,4-2-3-1,4-3-3,attack,balanced,average,bad,0,0,0,2,none,23;28,16,13,7,3,43.8,23.1,0.1,2.04,##,-0.04,38.3,61.7,370,379,81.5,81.7,25,20,10,9,0,1,,9,0,0,0,0,0,0,10,13,3,2,0,0,1,4,1,7,2,0,21,25,5,16,29,36,4,5,25,6,23,13,N/A,26.4,18,13,52.6,40.5,110.3,113.3,281,236,3,7,1,1,3.28,3.97,2.26,A,0,3
395,2020-21,2020-09-24,37,12:30,City Ground,29493,Michael Oliver,Windy,16.5,58,League,Nottm Forest,Crystal Palace,Nuno Espirito Santo,Oliver Glasner,4-2-3-1,3-4-3,defense,defense,average,average,0,?,0,2,none,74;75,15,,10,3,66.7,20.0,0.1,1.89,-0.1,0.11,47.9,52.1,627,615,77.9,80.2,67,24,2,8,0,0,6,17,0,0,1,1,0,1,16,9,1,2,0,0,3,4,1,,2,0,28,18,,17,39,26,5,3,17,15,19,12,33.2,43.5,12,5,44.0,57.7,103.4,109.2,273,283,,3,3,0,2.47,3.45,3.28,A,0,3
1519,2022-23,2023-04-30,37,12:30,Craven Cottage,22677,Stuart Attwell,Foggy,13.2,40,League,Fulham,Chelsea,Marco Silva,,4-4-2,4-1-4-1,balanced,bal,good,bad,0,,1,1,70,54,11,12,5,,45.5,16.7,0.58,1.34,0.42,-0.34,47.0,53.0,436,259,81.5,87.4,63,31,3,8,1,0,20,13,0,1,1,0,0,0,9,11,3,0,0,0,4,3,1,4,N/A,,22,11,7,6,38,37,10,2,14,13,7,16,28.0,31.1,14,7,56.0,,103.5,106.4,nan,244,3,6,2,0,2.42,4.97,2.6,D,1,1
1918,2021-22,2022-05-14,21,12:30,Etihad Stadium,44495,Chris Kavanagh,Rainy,11.0,91,Cup,Manchester City,Liverpool,Pep Guardiola,Jurgen Klopp,5-4-1,,balanced,attack,bad,bad,1,0,2,1,71;80,7+5,11,17,7,N/A,63.6,41.2,2.72,1.06,-0.72,-0.06,46.6,53.4,N/A,552,87.9,90.7,59,68,6,3,2,1,8,12,0,1,0,1,0,0,8,14,1,0,0,0,,5,6,5,1,2,15,14,14,8,30,32,3.0,4,15,12,25,17,43.5,40.8,13,13,52.2,43.6,115.7,107.9,189,244,2,3,0,0,2.3,4.35,2.98,H,3,0
488,2020-21,2020-11-26,18,15:00,Tottenham Hotspur Stadium,60949,Michael Oliver,Overcast,10.6,79,League,Tottenham,Brentford,Ange Postecoglou,Thomas Frank,4-3-2-1,3-5-2,attack,attack,average,average,0.0,0,0,1,none,14,19,6,9,1,47.4,16.7,0.1,0.88,,0.12,60.4,39.6,689,533,86.7,85.1,68,26,4,9,0,0,7,,0,0,0,1,0,1,15,16,1,2,0,0,2,5,0,9,1,0,11,14,8,9,33,26,,2,23,19,13,18,39.3,20.9,16,13,68.0,44.4,,,202,277,5,3,,0,2.55,3.15,3.44,A,0,3
1632,2023-24,2023-10-28,24,17:30,City Ground,28762,Chris Kavanagh,Rainy,9.5,72,Cup,Nottm Forest,Luton Town,Nuno Espirito Santo,Rob Edwards,4-2-3-1,5-4-1,,defense,good,good,0,0,0,1,none,35,19,7,,7,nan,100.0,0.11,0.67,-0.11,0.33,63.1,36.9,351,463,81.6,73.6,30,59,7,4,0,1,14,17,0,0,0,0,0,0,9,15,2,0,0,0,6,3,6,7,1,0,23,28,17,7,23,26,2,6,N/A,10,20,16,43.2,26.7,8,16,46.4,42.7,98.9,108.7,293,184,,2,2,1,2.21,3.39,3.95,A,0,3
1096,2021-22,2022-04-09,9,12:30,Turf Moor,19148,Andy Madley,Sunny,-1.5,44,League,Burnley,Manchester City,Vincent Kompany,Pep Guardiola,4-2-3-1,4-3-3,defense,balanced,good,average,0,0,,1,67;77,33,8,6,8,5,,83.3,2.25,0.71,,0.29,35.5,64.5,639,491,69.8,,63,70,10,3,0,0,15,14,0,0,1,0,0,0,17,17,1,1,0,0,3,4,4,6,1,2,16,19,19,7,24,29,5,4,16,9,6,17,29.1,41.6,7,6,52.4,49.2,109.6,105.6,206,195,2,1,1,0,2.83,7.76,1.93,H,3,0
1007,2021-22,2022-02-06,37,17:30,Molineux Stadium,30374,Simon Hooper,Rainy,-2.2,50,League,Wolves,Luton Town,Gary O'Neil,Rob Edwards,,5-4-1,,defense,average,bad,0,0,5,0,11;11;21;52;61+5,none,9,9,4,5,44.4,55.6,3.64,0.1,1.36,-0.1,58.9,41.1,541,322,78.4,72.3,72,59,10,7,1,0,18,16,1,0,2,0,2,?,17,10,1,2,0,0,1,4,5,0,0,5,25,25,10,18,26,13,6,4,12,16,12,4,18.3,,20,4,,68.8,101.9,,264,217,1,6,0,0,2.15,3.56,,H,3,0
847,2021-22,2021-10-16,13,16:30,Craven Cottage,21628,John Brooks,Rainy,9.2,57,Cup,Fulham,Brighton,Marco Silva,Roberto De Zerbi,4-4-2,4-1-4-1,balanced,balanced,good,Avg,0,1,0,2,none,15;89+3,8,16,5,2,N/A,12.5,0.1,,-0.1,0.15,40.9,59.1,544,646,78.8,82.1,60,36,11,4,0,2,,9,0,0,0,0,0,0,13,18,2,2,0,0,0,5,,5,2,0,17,26,11,15,39,21,12,7,14,19,18,11,24.5,25.2,8,13,61.4,57.5,-,105.1,211,235,0,3,2,,2.81,3.52,2.78,A,0,3
1554,2023-24,2023-09-02,4,19:45,Etihad Stadium,53260,Thomas Bramall,Overcast,-0.8,47,Title race,Manchester City,Nottm Forest,Pep Guardiola,Nuno Espirito Santo,3-5-2,5-4-1,balanced,DEFENSE,bad,average,1,1,3,1,35;46;47,75,11,10,8,7,72.7,70.0,2.4,1.3,0.6,-0.3,70.7,29.3,601,259,89.0,79.1,24,75,8,1,2,1,12,19,0,0,1,0,1,0,18,,2,3,0,0,1,,6,,1,3,22,19,15,5,33,13,9,7,8,10,14,17,,33.0,20,14,67.0,58.1,111.7,109.4,240,161,,2,3,0,1.97,3.81,4.35,H,3,0
1414,2022-23,2023-02-12,11,12:30,Goodison Park,32179,Chris Kavanagh,Foggy,12.6,76,League,Everton,Sheffield United,Sean Dyche,Chris Wilder,5-4-1,4-1-4-1,defense,defense,bad,good,1,0,2,0,6;62,none,16,14,9,2,56.2,14.3,1.89,0.1,0.11,-0.1,59.9,40.1,384,480,76.1,68.8,31,68,9,3,2,0,7,18,0,0,0,0,0,0,13,17,3,1,0,0,6,0,2,7,0,2,17,21,?,11,39,11,5,,18,21,19,20,15.2,39.9,11,4,43.5,44.6,112.7,103.4,162,140,5,5,1,1,1.95,4.14,4.08,H,3,0
1301,2022-23,2022-11-24,10,19:45,Bramall Lane,26092,John Brooks,Sunny,,75,League,Sheffield United,Wolves,Chris Wilder,Gary O'Neil,4-4-2,4-3-2-1,defense,defense,average,bad,0,0,0,2,none,36;86+5,15,13,3,3,20.0,23.1,0.1,,-0.1,-0.27,38.0,,677,452,68.9,83.8,22,38,4,2,0,1,14,5,0,0,0,0,0,0,12,8,3,2,0,0,4,1,1,3,2,0,25,16,12,9,35,21,6,5,9,22,16,7,31.2,N/A,13,8,46.7,57.9,111.7,113.1,203,175,5,6,,0,2.75,4.97,2.3,A,0,3
1098,2021-22,2022-04-09,2,19:45,Stamford Bridge,38376,Anthony Taylor,Foggy,16.5,48,League,Chelsea,Tottenham,Mauricio Pochettino,Ange Postecoglou,4-3-2-1,3-4-3,BALANCED,attack,bad,bad,0,0,1,1,3,84+1,11,9,8,8,72.7,88.9,1.17,1.17,-0.17,-0.17,49.4,50.6,330,550,80.7,83.9,54,,3,9,0,0,20,17,0,0,1,1,1,1,13,6,2,0,1,1,2,1,7,7,1,1,20,16,16,7,24,29,12,10,17,14,15,21,28.9,35.4,14,8,,60.6,103.8,114.1,295,241,0,5,0,0,2.74,3.18,3.12,D,1,1
1022,2021-22,2022-02-15,9,12:30,Emirates Stadium,51699,Anthony Taylor,Light Rain,6.3,,League,Arsenal,Luton Town,Mikel Arteta,Rob Edwards,3-5-2,4-3-3,attack,defense,average,average,0,,0,1,none,67,10,16,8,8,80.0,50.0,,0.6,-0.1,0.4,65.2,34.8,397,533,86.5,78.5,28,48,6,9.0,0,1,13,14,0,0,1,0,0,0,9,8,2,4,1,0,0,0,,8,1,0,,13,14,14,36,31,2,10,13,21,22,21,40.1,27.3,19,7,74.9,,104.6,105.7,229,223,0,4,0,0,1.77,8.39,3.16,A,0,3
838,2021-22,2021-10-06,3,20:00,Villa Park,32303,Thomas Bramall,Light Rain,8.6,61,League,Aston Villa,Brentford,Unai Emery,Thomas Frank,5-4-1,4-2-3-1,attack,attack,bad,bad,3,0,3,1,2;22;33,84,18,16,5,4,27.8,25.0,2.96,1.34,0.04,-0.34,54.6,45.4,626,524,82.8,80.7,47,55,6,4,1,1,22,-13,0,0,0,0,0,0,9,19,3,2,0,0,6,4,3,2,1,3,15,16,20,8,15,10,,8,22,14,14,,30.9,24.0,8,6,42.0,49.5,104.6,105.8,163,251,3,3,1,1,2.29,3.52,3.58,H,3,0
807,2021-22,2021-09-17,10,17:30,St. James' Park,50031,Thomas Bramall,Light Rain,-0.5,83,League,Newcastle,Liverpool,Eddie Howe,Jurgen Klopp,3-5-2,4-2-3-1,defense,attack,good,average,0,0,1,,3,57;84,20,16,5,5,25.0,31.2,0.85,1.54,0.15,0.46,39.8,60.2,515,368,83.1,89.4,29,,11,2,0,1,19,11,0,0,0,0,0,,17,20,3,,0,0,5,0,3,4,2,1,28,25,20,10,35,9,7,6,15,20,19,22,16.1,25.5,8,10,66.9,52.5,108.5,100.3,,249,2,4,0,0,,5.22,2.7,A,0,3
895,2021-22,2021-11-18,16,20:00,Anfield,54668,John Brooks,Overcast,19.8,47,Top 4 battle,Liverpool,Manchester City,Jurgen Klopp,Pep Guardiola,3-5-2,3-5-2,attack,balanced,bad,average,1,1,1,1,85,##,8,12,7,8,87.5,,1.51,##,-0.51,0.02,,54.4,398,323,92.0,95.5,54,23,4,9,0,1,11,20,0,0,0,0,0,0,12,10,2,2,0,0,,1,7,6,1,1,13,13,18,6,21,N/A,9,7,24,14,23,21,41.2,36.1,8,13,41.7,51.9,107.4,108.3,265,257,1,2,1,0,2.71,3.36,2.99,D,1,1
1602,2023-24,2023-10-04,17,12:30,Etihad Stadium,50409,John Brooks,,-1.5,78,Cup,Manchester City,Bournemouth,Pep Guardiola,Andoni Iraola,4-1-4-1,4-3-2-1,balanced,attack,bad,bad,0,0,2,0,43;69,none,15,13,10,5,null,38.5,1.98,0.35,,-0.35,67.6,32.4%,402,280,89.4,76.0,38,65,10,3,0,0,11,20,1,0,0,0,0,,18,20,1,2,0,0,0,5,5,8,0,2,N/A,26,11,16,30,36,3,4,12,19,25.0,16,30.6,39.4,12,10,54.7,59.4,108.2,107.0,290,205,1,3,2,0,?,3.68,3.26,H,3,0
840,2021-22,2021-10-07,19,16:30,Old Trafford,63809,Paul Tierney,Overcast,,50,League,Manchester United,Crystal Palace,Erik ten Hag,Oliver Glasner,4-3-2-1,5-4-1,balanced,defense,bad,good,0,0,0,2,none,16;39,15,15,4,2,26.7,13.3,0.1,2.32,-0.1,-0.32,59.3,40.7,569,332,82.9,76.3,59,61,4,8,0,0,14,18,0,0,0,0,0,,18,15,0,2,0,0,5,5,,4,2,nan,23,27,10,,15,8,8,5,,21,18,11,34.3,,10,4,43.9,49.7,107.3,110.9,,256,1,1,1,1,,7.76,2.6,A,0,3
126,2019-20,2019-11-03,24,20:00,Turf Moor,20604,Simon Hooper,Sunny,21.5,,Top 4 battle,Burnley,Bournemouth,Vincent Kompany,Andoni Iraola,5-4-1,,defense,attack,average,average,0,1,0,1,none,88,8,9,6,2,75.0,22.2,0.1,0.95,-0.1,0.05,49.3,50.7,442,347,76.3,82.3,72,24,9,9,0,0,10,19,,1,0,0,0,0,15,6,2,2,0,0,,N/A,1,6,1,0,26,21,15,14,14,19,,6,9,21,7,11,26.4,35.5,14,17,41.7,46.2,103.6,114.1,162,160,-3,4,2,2,3.32,3.07,2.68,A,0,3
1770,2023-24,2024-02-04,16,17:30,Emirates Stadium,58055,Paul Tierney,Rainy,28.6,69,Top 4 battle,Arsenal,Brentford,Mikel Arteta,Thomas Frank,4-1-4-1,5-4-1,attack,attack,,,1,0,,1,35;36;36;44;58,37,16,14,4,7,25.0,50.0,5.52,0.5,-0.52,0.5,62.5,37.5,688,487,87.7,85.1,76,19,7,4,1,0,22,17,0,0,1,0,1,0,20,9,3,2,0,0,0,3,6,0,1,5,27,12,13,6,31,31,5,6,19,5,17,13,44.4,21.1,12,14,57.7,53.0,102.7,103.6,199,261,2,0,3,0,-,4.0,2.97,H,3,0
1623,2023-24,2023-10-19,20,15:00,Craven Cottage,23629,Simon Hooper,Sunny,19.4,90,League,Fulham,Sheffield United,Marco Silva,Chris Wilder,4-4-2,4-1-4-1,balanced,defense,good,average,2,0,2,1,14+3;86,33,nan,14,9,3,64.3,21.4,2.08,0.89,-0.08,0.11,61.4,38.6,678,484,84.1,74.3,nan,36,9,4,2,,20,15,0,0,1,1,0,1,11,11,2,1,0,1,3,4,2,,1,2,16,13,7,12,24,16,2,3,5,15,16,4,38.0,15.4,15,17,null,56.6,101.8,103.4,164,287,0,4,1,1,2.27,3.31,3.89,H,3,0
1120,2021-22,2022-04-24,29,12:30,Vitality Stadium,9246,David Coote,Light Rain,18.7,47,Title race,Bournemouth,Chelsea,Andoni Iraola,Mauricio Pochettino,4-1-4-1,,attack,balanced,average,good,0,1,1,3,66,22+1;86;90,15,17,9,3,,17.6,0.99,3.14,,-0.14,39.8,60.2,421,596,74.3,86.2,71,21,6,4,0,2,15,11,0,0,0,0,0,0,18,7,3,3,1,1,4,5,0,8,3,N/A,16,26,19,15,40,31,8,3,8,6,25,11,27.8,44.2,15,13,65.5,43.8,101.8,109.2,282,163,3,3,1,1,3.29,,2.72,A,0,3
613,2020-21,2021-02-21,11,20:00,Emirates Stadium,46130x,Simon Hooper,Windy,4.1,74,Top 4 battle,Arsenal,Brentford,Mikel Arteta,Thomas Frank,4-1-4-1,4-3-2-1,attack,attack,good,bad,1,1,2,1,24;49,50,16,9,9,8,56.2,88.9,1.38,0.78,0.62,0.22,62.8,37.2,674,646,88.4,77.8,25,38,7,3,0,0,11,19,0,0,0,0,0,0,20,20,3,2,0,0,,?,7,7,1,2,29,23,,6,13,10,4,9,9,14,6,10.0,27.9,25.5,17,,62.5,69.8,101.0,107.6,284,192,2,4,0,0,2.31,3.38,3.69,H,,0
605,2020-21,2021-02-16,13,16:30,Tottenham Hotspur Stadium,51962,John Brooks,Cloudy,15.3,94,Top 4 battle,Tottenham,Chelsea,Ange Postecoglou,Mauricio Pochettino,3-5-2,4-3-3,attack,balanced,bad,good,0,0.0,5,1,11+2;60;61+5;61;83,65+4,12,13,8,1,66.7,7.7,,0.99,-0.31,0.01,46.3,53.7,643,621,88.8,89.7,56,67,7,1,2,0,16,19,,0,2,0,2,0,13,19,2,1,0,0,3,0,0,3,1,5,26,12,15,15,20,37,12,6,14,17,21,7,32.2,18.8,12,14,42.1,51.3,109.9,103.4,261,158,1,6,1,1,2.33,3.51,3.5,H,3,0
1673,2023-24,2023-11-28,29,16:30,Etihad Stadium,41252,John Brooks,Overcast,8.1,46,Cup,Manchester City,Brentford,,Thomas Frank,4-3-2-1,3-5-2,balanced,attack,average,BAD,1,0,3,1,57;59;71,32,9,10,8,1,88.9,10.0,2.6,0.84,0.4,0.16,59.8,40.2,674,,88.0,78.2,35,52,11,8,0,0,17,10,1,1,0,0,0,0,12,9,3,nan,0,0,5,5,0,5,1,3,17,20,20,18,31,15,2,10,23,7,9,15,15.7,31.0,13,4,73.9,45.8,106.5,112.3,159,281,1,6,1,0,2.61,3.88,2.78,H,3,0
660,2020-21,2021-03-30,29,15:00,Bramall Lane,25677,John Brooks,Cloudy,15.1,70,Top 4 battle,Sheffield United,Manchester City,,Pep Guardiola,4-4-2,3-5-2,defense,balanced,good,average,0,0,0,2,none,9;56,12,10,3,4,25.0,40.0,0.1,2.1,-0.1,-0.1,25.6,74.4,-331,503,77.6,86.8,,46,nan,7,0,1,14,11,0,0,0,0,0,0,16,14,3,2,0,0,5,3,2,3,2,0,10,20,17,18,39,14,4,8,21,16,12,21,24.9,19.0,6,17,49.6,48.6,108.1,107.9,191,181,3,5,0,0,4.76,3.64,1.94,A,0,3
560,2020-21,2021-01-16,8,17:30,Selhurst Park,21671,Paul Tierney,Rainy,15.2x,58,Top 4 battle,Crystal Palace,Tottenham,Oliver Glasner,Ange Postecoglou,4-2-3-1,5-4-1,defense,attack,good,bad,0,0,1,1,90,54,11,15,9,5,81.8,33.3,1.14,1.18,-0.14,-0.18,48.2,51.8,360,614,83.8,86.0,71,52,6,3,0,0,15,10,0,0,1,0,1,0,12,7,3,1,0,0,6,2,,8,?,1,20,17,nan,15,34,25,4,2,5,5,24,7,44.0,21.0,7,12,57.9,63.7,107.5,105.6,160,169,1,5,1,1,2.72,,2.3,D,1,1
1939,2019-20,2020-03-22,18,20:00,Vitality Stadium,8493,Thomas Bramall,Foggy,13.7,69,Derby,Bournemouth,Fulham,Andoni Iraola,Marco Silva,4-3-3,3_5_2,attack,balanced,bad,Avg,0,0,2,1,36;90,31+3,11,7,3,6,27.3,85.7,2.31,0.49,-0.31,0.51,51.9,48.1,554,306,80.1,80.7,34,35,3,,1,1,9,5,0,0,1,0,1,0,20,17,1,3,0,0,3,4,5,1,1,2,23,21.0,8,12,36,32,7,8,12,22,24,-17,27.6,26.1,8,15,50.4,64.1,105.1,110.7,163,244,3,4,1,0,2.37,4.0,3.04,H,3,0
134,2019-20,2019-11-13,5,12:30,St. James' Park,39666,Thomas Bramall,Cloudy,-1.1,70,League,Newcastle,Nottm Forest,Eddie Howe,Nuno Espirito Santo,5-4-1,4-2-3-1,defense,defense,AVERAGE,avg,2,2,3,2,18;27;82,37;85,18,9,10,4,55.6,44.4,3.85,1.64,-0.85,0.36,56.9,43.1,606,622,85.3,,21,55,8,2,1,1,13.0,7,0,0,0,0,0,0,12,10,2,1,0,0,6,2,2,,2,3,12,17,8,14,34,30,12,7,21,16,23,22,15.4,15.9,8,17,68.3,44.9,103.3,109.3,233,274,2,6,0,0,2.08,6.12,2.8,H,3,
1396,2022-23,2023-02-02,23,15:00,Etihad Stadium,53023,Jarred Gillett,Sunny,6.5,40,Top 4 battle,Manchester City,Tottenham,Pep Guardiola,Ange Postecoglou,3-5-2,3-4-3,balanced,attack,good,average,1,2,3,3,24;25;80,46;47;50,17,12,8,6,47.1,50.0,3.28,3.25,-0.28,-0.25,57.0,43.0,599,465,93.2,84.4,66,27,8,2,2,0,8,13,1,0,1,1,1,1,18,17,1,1,0,1,,1,3,5,3,3,19,23,11,6,12,18,4,2,21,17,8,11,28.6,24.9,9,7,66.9,51.4,113.2,111.9,275,185,2,1,0,0,2.34,,2.59,D,1,1
175,2019-20,2019-12-13,37,19:45,Gtech Community Stadium,16034,Chris Kavanagh,Windy,4.6,82,League,Brentford,Arsenal,Thomas Frank,Mikel Arteta,4-4-2,3-5-2,attack,attack,good,good,2,1,3,2,4;19;24,32;76,15,10,4,2,26.7,20.0,3.51,2.56,-0.51,-0.56,49.2,50.8,351,602,,90.8,70,70,2,4,1,2,20,7,0,0,0,0,0,0,12,15,2,1,0,0,2,N/A,0,1,2,3,12,10,10,17,16,8,,5,18,16,?,4,24.4,44.7,19,17,60.3,58.0,109.0,105.2,171,212,1,6,2,1,2.78,4.0,2.56,H,3,0
1146,2022-23,2022-08-10,2,19:45,Turf Moor,20773,Michael Oliver,Sunny,12.6,87,League,Burnley,Manchester United,Vincent Kompany,Erik ten Hag,3-4-3,3-5-2,defense,balanced,good,average,1,0,1,2,73,9;14,18,15,2,2,11.1,13.3,,2.2,0.34,-0.2,43.4,56.6,426,465,72.5,87.0,43,41,10,2,0,1,6,9,0,0,1,0,0,0,6,nan,0,2,1,0,4,3,0,1,2,1,16,26,16,9,14,36,10,5,18,16,17,6,43.5,40.4,14,6,56.1,42.2,98.9,106.1,211,nan,2,3,1,0,2.73,4.93,2.32,A,0,3
1812,2023-24,2024-03-07,11,17:30,London Stadium,52751,Stuart Attwell,Overcast,10.7,91,League,West Ham,Newcastle,,Eddie Howe,4-3-2-1,4-3-3,defense,defense,bad,average,1,0,1,2,46,61;78,20,12,4,4,20.0,33.3,1.47,2.36,-0.47,-0.36,49.2,50.8,498,645,82.4,85.0,76,49,4,5,1,2,18,13,0,0,0,0,0,0,10,11,2,1,0,0,,4,2,3,2,1,26,21,7,8,26,20,5,3,7,11,22,13,40.8,27.9,19,13,54.8,44.3,106.1,109.7,,211,0,3,2,1,,5.44,null,A,0,3
1869,2023-24,2024-04-12,31,20:00,Molineux Stadium,26369,Andy Madley,Cloudy,10.7,74,League,Wolves,Burnley,Gary O'Neil,Vincent Kompany,4-3-3,3-5-2,defense,defense,average,average,0,0,4,0,22;55;60;69,none,13,17,9,8,69.2,47.1,3.22,0.34,0.78,-0.34,55.5,44.5,325,523,75.4,72.1,73,45,10,9,0,,16,13,0,0,1,0,1,0,19,10,4,1,0,0,?,2,8,5,0,4,23,21,16,7,16,23,7,10,20,,16,21,26.9,29.8,17,9,53.2,54.8,112.3,102.4,192,172,5,2,0,0,2.7,3.4,2.98,H,3,0
325,2019-20,2020-03-25,13,16:30,Emirates Stadium,46083,John Brooks,Light Rain,12.7,65,League,Arsenal,Everton,Mikel Arteta,Sean Dyche,4-3-2-1,5-4-1,attack,defense,average,good,1,0,1,0,20,none,9,15.0,,7,44.4,46.7,0.94,0.1,0.06,-0.1,60.8,39.2,675,517,85.0,80.3,23,18,7,6,0,0,16,8,nan,0,0,1,0,0,7,9,0,1,0,0,5,2,7,,0,1,,13,18,10,36,29,10,4,18,5,14,5,39.9,34.7,9,16,67.0,50.7,106.9,104.8,190,160,1,1,1,0,2.16,3.64,,H,3,0
117,2019-20,2019-10-30,18,12:30,Goodison Park,35407,John Brooks,Clear,5.2,76,League,Everton,Fulham,Sean Dyche,,4-4-2,4-1-4-1,defense,balanced,good,good,2,2,3,2,,31+3;77,19,6,10,3,52.6,50.0,3.7,1.69,-0.7,0.31x,47.8,52.2,nan,558,82.6,81.1,46,49,11,2,1,2,12,,0,0,0,0,0,0,19,12,1,2,0,1,5,1,1,7,2,3,24,23,10,17,28,24,10,8,17,6,18,9,42.5,32.6,14,7,72.7,62.3,105.8,111.0,170,170,2,4,0,0,2.58,4.7,2.5,H,3,0
1509,2022-23,2023-04-26,4,12:30,Stamford Bridge,36123,Jarred Gillett,Rainy,8.8,77,Title race,Chelsea,West Ham,Mauricio Pochettino,David Moyes,4-2-3-1,3-4-3,balanced,defense,good,good,1,0,4,1,1;13;50;59,32,12,13,5,4,,30.8,4.48,1.04,-0.48,-0.04,54.6,45.4,488,509,82.9,84.5,73,75,999,1,2,0,10,16,0,0,2,0,2,0,7,9,1,3,0,0,0,1,3,1,1,4,22,11,,13,33,8,4,8,13,8,19,19,43.0,22.4,7,18,64.0,56.1,100.5,102.5,203,285,0,2,1,0,2.42,3.82,3.08,H,3,0
341,2019-20,2020-04-03,30,20:00,Bramall Lane,28379,David Coote,Light Rain,2.8,50,League,Sheffield United,Liverpool,Chris Wilder,Jurgen Klopp,3-4-3,5-4-1,defense,attack,good,good,0,1,2,1,74;87,83,9,,7,3,77.8,18.8,2.01,1.16,-0.01,-0.16,24.2,75.8,590,494,75.9,89.9,80,42,9,4,1,1,16,14,0,0,1,0,1,0,10,17,3,3,0,0,1,4,2,5,1,2,12,27,15,7,13,nan,2,5,23,12,5,21,20.5,38.9,17,13,67.4,56.1,106.6,105.9,292,205,1,4,3,0,4.57,3.15,2.15,H,,0
478,2020-21,2020-11-17,15,16:30,Bramall Lane,28276,Robert Jones,Sunny,,46,League,Sheffield United,Liverpool,,Jurgen Klopp,4-2-3-1,4-3-2-1,defense,ATTACK,bad,average,0,1,1,2,32,23;62,14,7,8,2,57.1,28.6,1.68,1.96,,,27.1,72.9,665,390,72.9,84.5,,57,3,8,0,0,15,13,0,0,1,0,1,0,17,9,3,0,0,0,1,1,,7,2,1,25,15,-9,7,21,34,4,6,13,13,,15,16.5,38.0,13,18,60.0,54.7,null,102.0,,,2,3,1,1,3.25,5.84,1.92,A,0,3
738,2020-21,2021-05-26,15,14:05,Etihad Stadium,50598,Stuart Attwell,Clear,19.4,86,League,Manchester City,Bournemouth,Pep Guardiola,Andoni Iraola,3-4-3,4-3-2-1,balanced,,good,average,N/A,1,1,1,60,69+2,17,16,9,3,52.9,18.8,1.22,1.53,-0.22,-0.53,56.1,,402,256,93.2,,24,66,8,7,1,1,14,19,1,0,0,0,0,0,6,11,3,0,0,0,1,nan,2,8,1,1,12,26,5,6,13,17,4,,18,12,6,7,16.6,44.9,8,12,57.6,55.2,109.8,106.1,278,183,1,4,0,0,1.97,,2.96,D,1,1
1251,2022-23,2022-10-25,9,17:30,Goodison Park,34794,Thomas Bramall,Windy,7.3,47,League,Everton,Crystal Palace,Sean Dyche,Oliver Glasner,5-4-1,4-3-2-1,defense,defense,good,average,3,1,3,2,15;20;61,55;73+4,11,9,9,2,81.8,22.2,,1.55,-1.12,0.45,49.0,51.0,316,333,80.1,75.5,79,,7,8,1,1,17,11,0,0,0,0,?,0,?,,0,1,0,0,,0,0,6,2,3,13,16,10,17,11,29,6,,14,20,20,7,21.4,36.7,19,15,48.5,66.4,111.0,109.5,253,215,2,4,0,0,2.54,4.83,2.5,H,3,0
1207,2022-23,2022-09-21,32,19:45,Kenilworth Road,8552,Chris Kavanagh,Clear,5.6,61,Cup,Luton Town,Tottenham,Rob Edwards,Ange Postecoglou,4-4-2,4-1-4-1,defense,attack,good,bad,2,0,3,1,22;68;80+5,1,-19,9,10,6,52.6,66.7,2.92,1.06,0.08,-0.06,30.5%,69.5,350,650,74.8,87.3,73,25,10,5,0,0,22,5,0,1,1,0,1,0,14,20,1,2,0,0,2,5,,7,,3,23,12,9,17,23,33,8,6,20,8,10,13,24.6,23.5,9,12,51.7,56.6,,99.2,224,175,2,N/A,0,0,3.5,4.55,2.02,H,,0
282,2019-20,2020-02-24,8,20:00,Anfield,48738,Stuart Attwell,Cloudy,10.6,53,Title race,Liverpool,Brentford,Jurgen Klopp,Thomas Frank,4-4-2,4-3-2-1,,attack,bad,good,0,,2,0,48+4;72,none,17,14,8,6,47.1,42.9,2.13,0.28,-0.13,-0.28,,36.4,,366,93.0,82.7,N/A,59,,9,1,0,22,19,0,0,0,0,0,0,9,6,0,1,0,0,5,3,6,,0,2,10,18,16,5,35,20,11,2,9,7,25,17,25.2,16.2,9,14,73.4,56.5,105.5,103.4,300,166,2,3,1,,2.17,4.39,3.21,H,3,0
1789,2023-24,2024-02-14,13,20:00,Molineux Stadium,29444,Stuart Attwell,Sunny,nan,56,League,Wolves,Newcastle,Gary O'Neil,Eddie Howe,4-4-2,4-1-4-1,def,DEFENSE,good,good,0,1,2,1,42;56,null,8,15,2,2,25.0,13.3,1.81,1.35,0.19,-0.35,51.4,48.6,587,537,84.2,83.8,72,61,5,9,1,1,17,15,0,0,0,0,0,0,17,16,2,1,0,0,0,0,1,0,1,2,22,23,14,14,31,19,4,7,16,5,19,17,41.5,42.3,15,13,62.5,51.0,109.5,97.7,,236,3,2,3,1,,3.76,3.17,H,3,0
1330,2022-23,2022-12-19,2,12:30,Turf Moor,21019,Paul Tierney,Cloudy,3.9,87,Top 4 battle,Burnley,Newcastle,Vincent Kompany,Eddie Howe,,3-4-3,defense,defense,good,average,0,1,0,3,none,14+4;56+2;81,8,16,2,3,25.0,18.8,0.15,3.06,-0.15,-0.06,44.7,55.3,328,425,75.9,87.7,74,70,5,4,,1,19,11,0,1,0,0,0,0,6,17,1,3,0,,3,3,0,2,3,0,20,11,15,16,30,16,,10,6,8,5,6,38.5,39.2,6,7,59.8,52.4,105.4,109.2,204,,1,,1,0,2.99,4.29,2.31,A,0,3
908,2021-22,2021-11-24,26,19:45,Craven Cottage,22701,Simon Hooper,Clear,17.5,50,Relegation 6-pointer,Fulham,Bournemouth,Marco Silva,Andoni Iraola,4-3-3,4-1-4-1,balanced,attack,average,good,0,0,1,0,22,none,12,15,9,8,75.0,53.3,1.31,0.1,-0.31,-0.1,56.0,44.0,544,634,81.5,81.4,59,19,3,2,1,0,7,11,,0,0,0,0,0,12,11,2,2,0,1,1,4,8,8,0,1,17,22,14,,28,16,9,4,24,20,18,9,30.9,25.6,13,7,,51.5,116.1,105.0,271,269,3,4,1,1,2.76,3.94,2.61,H,3,0
1834,2023-24,2024-03-20,4,20:00,Villa Park,40620,David Coote,Foggy,14.2,77,Top 4 battle,Aston Villa,Brentford,Unai Emery,Thomas Frank,4-3-2-1,4-2-3-1,attack,attack,good,Good,1,0,,1,7,16+1,?,12,7,5,46.7,41.7,0.9,1.19,0.1,-0.19,59.8,40.2,629,463,83.0,80.0,,19,8,7,0,1,10,12,1,0,0,0,0,0,18,20,2,1,0,0,3,?,4,6,1,1,20,21,18,6,15,10,2,3,N/A,5,14,17,27.3,25.6,8,16,44.5,51.3,108.6,107.3,228,,4,6,1,1,2.29,5.36,2.66,D,1,1
1960,2019-20,2020-05-12,29,19:45,Kenilworth Road,8792,Chris Kavanagh,Rainy,0.2,57,Relegation 6-pointer,Luton Town,Liverpool,Rob Edwards,Jurgen Klopp,4-2-3-1,4-4-2,defense,attack,average,good,0,0.0,0,3,none,40;73;85,11,11,10,5,90.9,45.5,0.1,2.97,-0.1,0.03,40.3,59.7,528,402,75.5,88.0,67,48,7,6,0,,14,11,0,0,0,0,0,0,18,9,2,2,0,0,0,4,2,10,3,0,25,23,6,5,24,20,8,9,13,7,23,19,32.2,37.7,12,,72.0,47.5,115.0,110.5,289,267,3,3,2,0,3.27,4.55,2.11,A,0,3
875,2021-22,2021-11-05,34,16:30,Craven Cottage,,Simon Hooper,Sunny,13.2,60,Cup,Fulham,Tottenham,Marco Silva,Ange Postecoglou,5-4-1,4-4-2,,attack,average,average,1,2,1,2,3,5+1;86,11,17,4,3,36.4,17.6,0.77,2.19,0.23,-0.19,44.5,55.5,338,396,79.9,88.6,67,70,10,7,1,0,6,19,1,0,1,0,0,0,19,15,1,2,0,0,5,5,1,3,2,1,30,13,13,8,14,16,3,,8,15,8,9,,33.4,20,15,55.0,62.6,105.6,104.0,268,272,1,0,0,0,2.97,3.12,2.91,A,0,3
492,2020-21,2020-11-28,15,12:30,Turf Moor,18962,Jarred Gillett,Foggy,17.2,,Top 4 battle,Burnley,Aston Villa,Vincent Kompany,Unai Emery,3-5-2,3-4-3,defense,attack,average,bad,0,0,2,0,44;67,none,11,15,8,2,72.7,13.3,1.46,0.1,0.54,-0.1,38.5,61.5,474,392,71.7,85.8,25,18,11,9,1,0,8,9,0,0,1,nan,1,0,17,14,,2,0,0,1,4,2,6,0,2,22,16,11,18,20,12,11,6,14,8,5,10,30.5,26.9,12,5,41.9,58.5,105.8,106.8,274,257,,4,1,1,2.97,4.45,,H,3,0
1104,2021-22,2022-04-13,36,19:45,Old Trafford,68031,Paul Tierney,Sunny,19.7,48,Top 4 battle,Manchester United,Fulham,Erik ten Hag,Marco Silva,3-4-3,5-4-1,,balanced,bad,bad,0,1,2,1,34;69+4,62,15,15,2,8,13.3,53.3,2.25,1.28,-0.25,-0.28,61.1,38.9,579,313,87.2,80.5,57,33,9,7,1,1,8,8,1,0,0,0,0,0,11,11,2,1,0,0,0,4,nan,0,1,2,21,20,10,17,37,12,6,9,8,9,,7,35.3,17.2,6,12,44.3,63.9,104.8,105.7,176,169,4,2,0,0,2.08,6.84,2.68,H,3,0
1216,2022-23,2022-09-29,20,19:45,London Stadium,62246x,Robert Jones,Windy,12.0,66,Top 4 battle,West Ham,Newcastle,,Eddie Howe,4-1-4-1,4-3-2-1,defense,def,good,average,nan,1,2,,57;59,15;55;83+4,19,14,10,5,52.6,35.7,2.37,3.98,,-0.98,51.3,48.7,334,587,77.5,88.5,73,28,5,8,1,0,16,5,0,0,0,0,0,0,6,18,2,3,0,?,4,1,2,8,3,N/A,23,11,12,5,28,14,12,7,?,11,24,9,38.2,20.5,12,14,53.0,null,107.4,109.7,221,?,0,0,2,2,2.56,4.18,2.7,A,0,3
2086,2021-22,2021-08-29,17,16:30,Villa Park,38959,Chris Kavanagh,Clear,7.0,82,Relegation 6-pointer,Aston Villa,Luton Town,Unai Emery,Rob Edwards,3-4-3,4-2-3-1,attack,,bad,average,1,0,4,0,3;13;24;59,none,20,9,6,7,30.0,null,4.91,0.1,-0.91,-0.1,62.5,37.5,451,277,84.1,74.6,28,75,3,7,0,0,19,11,1,0,1,0,1,0,7,?,nan,2,0,0,0,4,7,2,0,4,30,15,12,17,15,11,12,8,19,13,25,21,37.9,21.0,17,5,40.5,##,91.9,105.7,297,143,3,2,0,0,2.32,3.97,3.15,H,3,0
657,2020-21,2021-03-28,34,19:45,Kenilworth Road,8412,Chris Kavanagh,,16.5,54,Cup,Luton Town,Bournemouth,Rob Edwards,Andoni Iraola,4-3-2-1,5-4-1,defense,attack,average,good,2,0,,,26;36,27;36+2;72+5;84,10,8,3,6,30.0,75.0,2.38,3.98,-0.38,0.02,null,56.0,346,438,79.3,,,27,9,6,2,0,11,12,1,0,0,,0,1,12,12,2,1,0,0,3,5,2,1,?,2,22,22,5,18,16,11,11,2,18,5,22,5,22.4,26.6,6,18,52.4,67.6,105.1,109.4,266,145,2,5,3,0,2.26,8.81,2.25,A,0,3
2080,2022-23,2022-10-27,20,16:30,Craven Cottage,22483,Simon Hooper,Foggy,5.4,84,Cup,Fulham,West Ham,Marco Silva,David Moyes,4-4-2,5-4-1,balanced,defense,average,,1,0,2,2,14;85,5;69,17,13,9,6,52.9,,2.48,1.7,-0.48,0.3,48.7,51.3,325,601,83.3,82.7,45,70,6,6,2,2,13,18,0,0,0,0,0,0,10,15,1,2,0,0,4,,4,?,2,2,16,25,13,5,20,15,7,10,24,nan,13,7,38.4,34.1,8,13,65.9,70.3,109.1,108.8,282,284,1,6,2,2,2.64,4.43,2.52,D,1,1
394,2020-21,2020-09-23,13,16:30,Vitality Stadium,8954,Paul Tierney,Light Rain,16.8,95,Title race,Bournemouth,Fulham,Andoni Iraola,Marco Silva,4-2-3-1,4-4-2,attack,balanced,good,bad,1,2,2,3,14;64,11;19;74,13,16,7,7,53.8,43.8,2.24,2.73,-0.24,,44.7,55.3,541,389,73.6,79.2,65,68,3,9,0,0,21,12,0,2,1,0,1,0,,7,2,1,1,0,4,4,4,5,3,2,26,13,5,17,32,27,11,3,22,22,18,17,21.5,23.8,16,18,,46.0,108.3,106.1,191,199,2,7,1,0,2.79,3.14,3.1,A,0,3
781,2021-22,2021-08-27,11,12:30,Turf Moor,18548,Paul Tierney,Clear,7.4,76,Top 4 battle,Burnley,Aston Villa,Vincent Kompany,Unai Emery,3-5-2,4-1-4-1,defense,attack,good,average,0,0,2,1,12;88,20+1,13,6,6,5,46.2,83.3,1.58,0.94,0.42,0.06,32.0,68.0,667,300,72.6,78.9,72,67,6,8,0,1,6,12,0,1,2,1,2,0,18,15,,4,0,0,0,4,4,4,1,2,,14,13,7,20,27,9,9,13,22,6,20,29.9,25.4,6,15,50.2,62.1,111.0,115.3,154,N/A,1,4,0,0,2.92,4.36,2.33,H,3,0
33,2019-20,2019-09-01,12,15:00,Etihad Stadium,40066,Chris Kavanagh,,15.6,68,League,Manchester City,Brentford,Pep Guardiola,,5-4-1,3-4-3,balanced,attack,bad,avg,0,0,3,1,,41,19,-9,3,3,15.8,33.3,2.68,1.09,0.32,-0.09,64.0,36.0,421,625,90.3,79.0,34,75,10,6,2,1,10,8,0,0,0,0,0,0,,13,1,2,0,1,0,4,2,0,1,3,10,22,7,10,14,20,4,6,15,7,22,5,,18.7,19,12,66.3,55.6,109.1,105.3,189,,2,1,1,0,2.6,3.94,2.76,H,3,0
2070,2022-23,2022-09-27,35,20:00,St. James' Park,40518,John Brooks,Clear,15.5,93,Derby,Newcastle,Liverpool,Eddie Howe,Jurgen Klopp,4-2-3-1,4-1-4-1,defense,attack,bad,good,0,1,0,1,none,35,,11,6,7,50.0,63.6,0.36,0.57,-0.36,0.43,44.3,55.7,681,355,89.4,93.1,nan,58,10,8,0,1,8,13,0,0,0,0,0,0,20,20,1,1,0,0,5,2,6,6,1,0,16,15,12,14,29,14,11,10,20,9,23,10,40.6,44.0,18,18,48.5,59.0,,113.0,254,261,5,2,0,0,2.79,4.32,,A,0,3
1592,2023-24,29/09/2023,12,20:00,Etihad Stadium,43340,nan,Sunny,9.3,93,Derby,Manchester City,Chelsea,Pep Guardiola,Mauricio Pochettino,4-3-2-1,4-4-2,balanced,balanced,good,good,0,0,4,2,1;64;75;79,20;67,9,8,8,3,88.9,37.5,4.76,1.88,-0.76,0.12,##,38.7,347,629,94.9,81.0,25,59,11,3,0,1,21,6,0,1,1,1,1,1,9,13,3,2,0,0,1,4,1,4,2,4,24,12,8,16,31,9,5,6,6,22,20,4,31.8,28.5,18,7,57.6,68.8,103.7,104.6,261,243,0,5,0,0,2.47,3.76,3.04,H,3,0
699,2020-21,2021-04-22,13,17:30,City Ground,25768,Andy Madley,Cloudy,15.8,92,Relegation 6-pointer,Nottm Forest,Brighton,Nuno Espirito Santo,Roberto De Zerbi,3-4-3,4-4-2,defense,balanced,good,avg,2,1,2,2,34;84,,13,14,8,?,61.5,28.6,2.27,1.44,-0.27,null,49.5,50.5,532,457,74.4,81.0,42,37,10,-6,1,0,18,20,1,,0,1,0,1,13,12,3,4,?,1,4,0,2,6,2,2,21,25,17,12,29,9,4,,23,21,17,8,28.3,31.8,19,18,52.3,47.9,106.3,108.5,221,274,1,3,1,0,2.5,6.39,2.25,D,1,1
1663,2023-24,2023-11-18,12,16:30,City Ground,29859,Chris Kavanagh,Windy,14.8,44,League,Nottm Forest,Everton,Nuno Espirito Santo,Sean Dyche,4-4-2,5-4-1,defense,defense,average,average,0,0,?,1,73,62,13,10,10,5,76.9,50.0,1.03,0.85,-0.03,0.15,42.4,57.6,421,348,75.8,83.4,65,75,9,9,1,nan,18,?,0,0,0,1,0,1,11,19,3,3,0,0,2,1,4,9,1,,25,21,13,18,20,10,2,,9,9,24,17,29.8,25.8,16,,59.0,,106.1,110.0,162,204,1,3,1,1,2.13,5.43,2.89,D,1,1
109,2019-20,2019-10-21,2,16:30,Kenilworth Road,10303,John Brooks,Foggy,13.6,48,League,Luton Town,Newcastle,Rob Edwards,Eddie Howe,4-3-3,4-1-4-1,defense,defense,average,good,0,2,1,3,19,4+5;29+1;66,11,10,6,5,54.5,50.0,1.05,2.86,-0.05,,32.1,67.9,414,287,77.2,81.0,46,36,6,3,1,2,7,20,0,nan,0,0,0,0,17,7,2,1,0,0,1,3,2,5,3,1,10,22,12,11,25,11,10,9,24,20,25,9,27.5,38.5,5,8,55.9,65.0,105.7,107.0,260,249,3,4,2,N/A,,3.41,2.76,A,0,3
1367,2022-23,2023-01-13,26,20:00,Villa Park,32882,Stuart Attwell,Cloudy,2.5,55,League,Aston Villa,Manchester United,Unai Emery,Erik ten Hag,4-3-3,3-4-3,attack,balanced,average,,0,0,1,3,38,35;86;86,15,14,?,3,20.0,,0.97,3.14,0.03,,50.2,-,nan,371,85.4,89.9,38,29,10,N/A,1,0,19,13,1,0,nan,2,0,1,7,19,1,nan,0,0,2,5,0,2.0,3,1,12,13,11,18,,,12,8,24,15,,18,17.6,23.0,13,10,70.4,48.8,109.3,103.9,178,235,2,4,0,0,2.48,5.01,2.52,A,0,
878,2021-22,2021-11-03,12,20:00,Old Trafford,64838,Andy Madley,Rainy,3.8,40,League,Manchester United,Liverpool,Erik ten Hag,Jurgen Klopp,4-3-3,4-3-2-1,balanced,,bad,bad,2,0,2,3,4;82,46;57;85,16,8,9,3,56.2,37.5,2.14,2.19,-0.14,0.81,52.4,47.6,365,368,85.3,89.6,70,nan,3,5,2,0,21,11,0,0,0,0,0,0,16,19,2,1,,0,,5,0,7,3,2,18,26,14,5,24,27,4,2,16,18,6,16,32.3,42.0,18,7,58.5,69.8,103.8,109.1,218,149,2,4,1,0,2.43,5.08,2.55,A,0,3
45,2019-20,2019-09-10,17,19:45,Old Trafford,72975,Andy Madley,Foggy,7.1,56,League,Manchester United,Sheffield United,Erik ten Hag,Chris Wilder,4-3-3,4-3-3,balanced,DEFENSE,bad,average,0,0,3,1,44;64;89+5,N/A,12,11,3,8,25.0,72.7,,,-0.83,-0.29,65.7,34.3,585,633,87.9,78.2,30,65,4,5,2,1,14,20,0,0,1,0,0,0,17,10,1,3,1,0,6,0,7,0,1,3,26,27,19,6,38,12,6,6,10,20,8,16,41.5,17.1,13,7,41.1,57.3,,110.8,232,286,0,3,3,0,1.92,4.47,3.91,H,3,nan
1488,2022-23,2023-04-11,4,16:30,Selhurst Park,24728,,Sunny,15.6,74,League,Crystal Palace,Manchester United,Oliver Glasner,Erik ten Hag,4-3-3,5-4-1,defense,balanced,,good,1,1,1,2,20,3;53,10,14,4,2,40.0,14.3,1.42,2.26,-0.42,-0.26,,,668,380,79.6,,80,,9,2,1,0,13,6,0,0,0,1,0,0,,14,3,1,0,0,6,3,0,3,2,1,12,16,7,18,31,30,2,4,10,20,17,9,18.2,32.9,7,18,72.1,63.4,103.4,103.5,181,207,3,4,2,0,2.76,3.22,3.06,A,0,3
676,2020-21,2021-04-10,37,17:30,Villa Park,34631,Paul Tierney,Sunny,12.4,50,League,Aston Villa,Wolves,Unai Emery,Gary O'Neil,4-2-3-1,4-3-3,attack,defense,bad,average,1,2,2,2,58;78,28;39,N/A,13,5,3,25.0,23.1,1.85,2.78,0.15,-0.78,60.0,40.0,313,306,85.8,76.8,58,23,7,3,0,1,16,7,0,2,0,0,0,0,18,12,2,1,0,,4,3,1,3,2,2,12,19,11,11,16,9,10,9,6,13,20,22,43.4,41.5,16,7,63.0,44.7,114.1,102.2,263,161,2,1,0,0,2.62,3.11,3.38,D,1,1
1863,2023-24,2024-04-12,22,12:30,Goodison Park,29858,Michael Oliver,Foggy,19.6,84,League,Everton,Sheffield United,Sean Dyche,Chris Wilder,5-4-1,4-4-2,defense,defense,bad,bad,0,1,1,1,37,,12,12,9,4,75.0,33.3,0.87,0.84,0.13,0.16,66.7x,33.3,618,,83.1,69.8,53,18,6,3,0,0,22,10,0,0,0,1,0,0,16,15,2,1.0,0,0,4,0,3,,1,1,25,10,14,5,39,37,9,3,18,17,10,11,15.1,23.1,10,4,,49.8,113.4,105.1,227,243,2,5,1,1,2.4,4.19,2.91,D,1,1
1629,2023-24,2023-10-25,20,19:45,London Stadium,60257,Thomas Bramall,Clear,11.5,66,League,West Ham,Wolves,David Moyes,Gary O'Neil,3-4-3,4-1-4-1,defense,defense,average,average,0,1,4,2,15;70;80;85,7;34,12,16,6,2,50.0,12.5,3.39,2.33,0.61,-0.33,46.9,53.1,415,296,77.9,82.9,78,64,3,1,2,0,9,10,0,0,2,0,2,,8,11,,1,0,0,0,0,0,2,2,,23,13,5,13,16,35,2,4,11,18,14,4,15.5,38.9,12,5,43.4,50.4,101.9,100.1,210,,1,3,2,,2.24,6.18,2.55,H,3,0
16,2019-20,2019-08-22,3,17:30,Amex Stadium,24389,Andy Madley,Overcast,3.6,73,Cup,Brighton,West Ham,Roberto De Zerbi,David Moyes,3-4-3,4-2-3-1,balanced,defense,poor,average,0,1,,1,22,31,14,8,,7,57.1,87.5,1.53,1.18,-0.53,-0.18,58.4,41.6,373,575,79.2,83.1,34,27,6,7,0,0,9,7,0,0,1,0,1,0,11,16,2,2,0,1,0,3,6,7,1,1,22,17,17,10,26,16,11,7,7,,7,21,34.9,42.7,13,8,71.8,55.1,104.8,106.1,272,,1,4,0,0,2.07,5.83,2.89,D,1,1
1460,2022-23,2023-03-17,31,20:00,Molineux Stadium,24496,Simon Hooper,Windy,7.3,65,League,Wolves,Brentford,Gary O'Neil,Thomas Frank,4-4-2,4-1-4-1,defense,attack,good,,0,1,1,nan,13,3;63,12,8,2,2,16.7,25.0,1.34,2.47,-0.34,-0.47,42.6,57.4,537,272,##,76.9,58,73,7,4,,1,20,10,0,0,0,1,0,1,8,11,3,2,0,0,5,3,0,1,2,1,28,17,12,12,17,10,4,4,22,7,19,4,18.8,36.8,13,16,65.3,,109.9,104.6,171,173,1,5,0,0,2.66,3.15,3.26,A,0,3
949,2021-22,2021-12-23,24,12:30,Turf Moor,21204,Paul Tierney,Clear,-,65,Top 4 battle,Burnley,Luton Town,Vincent Kompany,Rob Edwards,4-3-3,4-1-4-1,defense,defense,good,good,1,2,1,3,14,9;58;63,17,10,7,3,41.2,30.0,,2.6,-0.09,0.4,47.1,52.9,351,345,74.1,69.7x,53,23,2,9,0,0,20,12,0,0,0,0,0,0,7,19,2,1,0,0,2,5,0,6,3,1,16,14,18,15,21,31,7,6,12,19,21,19,38.7,30.1,14,,65.1,51.5,108.7,103.1,225,172,2,4,1,1,2.46,4.3,2.77,A,0,3
555,2020-21,2021-01-12,30,16:30,Turf Moor,19136,Michael Oliver,Sunny,11.2,54,League,Burnley,Everton,Vincent Kompany,Sean Dyche,3-5-2,4-2-3-1,defense,defense,average,bad,0,0,2,2,8;82,8;54,20,8,,2,20.0,25.0,1.47,2.58,0.53,-0.58,37.2,62.8,,416,72.3,78.9,23,56,5,8,2,0,8,6,1,0,0,0,0,0,16,19,1,0,0,0,6,3,0,2,2,2,11,21,18,15,40,23,11,9,12,21,12,nan,,26.7,20,11,65.1,66.9,##,106.5,170,198,4,5,2,0,2.64,3.78,N/A,D,1,1
559,2020-21,2021-01-18,19,16:30,Tottenham Hotspur Stadium,56293,Robert Jones,Foggy,16.4,87,League,Tottenham,Crystal Palace,Ange Postecoglou,Oliver Glasner,4_4_2,4-3-2-1,attack,defense,bad,good,1,1,2,1,31;54,52,14,17,4,6,28.6,35.3,1.95,0.98,0.05,0.02,52.5,47.5,682,383,85.8,80.9,37,41,7,2,2,0,9,17,0,0,0,0,0,0,16,10,1,2,0,0,1,3,5,2,1,2,14,13,20,16,31,,?,10,16,5,21,7,39.4,40.1,12,11,41.5,44.8,109.9,111.2,224,240,3,,,0,2.79,2.65,3.79,H,3,0
1993,2023-24,2023-09-12,19,16:30,Tottenham Hotspur Stadium,57698,John Brooks,Windy,11.1,75,Derby,Tottenham,Burnley,Ange Postecoglou,Vincent Kompany,3-5-2,5-4-1,attack,defense,average,good,3,0,4,0,21;44;45;60,none,12,8,9,8,75.0,100.0,5.25,0.1,,,57.3,42.7,365,509,82.1,70.9,29,29,4,?,1,0,22,5,0,0,0,0,0,0,16,9,N/A,2,0,0,6,5,8,5,0,4,16,13,8,18,35,33,4,7,16,21,23,7,32.7,21.9,5,9,null,48.5,112.5,110.1,204,233,0,2,0,0,1.83,6.5,3.34,H,3,0
1651,2023-24,2023-11-08,13,12:30,Craven Cottage,23686,Stuart Attwell,Windy,21.9,79,Top 4 battle,Fulham,Newcastle,Marco Silva,Eddie Howe,4-1-4-1,4-3-2-1,balanced,defense,good,good,0,0,1,2,1+3,22;56,13,6,8,5,61.5,83.3,0.65,2.58,0.35,-0.58,51.1,48.9,535,459,78.2,85.6,62,54,9,5,1,,11,8,0,0,1,0,0,0,13,12,2,1,0,0,6,1,3,7,2,1,17,12,13,11,21,29,11,10,17,10,8,10,42.6,39.9,9,8,58.0,55.7,113.7,##,,261,1,7,2,1,2.47,4.82,2.58,A,0,3
1270,2022-23,2022-11-07,30,12:30,Gtech Community Stadium,16479,David Coote,Sunny,4.6,91,League,Brentford,Arsenal,Thomas Frank,Mikel Arteta,4-4-2,5-4-1,attack,attack,bad,average,0,3,2,4,3;63,8;12;27;83,19,7,7,4,36.8,57.1,1.54,3.35,0.46,0.65,38.9,61.1,654,338,83.1,85.3,45,27,4,4,0,1,13,9,0,0,,1,0,1,12,10,2,2,1,0,5,-5,0,5,4,2,,19,19,17,13,35,9,2,5,,12,13,21.4,34.2,20,7,50.4,40.4,110.8,101.4,218,282,0,6,0,0,2.34,4.14,,A,0,3
300,2019-20,2020-03-05,35,19:45,Bramall Lane,31004,Thomas Bramall,Clear,-1.1,81,Derby,Sheffield United,Wolves,Chris Wilder,Gary O'Neil,4-1-4-1,4-1-4-1,defense,defense,bad,Good,1,0,1,,76,16+1,15,10,4,2,26.7,20.0,1.34,1.08,-0.34,-0.08,39.7,60.3,315,317,71.6,78.5,80,67,2,9,1,0,10,15,1,0.0,0,1,0,1,12,17,0.0,1,0,0,3,1,1,3,1,1,23,28,8,14,36,33,6,6,15,11,23,6,36.8,35.8,15,18,63.9,65.1,,109.4,215,255,3,,-1,1,3.26,3.47,2.47,D,1,1.0
1188,2022-23,2022-09-07,8,12:30,Kenilworth Road,7859,Simon Hooper,Windy,14.4,76,Cup,Luton Town,Fulham,Rob Edwards,Marco Silva,4-3-3,4-1-4-1,defense,balanced,bad,good,0,1,,2,N/A,16;46,10,16,5,2,50.0,12.5,2.91,2.28,-0.91,-0.28,36.9,63.1%x,422,495,79.7,77.9,24,54,3,9,2,1,16,11,0,0,0,0,,0,13,7,2,,0,0,0,2,0,3,2,2,24,,15,13,21,24,4,7,22,15,13,20,16.3,21.7,19,13,51.5,60.3,101.8,108.9,179,160,1,2,3,0,2.81,4.14,2.48,D,1,1
9,2019-20,2019-08-16,11,17:30,Stamford Bridge,35806,Michael Oliver,Clear,20.5,95,League,Chelsea,Tottenham,Mauricio Pochettino,Ange Postecoglou,4_3_2_1,4-4-2,,attack,bad,average,0,1,3,2,9;59;82,12;16,16,14,7,2,43.8,14.3,3.66,1.72,-0.66,0.28,45.4,54.6%,596,516,89.5,89.8,73,20,10,6,1,2,12,11,0,,1,0,1,0,11,12,3,3,0,0,3,2,0,4,2,3,20,10,16,9,13,9,5,9,21,5,23,22,21.4,42.8,13,10,43.4,54.3,103.4,104.0,?,205,2,4,3,1,2.86,2.96,3.2,H,3,0
1142,2022-23,2022-08-08,24,17:30,Selhurst Park,23686,Michael Oliver,Sunny,7.4,94,League,Crystal Palace,Sheffield United,Oliver Glasner,Chris Wilder,3-4-3,,defense,def,good,bad,0,0,1,3,60,15;43;72,14,9,4,2,28.6,22.2,1.03,3.8,-0.03,-0.8,61.1,38.9,589,420,75.8,70.0,65,29,7,3,0,0,19,12,0,0,1,2,1,2,14,,2,0,0,0,,4,0,3,3,1,,25,13,8,12,17,5,10,25,12,18,10,16.4,35.8,6,13,59.0,55.3,108.5,109.4,243,230,3,7,2,2,2.59,2.69,,A,0,3
181,2019-20,2019-12-14,13,17:30,Amex Stadium,25447,John Brooks,Windy,23.5,92,League,Brighton,Chelsea,Roberto De Zerbi,Mauricio Pochettino,,3-4-3,balanced,balanced,poor,average,2,,3,1,33;48;53,6,14,12,7,4,50.0,33.3,3.48,1.35,,-0.35,47.2,52.8,552,576,83.9,84.0,24,18,11,3,0,1,7,13,1,0,N/A,0,1,0,6,8,1,1,1,0,1,4,N/A,4,1,3,20,15,6,11,14,26,10,7,5,11,17,17,28.5,41.1,14,13,54.3,45.6,114.0,108.4,275,175,3,2,2,2,2.49,4.25,,H,3,0
909,2021-22,2021-11-24,23,15:00,Tottenham Hotspur Stadium,50027,Stuart Attwell,Clear,18.3,67,Derby,Tottenham,Manchester City,Ange Postecoglou,Pep Guardiola,,4-2-3-1,attack,balanced,bad,average,0,,0,1,none,87,16,8,5,4,##,50.0,0.13,1.21,-0.13,##,47.4,52.6,561,252,86.6,94.1,62,44,4,8,0,1,21,6,0,1,0,0,0,0,20,12,2,3,0,0,3,1,3,5,-1,0,17,19,8,16,14,32,6,,17,10,10,6,42.2,18.7,20,11,71.0,63.7,114.0,105.2,,199,4,3,0,0,3.17,2.77,3.09,A,0,3
1491,2022-23,2023-04-09,26,12:30,Vitality Stadium,9273,Chris Kavanagh,Rainy,5.8,51,Top 4 battle,Bournemouth,Aston Villa,Andoni Iraola,Unai Emery,4-4-2,5-4-1,attack,attack,bad,good,0,2,0,4,none,35;75;78;82,9,,8,7,88.9,41.2,0.48,3.31,-0.48,0.69,39.4,60.6,443,632,80.7,88.7,49,70,6,4,0,2,12,12,0,0,0,1,0,1,8,8,1,1,0,,3,1,3,8,4,0,28,21,19,12,35,30,6,,5,16,5,11,41.9,34.1,16,17,47.6,54.5,106.9,103.0,184,273,1,2,1,0,2.3,5.25,2.67,A,0,3
1795,2023-24,2024-02-21,11,17:30,Gtech Community Stadium,15464,Stuart Attwell,Foggy,3.1,92,League,Brentford,Tottenham,Thomas Frank,Ange Postecoglou,4-3-3,4-4-2,attack,attack,bad,average,0,1,1,1,24,78,20,6,9,4,45.0,66.7,1.02,1.06,-0.02,-0.06,50.7,49.3,685,257,85.0,83.3,63,55,3,8,0,1,12,16,0,0,0,0,0,0,9,20,1,2,0,0,3,1,3,8,1,1,30,23,9,15,31,,9,5,23,11,N/A,16,30.4,43.7,13,10,51.2,50.3,111.1,110.4,237,248,2,3,0,0,3.21,2.84,2.97,D,1,1
1455,2022-23,2023-03-16,25,14:05,Craven Cottage,20877,Robert Jones,Sunny,12.1,74,Title race,Fulham,Tottenham,Marco Silva,Ange Postecoglou,4-4-2,4-3-3,balanced,attack,average,good,0,0,?,0,25;66,?,8,15,7,3,87.5,20.0,nan,0.17,0.2,-0.17,49.0,,446,584,76.2,90.1,50,66,4,1,1,0,17,6,0,0,1,0,1,0,6,12,?,2,0,1,3,5,3,5,0,2,12,13,18,17,12,36,5,7,15,14,11,19,34.9,?,12,4,59.1,53.4,113.1,109.3,224,263,4,3,3,0,2.26,4.72,2.9,H,3,0
1570,2023-24,2023-09-11,7,12:30,Old Trafford,57718,Paul Tierney,Sunny,14.5,42,League,Manchester United,Crystal Palace,Erik ten Hag,,5-4-1,4-2-3-1,balanced,defense,avg,good,1,0,4,0,21;38;45;76,none,19,14,8,7,42.1,50.0,4.58,0.2,-0.58,-0.2,56.0,44.0,474,384,82.6,77.4,46,38,3,9,0,,20,14,0,0,1,0,1,0,17,6,3,2,0,0,2,4,7,4,0,4,nan,12,,16,12,15,8,6,23,6,11,9,39.0,18.9,6,11,40.0,52.4,107.8,109.8,274,247,1,3,2,0,2.77,2.87,3.44,H,3,0
1085,2021-22,2022-04-03,16,17:30,Molineux Stadium,,Anthony Taylor,Foggy,-1.5,81,League,Wolves,Burnley,Gary O'Neil,Vincent Kompany,3-5-2,4-1-4-1,defense,defense,bad,bad,,0,1,1,56,19+3,12,17,5,8,41.7,47.1,1.47,1.55,-0.47,,53.4,46.6,606,290,82.8,71.4,50,65,4,5,1,1,19,8,0,0,0,0,0,0,6,17,3,1,N/A,0,6,1,7,4,1,1,28,21,18,13,37,23,11,4,21,15,10,21,29.4,39.5,10,14,50.0,,106.8,103.2,233,190,3,3,0,0,1.96,4.15,,D,1,1
1533,2023-24,2023-08-21,28,19:45,Goodison Park,34244,Anthony Taylor,,13.4,51,League,Everton,Bournemouth,Sean Dyche,Andoni Iraola,5-4-1,3-4-3,defense,ATTACK,average,good,0,0,2,2,33;45,4;46,14,10,8,2,57.1,20.0,2.36,1.41,-0.36,0.59,58.4,41.6,594,529,84.1,77.6,52,64,8,2,1,1,6,13,0,0,1,2,1,1,16,18,0,0,0,1,3,3,0,6,,2,17,,16,16,17,36,6,3,20,5,10,8,32.8,23.9,17,17,65.1,47.6,98.4,107.0,246,174,2,3,0,?,2.22,4.76,2.95,D,1,1
817,2021-22,2021-09-21,4,16:30,City Ground,23767,Jarred Gillett,Rainy,22.5,89,Top 4 battle,Nottm Forest,Sheffield United,Nuno Espirito Santo,Chris Wilder,4-1-4-1,4-3-2-1,defense,defense,bad,bad,2,0,2,0,23;35,none,15,6,4,5,26.7,83.3,2.38,0.1,-0.38,N/A,62.3,37.7,653,383,null,78.1,61,49,2,1,2,0,19,10,0,0,0,1,0,0,16,18,0,1,0,0,0,3,,2,0,,30,26,14,7,13,28,N/A,4,18,5,13,9,21.4,28.2,6,10,44.0,68.5,106.3,108.2,225,145,3,3,0,0,2.09,4.29,3.46,H,3,0
431,2020-21,2020-10-15,3,14:05,Amex Stadium,26181,Jarred Gillett,Foggy,12.3,58,Relegation 6-pointer,Brighton,Everton,Roberto De Zerbi,Sean Dyche,3-5-2,3-5-2,balanced,defense,average,bad,0,0,2,0,66;67,none,11,12,3,5,27.3,41.7,1.82,0.46,0.18,-0.46,52.2,47.8,599,357,85.1,76.2,44,58,9,2,0,0,18,10,0,0,0,0,0,,17,13,3,2,0,0,5,0,5,1,0,2,23,24,16,5,33,36,6,9,25,21,18,4,,27.8,20,11,50.7,59.0,115.6,108.9,268,,1,1,0,0,2.13,3.67,3.87,H,3,0
689,2020-21,2021-04-20,9,16:30,Gtech Community Stadium,15376,Jarred Gillett,Cloudy,16.3,89,League,Brentford,Liverpool,Thomas Frank,Jurgen Klopp,3-4-3,4-4-2,attack,attack,good,good,0,0,0,nan,none,4;46,19,13,7,8,36.8,61.5,N/A,?,,-0.21,48.7,51.3,360,297,79.8,84.2,65,52,8,7,0,1,20,16,0,0,,0,0,0,12,8,2,0,0,0,5,5,6,7,2,0,13,27,15,6,14,19,2,4,7,13,10,5,,21.3,9,6,,41.3,111.9,107.6,278,194,3,3,3,,3.1,4.7,2.15,A,0,3
1273,2022-23,2022-11-07,11,16:30,Stamford Bridge,35911,Paul Tierney,Clear,8.8,82,League,Chelsea,Newcastle,Mauricio Pochettino,Eddie Howe,5-4-1,5-4-1,balanced,defense,good,bad,1,0,2,,58;67,none,18,7,5,,27.8,,1.84,0.48,0.16,-0.48,52.3,47.7,440,590,81.8,80.9,20,28,3,1,0,0,20,7,0,0,0,0,0,0,,,1,1,0,0,0,1,3,3,,2,17,27,12,5,20,33,12,6,13,?,25,12,39.8,##,7,13,,52.9,113.5,108.9,157,214,?,2,2,1,2.17,5.49,2.8,H,3,0
2037,2021-22,2022-01-20,33,19:45,Kenilworth Road,8869,Simon Hooper,,12.1,57,Relegation 6-pointer,Luton Town,Manchester City,Rob Edwards,Pep Guardiola,4-2-3-1,3-5-2,defense,attack,good,bad,1,1,3,2,4;15+2;40,7;22,8,12,3,5,37.5,41.7,4.0,2.02,-1.0,-0.02,33.5,66.5,,443,79.4,86.9,,28,5,8,0,,7,12,2,1,0,,0,0,20,19,2,3,0,0,,4,3,0,2,3,20,15,7,,21,34,11,,,15,15,15,25.7,17.9,8,15,55.3,50.2,114.4,104.6,166,201,2,3,0,0,3.28,3.85,2.3,H,3,0
28,2019-20,2019-08-26,27,14:05,Amex Stadium,24399,,Foggy,12.8,84,Relegation 6-pointer,Brighton,Luton Town,Roberto De Zerbi,Rob Edwards,4-2-3-1,4-1-4-1,balanced,defense,good,bad,1,0,3,0,6;10+3;24,none,16,11,3,2,18.8,18.2,3.25,0.1,-0.25,,62.5,37.5,683,616,81.1,73.7,28,27,5,4,1,0,,7,0,0,0,0,0,0,7,9,2,2,0,0,1,2,2,,0,3,23,12,9,6,27,14,6,3,7,6,17,20,35.4,22.6,8,?,72.4,58.0,105.6,105.6,300,261,1,2,3,0,2.13,3.4,4.24,H,3,0
682,2020-21,2021-04-14,10,12:30,Amex Stadium,25581,John Brooks,Overcast,16.6,44,League,Brighton,Liverpool,Roberto De Zerbi,Jurgen Klopp,3-4-3,4-3-2-1,balanced,ATTACK,bad,good,1,0,2,1,42;63,50,15,6,2,4,13.3,66.7,1.93,0.68,0.07,0.32,48.9,51.1,467,322,85.2,90.3,34,39,7,5,2,0,18,15,0,0,1,1,0,0,20,14,2,2,,0,6,1,3,0,1,2,20,27,6,8,20,29,6,10,11,10,20,4,15.2,31.0,5,13,70.1,60.8,109.3,103.2,267,255,2,3,2,1,3.28,2.94,2.82,H,,0
1752,2023-24,2024-01-24,20,17:30,Anfield,55692,Paul Tierney,Windy,10.8,94,League,Liverpool,Bournemouth,Jurgen Klopp,,4-3-2-1,4-2-3-1,attack,,average,Avg,0,1,4,3,15;25;58;67,12;46;73,13,7,3,3,23.1,,4.73,2.74,-0.73,0.26,64.0,36.0,N/A,367,,74.4,48,54,2,4,1,0,8,12,0,1,1,1,1,1,8,16,1,2,0,1,5,3,0,0,3,4,15,16,17,11,23,36,11,6,25,16,12,,19.4,38.7,,N/A,72.3,51.5,,103.7,167,148,4,3,1,1,,5.35,3.73,H,3,0
73,2019-20,2019-09-26,24,17:30,St. James' Park,43988,Paul Tierney,Windy,16.7,85,Cup,Newcastle,Brighton,Eddie Howe,Roberto De Zerbi,4-3-2-1,4-1-4-1,defense,balanced,good,,2,1,3,2,24;48;74,,17,13,7,6,41.2,N/A,3.36,1.99,-0.36,0.01,55.3,44.7,371,548,84.6,82.9,80,55,2,3,1,1,19,8,0,0,0,0,0,0,11,8,2,2,0,0,6,5,4,4,2,3,21,17,N/A,12,40,20,12,5,6,12,16,,35.5,19.2,19,12,43.0,42.9,105.9,103.3,203,226,1,6,1,0,2.49,4.83,2.55,H,3,0
549,2020-21,2021-01-12,5,12:30,Selhurst Park,20966,Andy Madley,Cloudy,0.1,68,Relegation 6-pointer,Crystal Palace,West Ham,Oliver Glasner,David Moyes,4-3-2-1,5-4-1,defense,defense,average,bad,1,0,1,2,74,14;77,9,13,4,7,,53.8,1.09,2.07,-0.09,-0.07,49.0,51.0,634,342,80.2,86.3,nan,32,10,2,1,0,12,14,0,0,,2,0,2,7,16,,1,0,1,5,2,5,3,2,1,13,17,14,17,40,31,5,2,21,12,20,13,16.3,29.3,9,18,74.8,59.3,104.9,107.9,208,,4,2,0,0,3.2,2.82,3.01,A,0,
1807,2023-24,2024-03-02,30,14:05,Goodison Park,38875,Jarred Gillett,Clear,27.2,79,Top 4 battle,Everton,Aston Villa,Sean Dyche,Unai Emery,4-3-2-1,4_3_2_1,defense,attack,average,average,0,1,0,1,none,47,9,11,7,1,77.8,9.1,0.1,1.17,,-0.17,37.4,62.6,650,411,82.4,80.0,28,52,10,2,0,1,13,8,0,,0,0,0,0,19,17,3,2,0,,5,0,0,7,1,0,19,10,,6,23,26,11,10,8,12,6,4,17.0,24.5,10,8,55.5,40.9,,113.7,212,271,3,4,2,0,2.94,3.3,2.8,A,0,3
916,2021-22,2021-11-28,35,14:05,Molineux Stadium,26864,Michael Oliver,Foggy,8.8,84,League,Wolves,Newcastle,Gary O'Neil,Eddie Howe,5-4-1,4-2-3-1,defense,defense,good,good,,2,1,,5,17;76;88,9,9,,5,55.6,55.6,1.04,3.34,-0.04,-0.34,37.7,62.3,339,525,75.6,81.5,43,27,9,7,0,0,10,16,0,0,1,1,,1,20,10,1,3,1,0,3,3,2,4,3,1,24,11,,5,,16,2,8,12,15,16,5,22.4,38.5,20,17,67.9,50.0,109.4,112.4,299,290,2,2,1,0,2.45,3.69,3.12,A,0,3
1904,2023-24,2024-01-18,22,19:45,Kenilworth Road,10100,John Brooks,Clear,4.9,,Derby,Luton Town,Crystal Palace,Rob Edwards,Oliver Glasner,4-2-3-1,4-1-4-1,defense,defense,BAD,bad,0,1,1,2,4,##,17,6,4,1,23.5,16.7,1.18,2.33,-0.18,-0.33,39.0,61.0,402,276,76.0,77.4,73,73,,8,1,1,20,nan,0,1,0,1,0,1,20,12,3,-2,0,0,5,3,0,3,2,1,17,25,11,9,33,20,5,3,8,21,19,4,28.9,30.2,,7,61.6,52.8,,106.0,183,153,1,5,0,0,2.4,4.07,2.96,A,0,3
1341,2022-23,2022-12-26,8,20:00,Selhurst Park,24897,Stuart Attwell,Overcast,9.5,43,League,Crystal Palace,Bournemouth,Oliver Glasner,Andoni Iraola,3-5-2,5-4-1,defense,attack,good,Avg,0,0,2,0,6;33,none,13,17,5,7,38.5,41.2,null,0.1,0.53,-0.1,49.5,50.5,352,576,82.6,80.2,58,73,5,8,2,0,17,20,1,0,?,1,0,0,12,11,0,3,0,0,2,1,7,3,0,2,20,23,10,5,17,36,9,6,24,17,12,17,33.9,25.5,13,5,62.5,40.1,112.2,N/A,234,152,4,3,?,1,2.26,5.09,2.77,H,3,0
158,2019-20,2019-11-26,31,15:00,Goodison Park,35975,Thomas Bramall,Light Rain,21.3,64,League,Everton,Chelsea,Sean Dyche,,4-1-4-1,4-2-3-1,defense,balanced,bad,good,1,1,1,1,49,24,19,8,5,1,26.3,12.5,1.36,1.58,-0.36,-0.58,50.7,49.3,569,379,74.9,88.6,54,55,3,4,1,1,22,11,1,0,0,0,0,0,6,10,1,2,0,0,1,5,0,4,1,1,13,27,11,9,36,36,8,4,9,9,23,18,38.9,44.8,13,18,50.5,61.5,112.2,112.2,249,199,2,3,0,,2.79,,2.7,D,1,1
1846,2023-24,2024-03-28,9,17:30,Stamford Bridge,36373,Jarred Gillett,Foggy,23.0,89,Top 4 battle,Chelsea,Luton Town,Mauricio Pochettino,Rob Edwards,4-4-2,4-4-2,balanced,defense,good,average,1,0,2,2,9;23+3,74;87,11,15,3,3,,20.0,2.74,1.24,-0.74,0.76,58.1,41.9%,502,314,83.9,69.9,,51,-5,6,0,1,8,12,2,2,0,0,0,0,7,8,1,3,0,0,4,0,N/A,1,2,2,24,24,14,15,30,12,7,3,23,16,24,12,42.4,27.2,10,17,47.8,51.8,109.4,102.6,238,226,1,4,3,2,2.09,3.27,4.65,D,,
797,2021-22,2021-09-10,27,19:45,Etihad Stadium,50649,Simon Hooper,Clear,21.8,40,Relegation 6-pointer,Manchester City,Crystal Palace,Pep Guardiola,Oliver Glasner,4-3-3,4-1-4-1,balanced,defense,average,good,1,3,2,3,34;57,34;51;65,16,12,4,3,25.0,25.0,1.27,2.5,,0.5,53.0,47.0,445,569,87.2,79.4,20,40,4,8,0,0,20,14,0,2,0,,0,0,17,16,1,nan,0,1,1,0,0,2,3,2,21,15,12,16,27,23,12,nan,7,5,25,16,41.4,33.3,7,14,64.4,60.9,100.3,107.2,189,189,2,1,0,0,1.98,6.75,2.89,A,0,3
1690,2023-24,2023-12-09,22,16:30,Old Trafford,63560,Robert Jones,Light Rain,?,56,League,Manchester United,Bournemouth,Erik ten Hag,Andoni Iraola,4-3-3,4-3-3,balanced,attack,average,good,1,0,5,1,4+1;33;58;77;83+3,2,10,11,9,1,90.0,9.1,4.08,1.1,0.92,-0.1,63.3,36.7,465,282,87.5,75.3,51,63,11,5,0,1,20,16,1,0,2,0,2,0,9,15,2,1,0,0,4,0,0,4,1,5,27,12,20,13,14,31,2,7,20,14,7,,41.9,34.3,8,15,,54.1,101.2,,192,215,1,4,0,0,2.27,4.02,3.21,H,3,0
564,2020-21,2021-01-21,21,14:05,Gtech Community Stadium,13294,David Coote,,1.4,74,Title race,Brentford,Crystal Palace,Thomas Frank,,5-4-1,5-4-1,attack,defense,average,bad,,2,2,4,17;40,8;14;56+3;65+1,13,11,,4,76.9,36.4,2.52,3.17,-0.52,0.83,51.3,48.7,689,305,,84.5,56,18,4,3,1,2,21,9,1,0,1,1,1,1,7,6,2,2,0,0,0,2,0,8,4,2,22,10,17,16,24,10,,9,24,19,11,6,23.4,38.7,5,10,40.0,42.1,104.7,107.2,241,177,1,5,3,2,2.26,4.33,,A,0,nan
210,2019-20,2020-01-06,32,19:45,London Stadium,62124,Robert Jones,Windy,11.0,52,League,West Ham,Sheffield United,David Moyes,,3-4-3,4-1-4-1,def,defense,good,good,4,1,4,1,26;33;46;71,87,16,12,6,5,,41.7,5.09,0.85,-1.09,0.15,55.8,44.2,396,506,85.0,71.1,49,41,8,7,2,0,9,15,0,0,1,0,0,0,14,19,0,2,0.0,0,4,2.0,4,2,1,4,,15,8,10,11,12,4,8,8,18,9,16,34.4,22.6,18,10,45.3,54.1,105.8,108.4,157,274,0,3,3,2,2.05,5.47,3.03,H,3,0
1349,2022-23,2022-12-29,38,16:30,Etihad Stadium,44899,Robert Jones,Sunny,15.9,65,League,Manchester City,Chelsea,Pep Guardiola,Mauricio Pochettino,5-4-1,4-2-3-1,BALANCED,balanced,bad,bad,2,0,3,3,60;72;88,14;62;85,11,10,7,,63.6,20.0,3.42,2.92,-0.42,0.08,N/A,40.2,457,473,94.6,88.0,28,35,nan,,0,,19,8,1,1,0,1,0,1,12,19,nan,,0,0,1,1,0,4,3,3,11,18,15,9,37,35,11,5,13,12,13,5,36.0,15.4,,18,50.1,57.7,101.4,111.3x,160,183,0,6,1,1,2.6,3.23,3.27,D,1,1
2043,2022-23,2023-04-10,23,19:45,City Ground,30203,David Coote,Light Rain,10.1,52,Relegation 6-pointer,Nottm Forest,Newcastle,Nuno Espirito Santo,Eddie Howe,3-4-3,3-4-3,defense,defense,,good,0,1,3,1,3;24+2;43,85,12,10,9,5,75.0,50.0,,1.43,-0.01,-0.43,40.7,59.3,444,553,75.2,82.3,80,48,7,3,0,,6,19,0,0,1,0,1,0,,8,0,0,0,0,2,2,4,6,1,3,10,15,7,14,22,21,2,2,14,20,8,12,25.4,38.9,16,8,50.3,44.9,109.0,108.5,231,170,0,1,0,0,2.63,5.37,2.3,H,3,0
110,2019-20,2019-10-22,5,16:30,Amex Stadium,29405,,Cloudy,7.8,69,League,Brighton,Everton,Roberto De Zerbi,Sean Dyche,3-4-3,3-5-2,balanced,def,average,,0,0,2,1,2;66+2,58,10,15,8,6,,40.0,2.69,1.26,-0.69,-0.26,53.6,46.4,633,477,81.2,80.6,39,46,3,4,0,0,6,12,1,0,0,0,0,0,10,15,,1,0,0,1,3,5,6,1,2,21,23,12,11,29,31,12,nan,19,21,22,17,16.8,42.2,14,9,62.4,41.9,109.4,108.1,165,187,2.0,1,2,?,2.61,3.8,2.83,H,3,0
874,2021-22,2021-11-01,20,14:05,Tottenham Hotspur Stadium,61869,David Coote,Light Rain,15.0,53,Top 4 battle,Tottenham,Luton Town,Ange Postecoglou,Rob Edwards,4-4-2,5-4-1,attack,defense,bad,bad,2,1,4,2,6;17;40;71,15;31x,15,15,6,8,nan,53.3,4.29,2.35,-0.29,null,58.4,,700,500,81.1,71.0,37,22,7,1,0,0,11,11,0,0,1,1,1,1,11,11,4,2,0,0,4,5,6,2,2,4,15,21,13,12,12,9,8,9,21,22,8,4,32.7,31.8,19,15,50.3,55.0,108.7,105.5,275,146,2,2,1,0,2.2,3.17,4.35,H,3,0
1926,2019-20,2020-05-30,22,20:00,Molineux Stadium,30356,Michael Oliverx,Cloudy,14.6,86,Derby,Wolves,Manchester United,Gary O'Neil,Erik ten Hag,4-2-3-1,3-5-2,defense,balanced,average,bad,2,0,2,1,15;49,,15,14,9,6,60.0,42.9,2.05,1.07,-0.05,,51.4,48.6,594,393,77.5,88.9,42,26,5,5,2,1,12,,0,0,0,0,0,0,17,14,1,2,0,0,6,2,5,7,1,2,15,14,20,10,22,N/A,3,4,5,10,,11,,35.0,15,17,66.0,51.8,106.0,101.6,183,222,1,3,,0,2.87,,2.54,H,3,0
825,2021-22,2021-09-24,29,17:30,Goodison Park,32072,Simon Hooper,Windy,0.3,47,Relegation 6-pointer,Everton,Manchester City,Sean Dyche,Pep Guardiola,3-5-2,3-5-2,defense,balanced,bad,good,0,1,1,N/A,null,84,10,14,5,1,50.0,7.1,0.7,1.09,0.3,-0.09,31.0,69.0,650,640,75.8,91.8,72,42,9,7,0,1,21,19,0,0,1,0,1,0,20,9,2,3,1,0,2,2,0,4,1,1,25,13,13,9,19,8,4,7,5,17,24,10,15.9,25.7,10,5,65.5,41.9,107.3,104.7,179,249,2,4,0,0,2.74,4.31,2.48,D,1,1
1688,2023-24,2023-12-09,27,20:00,Gtech Community Stadium,13875,Anthony Taylor,Light Rain,2.3,85,League,Brentford,Newcastle,Thomas Frank,Eddie Howe,3-4-3,3-4-3,attk,defense,average,average,1,1,1,1,89,8,9,15,8,5,88.9,33.3,0.78,1.35,0.22,-0.35,54.3,45.7,664,251,78.4,88.4,36,38,8,2,0,0,17,18,0,0,0,0,0,0,15,8,3,1,1,0,4,1,4,7,1,1,12,21,16,17,nan,23,11,9,22,21,10,18,42.5,,19,6,56.5,59.8,102.1,101.9,277,,1,7,1,1,2.33,5.54,2.56,D,1,1
1783,2023-24,2024-02-14,22,17:30,Turf Moor,18130,John Brooks,Windy,15.2,65,Cup,Burnley,Manchester City,Vincent Kompany,Pep Guardiola,4-1-4-1,5-4-1,defense,,bad,,0,1,0,3,none,9;34;50,15,9,5,6,33.3,66.7,,3.33,-0.1,-0.33,32.4,67.6,407,312,,92.0,72,22,9,7,0,2,22,11,,N/A,0,0,0,0,12,13,3,3,0,0,2,4,3,5,3,0,13,28,6,17,29,,7,8,19,22,13,16,36.4,41.6,20,13,42.6,66.4,109.2,109.8,192,141,1,3,1,1,3.13,3.93,2.35,A,0,3
1138,2021-22,2022-05-07,5,17:30,Selhurst Park,19343,David Coote,Foggy,18.1,84,Top 4 battle,Crystal Palace,Newcastle,Oliver Glasner,Eddie Howe,3-5-2,4-2-3-1,defense,defense,average,bad,0,1,,2,85,48;58,12,9,8,,66.7,11.1,1.36,1.84,-0.36,0.16,49.6,50.4,622,362,85.0,86.7,35,19,10,?,1,1,20,12,0,,0,2,0,1,14,6,4,2,0,0,2,1,0,7,2,1,23,15,13,5,27,27,4,10,12,13,14,21,30.6,25.8,7,18,73.6,59.9,117.6,108.7,261,223,3,2,1,1,2.97,4.31,2.32,A,0,3
189,2019-20,2019-12-18,38,17:30,Emirates Stadium,45856,Michael Oliver,Sunny,27.3,84,Relegation 6-pointer,Arsenal,Brentford,Mikel Arteta,Thomas Frank,3-4-3,3-4-3,attack,attk,bad,good,1,1,,2,1+1;8,3;30,8,9,6,7,75.0,77.8,2.11,2.4,-0.11,-0.4,62.1,37.9,456,618,85.4,83.4,64,39,7,2,0,0,16,11,0,0,0,1,0,1,,12,1,3,0,0,4,0,5,4,2,2,22,26,8,10,32,19,3,3,5,6,15,5,?,20.1,19,12,50.1,52.7,,106.0,182,226,1,4,1,,2.44,3.89,3.0,D,,1
919,2021-22,2021-12-06,7,15:00,Emirates Stadium,53345,Robert Jones,Clear,14.1,57,League,Arsenal,Crystal Palace,Mikel Arteta,Oliver Glasner,3-5-2,4-3-3,attack,defense,bad,AVERAGE,0,0,3,,6;76;83+3,none,,10,7,6,50.0,60.0,,0.1,-0.39,-0.1,61.7,38.3,491,383,83.7,85.2,76,43,10,5,0,0,6,9,0,0,0,0,0,0,13,11,1,2,0,N/A,1,2,nan,4,0,3,26,-18,12,12,32,29,4,2,,5,22,10,36.2,32.9,13,11,52.0,53.4,108.9,108.6,217,265,2,,2,0,2.35,4.78,2.74,H,3,0
1732,2023-24,2024-01-04,3,17:30,City Ground,26497,Jarred Gillett,Windy,13.5,66,League,Nottm Forest,Burnley,Nuno Espirito Santo,Vincent Kompany,4-4-2,4-3-3,defense,defense,average,average,?,0,2,2,29;52,41;62,10,N/A,8,3,80.0,23.1,##,1.65,,0.35,61.0,39.0,454,377,77.2,77.0,55,46,2,2,0,1,8,13,0,1,1,1,0,1,16,10,1,4,0,0,3,1,1,6,N/A,2,30,24,7,7,14,18,11,6,9,16,6,22.0,38.6,null,9,18,,41.4,107.6,109.4,179,231,,4,0,0,2.7,2.94,3.45,D,1,1
145,2019-20,2019-11-19,16,15:00,Amex Stadium,31332,Simon Hooper,Sunny,9.2,84,League,Brighton,Newcastle,Roberto De Zerbi,Eddie Howe,4-1-4-1,4-3-2-1,balanced,defense,average,bad,0,0,4,1,29;33;35;50,85,17,11,9,-1,52.9,72.7,5.15,0.84,-1.15,0.16,nan,45.4,398,585,88.4,85.7,25,44,10,4,2,1,12,8,0,0,1,0,,0,19,20,2,2,0,0,5,4,7,5,1,4,21,12,11,7,24,26,8,3,12,16,14,15,33.7,,9,17,70.2,42.0,115.2,112.8,231,263,1,2,0,0,2.14,7.23,2.53,H,3,0
1982,2020-21,2020-10-03,4,15:00,Amex Stadium,24981,John Brooks,Light Rain,8.0,76,Relegation 6-pointer,Brighton,Luton Town,Roberto De Zerbi,Rob Edwards,4-4-2,4-3-2-1,balanced,defense,average,bad,2,0,4,0,2;12;81;81,none,18,15,4,8,22.2,53.3,5.35,0.1,-1.35,-0.1,69.8,30.2,369,408,87.4,,57,28,9,3,0,0,12,17,1,0,0,0,0,0,14,19,1,2,0,0,2,3,8,0,0,4,15,18,14,8,39,14,2,7,6,5,8,20,35.1,29.2,14,10,55.8,64.5,107.0,101.7,232,,2,1,1,1,2.22,3.1,4.4,H,3,0
1298,2022-23,2022-11-25,19,14:05,Selhurst Park,20833,Robert Jones,Sunny,-1.3,50,League,Crystal Palace,Newcastle,Oliver Glasner,Eddie Howe,3-4-3,3-5-2,defense,defense,average,average,2,1,3,1,17;74;83+1,76,?,14,10,1,,7.1,4.25,0.66,-1.25,0.34,49.4,50.6,,649,79.8,86.5,34,36,9,7,2,1,16,6,,0,0,0,0,0,,13,2,3,0,0,1,2,0,7,1,3,21,18,9,14,14,29,5,4,11,10,14,12,18.2,43.9,N/A,4,,52.9,102.1,107.5,163,172,1,1,0,0,2.41,5.01,2.59,H,3,0
1249,2022-23,2022-10-23,16,19:45,London Stadium,58034,Chris Kavanagh,,16.3,##,League,West Ham,Brighton,David Moyes,Roberto De Zerbi,,4-3-3,def,,average,average,0,2,1,2,86,9;57,15,14,8,5,53.3,35.7,0.79,,0.21,0.1x,49.8,50.2,,639,79.9,87.6,56,67,10,9,,1,8,20,1,0,,1,0,0,8,19,1,3,,0,4,3,3,7,2,nan,27,28,15,18,23,34,5,9,21,20,6,11,15.5,27.6,14,15,50.9,42.2,101.1,103.4,262,254,2,4,0,0,2.68,3.7,2.8,A,0,3
1171,2022-23,2022-08-26,12,19:45,Old Trafford,60536,Simon Hooper,Rainy,5.6,54,League,Manchester United,Manchester City,Erik ten Hag,Pep Guardiola,4-2-3-1,3-4-3,balanced,balanced,good,good,0,2,1,2,70,35;69,14,7,3,5,21.4,71.4,0.62,2.02,0.38,-0.02,51.0,,529,278,87.8,94.8,79,24,7,1,0,1,20,12,0,0,,0,0,0,13,7,1,2,0,0,2,5,3,2,2,1,27,14,18,18,13,10,10,7,20,16,10,21,15.4,20.1,11,14,73.4,44.3,109.1,108.7,211,252,0,3,1,0,2.75,4.72,,A,0,3
1887,2023-24,2024-04-25,23,16:30,Bramall Lane,30839,Stuart Attwell,Clear,15.9,82,Relegation 6-pointer,Sheffield United,Aston Villa,Chris Wilder,Unai Emery,4-3-3,3-5-2,defense,attack,bad,avg,0,1,0,1,none,59,9,16,5,3,55.6,18.8,0.1,0.8,-0.1,0.2,40.7,59.3,346,263,70.4,82.8,37,62,999,7,0,1,12,15,0,0,0,0,0,0,18,18,1,2,1,0,5,0,2,5,1,0,28,26,8,7,13,30,2,10,22,6,24,11,42.5,40.8,,,56.9,,,107.2,210,278,2,2,,1,3.97,3.42,2.2,A,0,3
1244,2022-23,2022-10-18,9,17:30,Gtech Community Stadium,15170,Anthony Taylor,Light Rain,13.5,89,Derby,Brentford,Chelsea,Thomas Frank,Mauricio Pochettino,3-4-3,3-4-3,balanced,balanced,bad,good,4,0,4,N/A,31;49;76;83+5,52,17,10,8,2,47.1,20.0,3.93,1.26,0.07,-0.26,42.2,57.8,328,507,79.9,81.6,74,47,11,9,2,0,21,,0,0,0,0,0,0,16,,1,,0,0,0,5,1,4,1,4,14,17,12,5,21,25,7,10,6,9,12,8,38.5,25.0,19,6,44.5,51.3,109.5,106.5,290,271,2.0,3,0,0,2.91,3.76,2.56,H,3,0
260,2019-20,2020-02-10,38,15:00,Gtech Community Stadium,16039,Robert Jones,Light Rain,11.3,92,Cup,Brentford,Crystal Palace,Thomas Frank,Oliver Glasner,3-5-2,4-3-3,attack,defense,good,bad,1,0,2,0,N/A,none,20,7,5,,25.0,57.1,1.77,0.1,0.23,-0.1,50.1,49.9,403,636,84.2,82.3,76,21,8,nan,0,0,15,19,0,0,0,0,0,0,10,19,1,2,0,0,2,2,4,3,0,2,11,15,20,16,35,27,3,3,8,20,5,20,29.7,39.3,17,4,68.5,54.5,105.5,107.5,271,191,2,2,2,0,2.47,3.99,2.91,H,3,0
1461,2022-23,2023-03-19,18,15:00,London Stadium,,Michael Oliver,Foggy,13.0,46,Top 4 battle,West Ham,Everton,David Moyes,Sean Dyche,4_2_3_1,4-3-2-1,defense,defense,good,average,,1,3,2,68;75;79,32;89,12,14,8,5,66.7,35.7,3.65,2.24,-0.65,-0.24,55.4,44.6,446,649,86.8,-,32,26,5,4,1,1,6,7,1,0,0,1,0,1,18,12,3,3,0,,0,,3,5,2,3,29,23,10,13,39,19,3,7,12,10,8,19,24.8,18.7,12,4,54.3,57.2,110.3,100.7,257,281,2,4,2,1,2.37,3.99,3.06,H,3,0
305,2019-20,2020-03-12,36,20:00,Goodison Park,34189,Robert Jones,Overcast,10.0,84,Relegation 6-pointer,Everton,Liverpool,Sean Dyche,Jurgen Klopp,4-1-4-1,5-4-1,,attack,bad,good,0,1,2,2,78;87,23;46,10,6,,6,80.0,100.0,2.28,2.09,-0.28,-0.09,33.2,66.8,670,307,79.5,89.3,35,18,5,9,0,1,15,15,0,0,1,0,1,0,19,18,2,2,0,1,6,0,4,6,2,2,26,,16,14,28,19,10,9,8,17,16,,20.6,,8,15,70.8,54.1,107.0,105.0,191,285,3,0,3,1,,3.96,2.26,D,1,1
545,2020-21,2021-01-05,36,15:00,Stamford Bridge,37715,Paul Tierney,,6.2,45,League,Chelsea,Crystal Palace,Mauricio Pochettino,Oliver Glasner,5-4-1,4-3-2-1,balanced,defense,bad,bad,1,0,4,0,65;79;79;81,none,16,8,3,1,18.8,12.5,3.54,0.16,0.46,-0.16,52.8,47.2,333,589,80.9,78.8,51,61,4,5,2,0,16,N/A,0,0,1,0,1,0,18,14,2,0,0,0,6,3,1,0,0,,24,25,9,11,28,36,3,4,10,15,5,21,43.8,20.9,13,18,49.7,53.6,112.1,,227,141,?,3,3,0,2.27,4.47,2.97,H,3,0
1906,2023-24,2024-05-16,4,15:00,Amex Stadium,26145,Simon Hooper,Light Rain,-5.3,93,Derby,Brighton,Liverpool,Roberto De Zerbi,Jurgen Klopp,3-5-2,5_4_1,BALANCED,attack,average,average,0,1,0,4,none,12;48+4;51;75,11,8,,3,81.8,37.5,0.31,5.48,-0.31,-1.48,49.8,50.2%,369,556,85.7,94.0,70,49,3,5,0,1,12,16,0,0,0,1,0,1,17,11,1,2,0,0,6,5,0,9,4,0,13,22.0,7,5,13,22,4,8,22,18,6,20,27.7,30.9,17,?,57.8,46.7,100.0,105.5,181,260,0,3,,2,2.41,7.22,2.24,A,0,3
40,2019-20,2019-09-06,3,17:30,Selhurst Park,22144,Andy Madley,Sunny,12.5,61,Cup,Crystal Palace,Bournemouth,Oliver Glasner,Andoni Iraola,3-4-3,4-1-4-1,defense,attack,average,bad,,0,2,0,48;51,none,9,9,6,2,,22.2,2.28,0.3,-0.28,-0.3,58.9,,359,337,79.7,74.4,26,67,11,7,1,0,14,17,N/A,0,0,0,0,0,7,12,3,1,0,0,5,5,2,4,0,2,16,25,10,8,14,20,3,9,12,10,16,14,34.7,17.6,12,5,60.7,57.0,107.3,108.8,294,,2,7,1,0,2.67,3.67,2.84,H,3,0
570,2020-21,2021-01-27,4,16:30,Vitality Stadium,10948,Paul Tierney,Light Rain,14.0,58,League,Bournemouth,Brighton,Andoni Iraola,Roberto De Zerbi,4_4_2,3-5-2,attack,balanced,bad,good,1,4,3,,13;29;62,4;29;85;87+4,16,16,5,4,31.2,25.0,3.76,3.45,-0.76,0.55,47.9,52.1,689,281,75.4,88.0,75,24,2,2,0,0,22,13,0,0,1,0,1,0,14,16,3,0,0,0,2,2,0,2,4,3,30,26,6,17,31,13,12,,17,11,17,5,18.1,19.7,5,,,58.6,105.6,107.0,161,279,3,1,1,1,3.28,3.58,2.41,A,0,3
1393,2022-23,2023-01-29,35,19:45,Kenilworth Road,,Stuart Attwell,Clear,23.4,71,Top 4 battle,Luton Town,Manchester City,Rob Edwards,Pep Guardiola,4-1-4-1,4-3-2-1,def,balanced,average,bad,0,0,?,4,none,42;59;60;70,19,,,4,##,23.5,0.15,3.96,-0.15,0.04,35.6,64.4x,579,365,nan,93.4,37,45,8,2,0,1,7,6,0,0,nan,0,0,0,13,20,4,1,0,0,2,3,0,4,4,0,15,16,14,8,25,35,9,8,24,6,19,13,28.3,38.5,9,6,60.5,?,105.9,104.4,173,199,1,3,1,0,-,4.75,2.09,A,0,3
702,2020-21,2021-05-01,30,20:00,City Ground,26294,Stuart Attwell,Light Rain,15.5,52,Relegation 6-pointer,Nottm Forest,Manchester United,Nuno Espirito Santo,Erik ten Hag,4-2-3-1,4-3-3,defense,balanced,bad,average,0,0,,0,,none,15,11,2,3,13.3,27.3,0.36,,-0.36,-0.1,41.3,58.7,369,642,75.4,,63,29,6,3,0,0,11,15,0,0,0,0,0,0,17,12,,1,0,1,4,3,3,2,0,,25,22,17,16,40,13,9,6,,22,11,14,16.6,19.0,9,15,40.6,60.1,112.9,112.6,178,229,2,4,2,2,3.26,2.85,2.92,D,1,1
1199,2022-23,2022-09-16,25,12:30,London Stadium,47225,Simon Hooper,Sunny,,66,League,West Ham,Sheffield United,David Moyes,Chris Wilder,,3-4-3,defense,defense,avg,good,3,1,3,1,9;15+3;77,70,12,9,3,6,25.0,66.7,3.14,0.91,-0.14,0.09,56.0,44.0,370,299,83.7,70.2,50,51,7,8,2,1,13,20,0,0,0,0,0,0,12,9,1,0,0,0,3,3,5,0,1,3,10,26,5,15,22,30,6,5,23,10,17,5,42.1,36.8,19,7,59.6,54.8,107.1,110.5,210,256,1,2,2,1,2.0,5.29,3.23,H,3,0
1225,2022-23,2022-10-03,27,14:05,Emirates Stadium,46235,Jarred Gillett,Overcast,16.2,90,Title race,Arsenal,Nottm Forest,Mikel Arteta,Nuno Espirito Santo,5-4-1,4-2-3-1,attack,defense,bad,bad,2,1,2,2,57;80,12+5;32,15,6,2,5,13.3,83.3,2.32,,-0.32,0.1,59.7,40.3,537,604,88.1,,71,56,2,4,2,0,13,12,0,1,0,,0,0,19,15,2,1,,0,4,0,3,0,2,2,10,25,13,8,10,17,2,8,24,5,15,20,38.6,41.2,20,14,43.6,49.7,109.5,105.5,216,184,1,4,2,0,1.95,6.39,3.01,D,1,1
268,2019-20,2020-02-14,6,15:00,Old Trafford,63660,David Coote,Rainy,9.3,52,League,Manchester United,Liverpool,Erik ten Hag,Jurgen Klopp,4-4-2,3-4-3,balanced,attack,average,bad,0,,0,2,none,48+2;77,9,9,8,8,88.9,88.9,0.1,2.05,-0.1,-0.05,42.3,57.7,495,324,80.6,88.8,41,42,6,8,0,1,20,7,0,0,0,1,0,,14,12,0,2,0,0,3,2,6,8,2,0,15,21,18,12,17,9,7,,23,22,,21,17.9,37.4,5,10,47.9,58.9,114.1,111.5,270,225,1,2,0,0,2.75,3.24,3.05,A,0,3
1326,2022-23,2022-12-16,28,19:45,Kenilworth Road,9179,John Brooks,Windy,14.3,51,League,Luton Town,Chelsea,Rob Edwards,Mauricio Pochettino,3-4-3,3-4-3,defense,balanced,bad,average,0,0,3,1,1;22;85,47,11,15,6,3,54.5,20.0,2.75,1.23,0.25,-0.23,39.9,,668,298,71.0,82.8,44,66,11,2,1,1,16,20,1,1,2,0,2,0,13,10,2,2,0,0,6,1,2,3,1,3,12,18,17,14,10,23,7,9,21,21,20,20,22.6,,18,8,40.7,-,116.8,114.0,167,219,2,3.0,1,1,3.21,4.98,2.05,H,3,0
727,2020-21,2021-05-12,25,19:45,Craven Cottage,24351,Andy Madley,Overcast,8.9,51,Title race,Fulham,Liverpool,Marco Silva,Jurgen Klopp,4-4-2,3-5-2,,attack,BAD,bad,0,0,0,2,none,56;72,11,10,10,7,90.9,70.0,0.38,2.56,,-0.56,45.5,54.5,474,401,81.0,86.3,56,27,3,,0,N/A,20,12,,0,0,0,0,0,19,11,2,2,0,0,0,0,5,10,2,0,24,17,15,18,30,9,5,8,21,20,6,9,29.9,38.6,13.0,6,59.5,71.1,104.5,101.0,204,140,,5,1,0,2.48,5.65,2.38,A,0,N/A
1424,2022-23,2023-02-21,5,12:30,Turf Moor,17764,Michael Oliver,Foggy,13.8,58,League,Burnley,Crystal Palace,Vincent Kompany,Oliver Glasner,4-4-2,3-4-3,defense,defense,bad,good,1,1,1,?,74,5,18,6,2,4,11.1,66.7,1.02,1.09,-0.02,,45.5,54.5,467,570,79.3,76.3,76,57,3,4,0,1,12,15,0,0,0,0,0,0,7,14,N/A,1,0,0,3,1,3,1,1,1,24,18,6,17,12,38,4,6,20,5,16,14,27.8,29.3,8,13,46.4,57.6,107.3,105.7,150,161,2,4,0,0,2.39,5.73,2.46,D,1,1.0
1351,2022-23,2023-01-02,26,15:00,Villa Park,41341,Jarred Gillett,Rainy,3.5,55,Relegation 6-pointer,Aston Villa,Brentford,,Thomas Frank,3-4-3,4-1-4-1,attack,attack,bad,average,3,0,3,,20;22;39,none,15,7,,6,26.7,85.7,3.54,0.25,-0.54,-0.25,48.8,51.2,478,385,81.0,82.4,40,65,5,6,nan,0,14,8,0,0,0,0,0,0,7,9,2,1,0,0,4,1,6,1,0,3,15,,16,11,10,26,3,7,9,18,24,19,44.6,16.4,15,14,57.7,61.0,105.5,102.4,191,220,2,2,3,2,2.57,3.13,3.42,H,,0
91,2019-20,2019-10-14,3,15:00,Craven Cottage,20623,Robert Jones,,14.5,67,League,Fulham,Bournemouth,Marco Silva,Andoni Iraola,3-5-2,4-1-4-1,balanced,attack,good,good,1,0,2,1,70;78,48,20,9,6,1,30.0,11.1,2.02,0.97,-0.02,0.03,51.9,48.1,692,313,78.9,80.4,69,72,2,7,,0,17,14,0,0,1,0,1,0,15,16,N/A,3,0,0,1,,0,4,1,2,26,23,6,8,27,20,8,10,6,17,,11,44.9,44.0,8,14,57.9,40.6,114.3,106.8,293,188,3,2,2,2,2.48,4.5,2.67,H,3,0
1073,2021-22,2022-03-24,29,20:00,Anfield,58681,Chris Kavanagh,Sunny,16.6,95,League,Liverpool,Brighton,Jurgen Klopp,Roberto De Zerbi,4-3-2-1,5-4-1,attack,balanced,average,bad,0,0,2,0,75;90,none,11,8,6,7,54.5,87.5,2.08,,-0.08,-0.3,62.3,37.7,598,480,87.5,79.4,51,53,999,6,0,0,14,7,0,,0,0,0,0,7,15,2,2,,0,2,2,7,4,0,2,29,16,17,6,18,9,5,7,23,10,7,19,38.2,41.4,18,4,63.6,59.4,103.2,113.1,217,197,3,3,0,,1.98x,9.62,2.56,H,3,0
1856,2023-24,2024-04-04,17,12:30,Emirates Stadium,55717,Stuart Attwell,Cloudy,17.4,75,League,Arsenal,Luton Town,Mikel Arteta,Rob Edwards,5-4-1,4_4_2,attack,defense,bad,good,0,2,4,2,64;74;75;88,12;81,12,10,4,2,33.3,20.0,5.09,1.88,-1.09,0.12,62.0,38.0,517,650,89.3,71.6,36,54,6,,0,2,21,20,0,0,0,1,0,0,,15,2,1,0,0,0,0,0,0,2,4,11,20,8,13,,33,4,,25,12,24,17,36.7,,16,,47.3,##,null,101.8,286,232,2,5,,1,1.9,6.67,3.09,H,,0
1977,2021-22,2022-02-08,1,12:30,Gtech Community Stadium,15390,Stuart Attwell,Light Rain,1.3,47,Derby,Brentford,Burnley,Thomas Frank,Vincent Kompany,3_5_2,4-3-2-1,attack,defense,average,bad,2,0,2,0,8;31,none,11,17,2,3,18.2,17.6,1.43,0.1,0.57,-0.1,59.3%,40.7,588,402,86.3,nan,36,73,8,5,0,0,16,7,0,0,0,,0,0,19,14,3,0,0,,5,3,3,0,0,2,21,10,10,7,18,10,7,2,23,,nan,16,25.3,N/A,11,7,67.0,null,106.8,107.1,222,227,1,3,1,1,-,6.05,3.29,H,3,0
2047,2022-23,2023-05-01,15,19:45,Villa Park,41187,Anthony Taylor,Foggy,9.9,51,Relegation 6-pointer,Aston Villa,Wolves,Unai Emery,Gary O'Neil,3-5-2,,attack,,good,average,2,0,2,1,16;17,18,8,10,2,,25.0,20.0,2.3,1.33,-0.3,-0.33,62.4,37.6,498,534,87.3,84.9,80,35,6,3,2,0,10,16,0,0,0,0,0,,19,18,3,3,0,0,0,3,1,0,1,2,13,18,9,12,40,36,12,8,15,9,22,22,39.4,36.4,17,10,74.6,54.0,113.8,103.3,218,271,2,7,1,0,2.39,5.42,2.51,H,3,0
1469,2022-23,2023-03-25,23,16:30,Stamford Bridge,35439,Thomas Bramall,Overcast,20.1,76,Relegation 6-pointer,Chelsea,Liverpool,Mauricio Pochettino,Jurgen Klopp,4-4-2,4-2-3-1,balanced,attk,good,good,1,0,3,1,1;80;84,30,14,17,4,6,28.6,35.3,3.71,1.44,-0.71,-0.44,48.4,51.6,317,297.0,84.8,91.1,51,25,,9,1,1,7,5,0,0,0,0,,0,12,7,3,2,0,0,4,1,5,1,1,3,15,14,17,13,31,28,,3,5,20,8,9,33.9,43.6,9,6,53.0,69.9,107.4,109.2,299,226,2,4,1,0,2.51,4.65,2.59,H,3,0
1372,2022-23,2023-01-15,36,16:30,Etihad Stadium,51621,Stuart Attwell,Clear,9.6,78,Derby,Manchester City,Aston Villa,Pep Guardiola,Unai Emery,3-4-3,3-4-3,,attack,average,good,0,0,2,3,8+5;38+4,26;41;74,15,6,5,4,33.3,66.7,2.16,2.57,-0.16,0.43,49.9,50.1,-674,423,93.6,79.0,,52,11,4,2,2,9,18,0,1,0,0,0,N/A,9,10,1,1,0,1,6,0,1,3,3,2,24,13,17,15,11,35,2,4,7,7,10,17,15.9,27.1,15,4,,58.7,109.3,111.0,279,148,1,4,2,1,1.94,6.06,3.14,A,0,3
413,2020-21,2020-10-03,33,17:30,St. James' Park,42306,Stuart Attwell,Sunny,18.4,47,League,Newcastle,Burnley,Eddie Howe,Vincent Kompany,4-1-4-1,4-2-3-1,defense,defense,average,bad,0,0,3,1,?,76+3,16,6,5,1,31.2,16.7,4.21,1.52,-1.21,-0.52,,39.7,526,252,87.3,75.6,54,26,6,3,0,0,19,15,0,1,0,0,0,0,14,19,3,0,0,0,1,2,0,2,1,3,,,7,7,31,34,,10,9,21,17,13,nan,29.4,6,17,58.3,69.7,111.4,113.9,174,269,2,3,0,0,1.88,7.16,3.05,H,3,0
372,2019-20,2020-04-26,17,19:45,London Stadium,-,Jarred Gillett,Cloudy,7.2,,League,West Ham,Luton Town,David Moyes,,3-5-2,4-1-4-1,defense,defense,good,BAD,1,0,1,1,54,83,14,17,2,5,14.3,29.4,1.05,,-0.05,0.05,55.4,44.6,457,327,82.1,,62,28,7,6,0,0,22,18,0,0,0,2,0,1,9,16,2,2,0,0,1,1,4,1,1,1,,16,10,11,28,30,9,5,16,14,16,7,31.8,26.8,12,17,73.9,64.2,107.1,111.0,261,167,5,7,1,1,2.28,3.35,3.79,D,1,1
197,2019-20,2019-12-27,28,15:00,Villa Park,35926,Chris Kavanagh,Cloudy,9.1,72,Derby,Aston Villa,Crystal Palace,Unai Emery,Oliver Glasner,3-5-2,4-3-3,attack,defense,Good,bad,1,0,1,nan,37,none,20,13,6,7,,53.8,1.09,0.1,-0.09,-0.1,,38.9,307,602,84.7,80.6,34,,2,4,1,0,13,14,1,0,0,0,0,0,17,14,3,2,0,0,0,2,7,5,0,1,16,13,16,13,10,30,,5,23,5,18,13,19.2,38.8,9,,72.0,64.6,103.8,114.8,284,177,3,2,0,,2.64,3.26,3.17,H,3,0
1758,2023-24,2024-01-24,28,17:30,Vitality Stadium,9896,Stuart Attwell,Rainy,17.3,46,League,Bournemouth,Aston Villa,Andoni Iraola,Unai Emery,4-3-3,4-1-4-1,attack,attack,bad,good,,1,2,2,10;26,48;81,11,11,10,7,90.9,63.6,2.43,2.58,-0.43,-0.58,-,58.3,482,483,82.6,84.3,53,54,8,9,1,1,18,14,1,1,1,1,0,1,16,14,2,2,N/A,,2,5,,8,2,2,25,13,20,8,10,15,12,4,10,5,10,18,28.9,28.8,19,9,null,66.7,108.7,109.8,226,270,2,3,2,1,2.46,4.97,2.54,D,1,1
2090,2020-21,2020-12-02,6,17:30,Goodison Park,29955,Robert Jones,Sunny,27.5,57,Relegation 6-pointer,Everton,Luton Town,Sean Dyche,Rob Edwards,4-2-3-1,3-5-2,defense,defense,bad,average,1,0,2,0,12;31+3,,14,7,6,6,42.9,85.7,2.59,0.1,-0.59,-0.1,50.4,,600,356,82.4,78.7,35,,3,5,2,0,18,15,0,0,0,0,,0,10,nan,4,2,0,0,4,3,6,4,N/A,2,23,27,17,14,22,36,4,10,9,17,16,21,31.4,40.0,9,11,72.6,56.2,null,100.4,242,216.0,4,7,0,0,2.04,3.84,4.0,H,3,0
859,2021-22,2021-10-18,4,19:45,Vitality Stadium,8779,Stuart Attwell,Foggy,12.7,64,Cup,Bournemouth,Fulham,Andoni Iraola,Marco Silva,4-2-3-1,4-1-4-1,attack,balanced,good,bad,1,0,1,1,60,35,16,10,9,1,56.2,10.0,0.5,1.07,0.5,-0.07,53.5,46.5,585,559,75.1,83.0,38,56,8,N/A,0,0,14,11,0,0,0,1,0,1,10,9,3,0,0,?,6,4,0,8,1,1,24,10,19,14,30,27,9,8,19,6,?,20,36.5,40.6,15,15,55.2,,106.9,102.8,173,146,1,N/A,1,1,2.32,4.82,?,D,1,1
691,2020-21,2021-04-23,5,17:30,Turf Moor,18015,Paul Tierney,Sunny,15.0,48,Title race,Burnley,Crystal Palace,Vincent Kompany,Oliver Glasner,3-4-3,4-1-4-1,defense,,average,average,1,0,1,3,85,22;22+2;33,11,6,4,2,36.4,33.3,0.93,1.99,0.07,1.01,47.0,53.0,340,333,70.4,79.6,38,51,5,N/A,1,1,13,9,0,0,0,1,0,1,17,14,1,1,0,0,2,3,0,3,3,1,27,21,11,7,35,36,5,6,25,9,11,19,26.9,39.1,7,13,44.0,null,114.3,106.3,166,290,4,5,3,N/A,2.88,4.45,2.34,A,0,3
1567,2023-24,2023-09-15,1,19:45,Stamford Bridge,30441,John Brooks,Sunny,28.3,,League,Chelsea,Tottenham,,Ange Postecoglou,4-2-3-1,4-1-4-1,balanced,attack,average,good,1,0,2,1,18;72,66,11,8,7,nan,63.6,?,1.73,0.98,0.27,0.02,50.4,49.6,,337,86.6,84.2,66,,7,8,,1,19,11,0,0,0,0,0,0,17,7,0,3,0,0,3,0,3,5,1,2,27,11,18,6,19,25,4,10,25,6,10,,44.2,34.4,10,7,52.5,53.2,106.3,102.1,177,258,3,1,0,0,2.31,3.76,3.32,H,,0
62,2019-20,23/09/2019,16,20:00,Molineux Stadium,28751,Jarred Gillett,Sunny,11.4x,70,League,Wolves,Manchester City,Gary O'Neil,Pep Guardiola,3-4-3,4-3-3,defense,defense,avg,,0,0,1,3,8,33;77;81,9,6,4,2,44.4,33.3,1.34,3.36,-0.34,-0.36,40.7,59.3,468,386,75.4,89.8,72,45,9,5,1,0,,10,,,0,,0,1,11,6,,3,1,0,3,4,0,3,3,1,26,17,16,-12,15,38,5,3,9,19,17,21,24.1,26.5,10,7,63.2,,109.7,104.8,157.0,263,1,6,0,,##,4.79,2.46,A,0,3
1473,2022-23,2023-03-29,25,20:00,Villa Park,38303,Anthony Taylor,Rainy,20.7,77,League,Aston Villa,Newcastle,Unai Emery,Eddie Howe,5-4-1,,attack,defense,average,good,1,0,1,2,12,14;36,9,13,-4,-3,44.4,15.4,1.01,2.34,-0.01,-0.34,53.3,46.7,456,344,80.3,82.0,65,69,,1,1,0,19,7,0,0,0,0,0,0,19,6,1,0,nan,1,3,1,,3,2,1,24,18,7,18.0,34,35,10,9,17,18,15,4,43.4,19.0,17,4,44.9,67.7,110.8,111.6,234,281,0,4,0,0,2.34,6.05,2.45,A,0,3
1112,2021-22,2022-04-21,37,16:30,Molineux Stadium,28916,Robert Jones,Cloudy,-1.5,86,League,Wolves,Brighton,Gary O'Neil,Roberto De Zerbi,4-4-2,4-2-3-1,defense,balanced,average,,0,2,4,4,38;55;88;90,7;56;79;83,20,14,3,4,15.0,28.6,4.5,3.68,-0.5,0.32,48.5,51.5,345,381,77.5,,80,30,6,7,2,1,6,18,1,,1,1,1,0,9,9,3,2,0,1,1,5,0,,4,4,15,17,12,,22,32,6,9,13,15,11,18,28.0,37.6,9,11,61.3,63.3,104.4,103.3,268,152,0,6,1,0,2.97,4.69,2.22,D,1,1
538,2020-21,2020-12-31,23,14:05,Goodison Park,37545,David Coote,Foggy,20.3,49,Top 4 battle,Everton,Sheffield United,Sean Dyche,Chris Wilder,4-4-2,4-3-2-1,defense,defense,AVERAGE,bad,0,1,3,1,4;11;15,53,14,15,6,8,?,53.3,2.58,1.34,0.42,-0.34,53.6,46.4,363,250,83.2,?,36,53,6,3,1,1,17,7,0,1,0,0,0,0,10,6,3,4,0,0,3,,7,3,1,3,10,21,14,17,24,25,8,7,22,19,16,19,24.6,29.6,13,4,,48.9,105.4,108.4,257,162,3,3,1,0,2.12,3.58,4.01,H,3,0
169,2019-20,2019-12-06,29,16:30,Stamford Bridge,33809,Thomas Bramall,Foggy,22.8,53,League,Chelsea,Wolves,Mauricio Pochettino,Gary O'Neil,3-4-3,4_3_2_1,balanced,defense,,average,0,1,2,2,23;86,40;66+3,16,7,7,4,,57.1,2.58,2.75,-0.58,-0.75,55.2,44.8,488,557,80.8,77.5,37,72,9,2,2,1,20,13,0,1,0,1,0,1,8,6,,nan,0,0,2,5,2,,2,2,27,24,15,11,16,,4,9,7,14,20,5,41.6,22.7,16,7,66.0,66.5,111.6,105.1,225,226,2,2,1,1,2.0,?,2.58,D,1,1
1962,2020-21,2021-03-29,23,15:00,Tottenham Hotspur Stadium,52182,Michael Oliver,Light Rain,2.2,79,Relegation 6-pointer,Tottenham,Newcastle,Ange Postecoglou,Eddie Howe,4-3-2-1,4-4-2,attack,defense,Avg,average,1,0,2,1,44;88,39,15,12,-9,2,60.0,16.7,2.29,1.11,-0.29,-0.11,55.8,44.2,525,346,81.8,81.4,34,26,2,6,0,0,21,13,0,0,0,1,0,1,14,7,2,3,0,0,2,5,1,7,1,,20,10,9,17,21,16,12,3,22,19,6,N/A,23.5,43.9,12,15,49.5,42.8,108.6,108.8,197,270,1,2,0,0,nan,3.85,2.72,H,3,0
739,2020-21,2021-05-21,34,19:45,Etihad Stadium,40458,John Brooks,Clear,3.0,88,League,Manchester City,Brighton,Pep Guardiola,Roberto De Zerbi,4-3-2-1,4-3-2-1,balanced,balanced,bad,bad,2,0,3,1,34;71;86+1,81,11,14,7,1,63.6,7.1,3.59,1.12,-0.59,-0.12,57.3,42.7,655,615,90.3,,,40,10,4,1,0,11,7,0,1,2,0,1,0,14,13,0,2,0,0,2,1,0,4,1,3,23,25,12,17,17,17,12,6,7,20,7,20,31.5,35.1,15,7,58.2,57.5,109.8,98.1,221,170,1,3,1,0,2.3,4.86,2.79,H,3,0
1135,2021-22,2022-05-02,2,16:30,Stamford Bridge,39190,Stuart Attwell,Cloudy,12.6,73,League,Chelsea,Arsenal,Mauricio Pochettino,Mikel Arteta,4-2-3-1,3-5-2,balanced,attack,average,bad,3,2,3,3,4;5;42,32;39;75,17,14,6,3,35.3,21.4,4.19,3.64,-1.19,-0.64,43.3,56.7,644,406,,85.3,42,53,11,3,2,0,12,14,N/A,0,0,1,0,1,11,8,2,3,0,0,6,4,0,3,3,3,,14,9,5,37,9,2,2,24,20,20,6,25.3,41.0,12,7,70.8,46.4,105.2,104.9,296,182,2,3,0,0,2.2,4.81,2.96,D,1,1
990,2021-22,2022-01-20,14,17:30,Stamford Bridge,31068,Stuart Attwell,Sunny,28.8,,League,Chelsea,Newcastle,Mauricio Pochettino,Eddie Howe,4_1_4_1,4-2-3-1,balanced,defense,average,average,1,0,1,2,24,1;3,9,6,7,4,77.8,66.7,1.13,2.44,-0.13,-0.44,57.0,43.0,,562,83.4,87.5,38,70,3,5,1,0,8,19,,0,0,1,0,1,19,8,3,2,0,nan,6,5,2,6,nan,1,24,17,8,18,25,19,5,10,,8,14,8,28.4,29.3,12,12,53.9,43.6,115.6,,247,193,0,2,0,0,2.63,3.55,2.95,A,0,3
2029,2019-20,2020-05-12,9,20:00,Etihad Stadium,47396,Thomas Bramall,Sunny,13.3,62,Relegation 6-pointer,Manchester City,Fulham,Pep Guardiola,Marco Silva,4-4-2,3-4-3,balanced,balanced,average,avg,3,2,4,2,27;38+3;67;87,36;66,13,8,5,5,38.5,62.5,,2.18,-0.77,-0.18,52.8,47.2,505,650,95.4,84.5,22,19,4,2,1,0,22,7,0,0,0.0,0,0,0,16,7,0,3,0,0,2,1,3,1,2,4,30,20,7,16,33,33,11,8,6,11,22,20,19.2,44.9,15,17,73.3,58.0,104.4,,220,176,3,5,1,,2.32,3.85,3.23,H,3,0
1955,2022-23,2023-02-18,38,20:00,Anfield,52790,David Coote,Sunny,2.2,72,Derby,Liverpool,Arsenal,Jurgen Klopp,Mikel Arteta,3-4-3,4-1-4-1,attack,attack,average,good,0,0,2,0,21+3;85,none,19,17,3,4,,23.5,2.13,0.37,-0.13,-0.37,43.7,56.3,445,329,92.7,90.9,22,49,3,2,0,0,12,7,0,0,1,0,1,0,12,13,2,,0,0,5,3,4,1,0,2,20,19,8,8,29,28,6,5,25,11,11,6,29.1,19.4,14,16,70.5,40.2,106.6,104.6,185,283,?,6,1,1,2.91,3.5,2.7,H,3,0
912,2021-22,2021-11-26,35,15:00,Bramall Lane,30460,Andy Madley,Cloudy,13.4,46,Derby,Sheffield United,Manchester United,Chris Wilder,Erik ten Hag,4-1-4-1,5-4-1,defense,balanced,average,average,1,0,1,3,59,36+1;47;76,12,16,5,3,41.7,18.8,0.57,2.6,0.43,0.4,40.3,59.7,310,322,72.2,83.6,31,36,10,8,0,2,14,6,0,0,0,0,N/A,0,18,6,3,2,0,0,0,5,0,4,3,1,28,24,9,17,38,31,4,10,8,12,9,12,26.2,23.1,17,6,-,61.6,107.3,,233,191,0,2,0,0,3.33,3.48,2.43,A,0,3
948,2021-22,2021-12-20,7,19:45,Bramall Lane,28280,Stuart Attwell,Cloudy,11.2,75,Relegation 6-pointer,Sheffield United,Brighton,Chris Wilder,Roberto De Zerbi,4-3-2-1,4-2-3-1,defense,attack,good,average,0,0,0,0,none,none,9,10,3,8,33.3,80.0,0.31,0.27,-0.31,,27.7,72.3,413,644,68.9,83.2,47,59,2,6,0,0,16,6,0,0,0,0,0,0,15,19,2,1,0,0,N/A,3,8,3,0,0,14,19,6,6,22,9,11,9,22,12,13,7,35.4,,9,15,47.7,52.2,109.9,101.3,258,147,1,0,1,1,2.61,7.54,2.06,D,1,1
1303,2022-23,2022-11-26,1,12:30,Villa Park,38083,Jarred Gillett,Sunny,4.2,56,League,Aston Villa,Manchester City,Unai Emery,Pep Guardiola,4-3-2-1,3-4-3,attack,balanced,average,,0,1,0,2,none,48;57,16,12,7,2,43.8,16.7,0.1,1.81,-0.1,0.19,39.1,60.9,558,625,82.1,95.4,50,54,5,1,0,0,16,12,0,0,0,0,0,0,10,14,2,1,0,0,4,3,0,7,2,0,26,22,13,9,37,33,,4,6,5,23,21,18.1,18.0,11,6,,51.5,105.6,107.6,287,150,1,2,2,1,2.95,3.08,2.97,A,0,3
39,2019-20,2019-09-04,16,19:45,Stamford Bridge,30550,Michael Oliver,Rainy,12.3,66,Top 4 battle,Chelsea,Everton,Mauricio Pochettino,Sean Dyche,4-2-3-1,3-5-2,balanced,defense,good,good,0,0,3,0,12;15;62,none,15,17,9,8,60.0,47.1,3.79,0.1,-0.79,-0.1,49.1,50.9,336,546,80.9,78.6,77,40,2,9,2,0,12,16,0,0,0,0,0,0,14,20,1,3,0,0,,5,8,6,0,3,29,13,,17,,21,9,7,,21,5,18,19.2,16.1,19,,60.0,64.5,111.0,,223,227,1,0,0,0,2.68,4.1,2.61,H,3,0
525,2020-21,2020-12-26,34,17:30,Goodison Park,34225,Stuart Attwell,Clear,13.1,83,Relegation 6-pointer,Everton,Brighton,Sean Dyche,Roberto De Zerbi,5-4-1,4-3-2-1,defense,balanced,bad,good,0,1,0,2,none,27;61,14,15,7,6,50.0,40.0,0.36,1.51,-0.36,0.49,39.9,60.1,424,321,82.4,85.0,77,55,N/A,5,0,1,,20,0,0,0,,0,0,18,8,0,nan,1,0,1,,4,7,2,0,22,15,18,6,18,35,7,9,5,18,5,16,37.2,28.1,6,11,-,59.6,113.4,104.1,nan,194,1,6,0,0,2.62,4.07,2.69,A,0,3
1610,2023-24,2023-10-14,25,19:45,Amex Stadium,25770,Robert Jones,Clear,3.0,74,League,Brighton,Brentford,Roberto De Zerbi,Thomas Frank,4-3-3,4-3-3,balanced,attack,good,good,1,1,2,1,32;80+3,24,8,17,,3,62.5,17.6,1.59,0.91,0.41,0.09,60.0,40.0,624,290,81.1,80.8,36,48,7,2,1,1,13,19,0,1,1,0,1,,16,14,2,1,0,0,0,1,,3,1,2,14,28,13,17,26,,12,4,6,5,8,?,31.8,17.7,15,15,44.5,62.8,115.1,98.9,290,150,2,3,0,0,2.2,7.2,2.46,H,3,0
1300,2022-23,2022-11-26,32,17:30,Gtech Community Stadium,14414,Andy Madley,Overcast,8.1,60,League,Brentford,Brighton,Thomas Frank,Roberto De Zerbi,4-3-3,4-4-2,attack,balanced,average,average,3,1,3,3,3;15;50,43;64;71,17,17,3,7,17.6,41.2,3.95,4.07,,-1.07,55.3,44.7,685,374,81.6,86.8,41,70,8,8,,2,8,11,0,0,0,1,0,1,10,10,1,2,0,0,0,4,4,0,3,3,16,17,14,5,31,11,,6,25,17,6,19,39.4,23.1,,8,65.9,49.5,107.3,105.9,281,279,5,5,0,0,2.4,4.33,2.84,D,1,1
593,2020-21,2021-02-07,7,12:30,Villa Park,42509,Thomas Bramall,Foggy,8.7,71,League,Aston Villa,Manchester United,Unai Emery,Erik ten Hag,4-2-3-1,4-2-3-1,attack,balanced,good,Good,0,2,0,2,none,50;54,12,6,3,-2,25.0,83.3,0.1,?,-0.1,-0.47,52.9,47.1,557,596,87.3,82.6,31,24,2,6,0,?,18,-11,0,,0,0,0,0,15,10,0,2,0,1,5,5,3,3,2,0,17,28,9,12,16,12,11,2,11,7,13,19,25.9,42.7,17,17,49.0,54.9,104.7,92.2,264,183,0,1,2,1,3.1,3.73,2.44,A,0,3
247,2019-20,2020-01-27,10,17:30,City Ground,29793,Paul Tierney,Sunny,15.8,71,League,Nottm Forest,Sheffield United,Nuno Espirito Santo,Chris Wilder,,4-2-3-1,defense,defense,bad,good,1,1,3,1,38;52;76,55,17,9,9,7,52.9,77.8,3.46,1.03,-0.46,,51.3,48.7,476,459,82.9,70.2,45,61,8,8,2,1,14,13,0,1,1,0,1,0,10,7,0,2,0,0,2,5,6,6,1,3,29,28,19,7,28,34,6,,18,11,7,21,37.7,32.4,10,12,58.3,48.5,108.5,102.9,282,160,,2,1,0,2.13,5.2,2.96,H,3,0
410,2020-21,2020-09-29,23,19:45,Amex Stadium,29829,Jarred Gillett,Rainy,24.7,70,Derby,Brighton,Nottm Forest,Roberto De Zerbi,Nuno Espirito Santo,4-3-2-1,4-1-4-1,balanced,defense,good,average,2,1,2,1,70;85,78,9,15,4,1,44.4,N/A,2.08,0.53,-0.08,0.47,51.5,48.5,530,325,84.3,83.2,nan,56,2,1,0,0,8,12,0,0,0,0,0,0,19,18,4,1,0,0,6,5,0,2,1,2,24,21,7,12,36,33,12,5,7,20,16,6,40.7,18.5,16,13,64.7,60.4,98.4,108.5,241,190,2,2,3,1,2.45,4.18,2.83,H,3,0
799,2021-22,2021-09-07,9,19:45,St. James' Park,39237,Jarred Gillett,Windy,3.3,57,Title race,Newcastle,Bournemouth,Eddie Howe,Andoni Iraola,4-4-2,4-3-2-1,,attack,average,average,4,1,5,1,31;39;59;63;67,21,11,10,10,6,90.9,60.0,3.63,1.25,1.37,-0.25,57.0,,539,628,83.9,78.8,44,20,3,6,2,0,6,12,1,0,1,0,1,0,11,19,2,2,0,0,?,0,5,5,1,5,17,25,12,7,21,,5,9,16,18,22,9,43.2,21.9,11,8,##,54.6,113.9,100.4,295,214,3,2,1,0,2.23,3.42,3.85,H,,?
780,2021-22,2021-08-29,9,20:00,Kenilworth Road,10270,Stuart Attwell,Rainy,N/A,68,Derby,Luton Town,Bournemouth,Rob Edwards,,4-2-3-1,4-3-3,defense,attack,average,average,0,0,0,0,none,none,19,6,9,1,47.4,16.7,0.1,,-0.1,-0.2,43.4,56.6,N/A,548,73.0,78.5,77,39,2,8,0,0,22,18,0,0,,1,0,0,12,10,2,1,0,0,4,1,1,9,0,0,18,27,10,7,18,32,11,7,17,-14,23,17,,26.9,13,12,66.5,47.8,107.3,112.0,171,250,0,1,2,0,3.17,3.71,2.41,D,1,1
558,2020-21,2021-01-14,10,20:00,Kenilworth Road,8997,Robert Jones,Cloudy,12.9,63,League,Luton Town,Brentford,Rob Edwards,Thomas Frank,4-4-2,4-3-3,defense,attack,bad,bad,0,0,2,2,76;80,69;71,15,6,7,2,46.7,33.3,1.8,N/A,0.2,-0.06,N/A,55.1,503,304,75.9,85.1,67,56,8,3,2,0,11,20,0,0,0,N/A,0,0,16,11,1,2,0,0,N/A,0,0,5,2,2,26,11,11,14,11,22,6,5,13,-6,24,14,26.3,41.1,18,,74.9,41.9,109.1,108.4,251,281,4,3,2,2,3.59,3.44,2.32,D,1,1
867,2021-22,2021-10-25,23,20:00,Gtech Community Stadium,16203,Michael Oliver,Windy,16.9,64,League,Brentford,Arsenal,Thomas Frank,Mikel Arteta,4-4-2,5-4-1,attack,attack,bad,good,0,1,1,1,76,85,18,16,3,4,16.7,25.0,0.86,1.37,,-0.37,48.9,51.1,453,281,78.4,85.5,55,43,4,8,0,1,17,,0,0,1,0,1,0,7,11,4,3,0,1,1,0,3,2,1,1,28,26,18,18,18,nan,8,4,11,15,19,21,39.6,22.3,?,14,49.2,55.1,110.2,108.6,240,234,2,7,0,0,2.39,6.19,2.38,D,1,1
969,2021-22,2022-01-09,13,15:00,Molineux Stadium,30338,John Brooks,Clear,19.4,68,Relegation 6-pointer,Wolves,Crystal Palace,Gary O'Neil,Oliver Glasner,4-3-3,3-4-3,,defense,bad,good,0,3,1,3,86,20;73;74,12,6,10,5,,83.3,0.74,2.76,0.26,0.24,55.5,44.5,508,,80.9,78.6,71,66,10,1,0,0,16,14,0,0,0,0,0,0,8,14,2,3,0,0,0,3,2,9,3,1,15,12,17,5,12,29,10,5,20,10,6,,25.9,18.3,9,12,64.9,49.4,101.5,103.7,197,287,1,2,0,0,2.33,3.85,3.21,A,0,3
893,2021-22,2021-11-13,26,20:00,Anfield,53913,David Coote,Windy,,69,Relegation 6-pointer,Liverpool,Burnley,Jurgen Klopp,Vincent Kompany,3-5-2,5-4-1,,defense,bad,bad,3,1,3,1,13;19;57,24,8,7,4,4,50.0,57.1,2.91,0.87,,0.13,64.3,35.7,680,644,86.0,73.8,20,29,9,1,2,1,8,9,0,0,,0,0,0,18,11,3,4,0,0,6,4,3,1,1,3,12,16,,13,22,23,5,5,19,8,15,,41.9,28.5,13,10,49.5,59.1,,100.8,269,207,5,3,0,0,2.06,5.23,3.1,H,3,0
65,2019-20,2019-09-21,28,14:05,Etihad Stadium,47532,Paul Tierney,Overcast,4.9,60,League,Manchester City,Manchester United,Pep Guardiola,Erik ten Hag,3-5-2,4-1-4-1,balanced,BALANCED,average,good,2,0,4,2,53;82;86;88,15;66,13,11,3,-3,23.1,27.3,3.12,1.68,0.88,0.32,57.1,42.9,412,349,91.8,##,40,,2,8,1,2,18,12,0,0,1,1,1,,6,18,3,1,0,0,1,3,1,0,2,4,24,23,8,13,25,22,3,5,14,13,23,16,32.2,32.5,14,12,73.3,40.6,111.0,null,161,203,4,4,1,0,2.08,4.35,3.46,H,3,0
393,2020-21,2020-09-18,2,12:30,Villa Park,32185,David Coote,Rainy,16.9,61,Relegation 6-pointer,Aston Villa,Manchester City,Unai Emery,,4-1-4-1,5-4-1,attack,balanced,good,average,2,0,2,3,6;44+5,20;28;85,17,7,3,3,17.6,42.9,##,2.91,-0.28,0.09,39.1,60.9,374,426,85.6,96.4,20,68,8,5,0,1,12,16,0,1,0,0,0,0,8,10,1,2,0,0,3,0,0,1,3,,15,10,20,,38,13,N/A,6,12,6,25,20,15.4,37.1,10,9,52.3,63.2,103.0,,178,249,4,,2,0,2.62,4.73,2.46,A,0,3
1730,2023-24,2024-01-09,15,16:30,Stamford Bridge,33022,Simon Hooper,Sunny,5.5,47,League,Chelsea,Bournemouth,Mauricio Pochettino,Andoni Iraola,4-3-3,4-3-2-1,,attack,avg,average,1,0,5,0,13;28;34+4;38;68,none,9,8,8,4,88.9,50.0,,0.1,0.24,,52.3,47.7,427,616,81.1,77.7,50,35,N/A,7,2,0,8,19,0,0,0,0,0,0,12,19,1,2,0,0,0,2,4,3,0,5,13,26,6,9,30,21,3,9,23,17,18,9,26.6,,,6,63.1,46.0,104.2,103.3,171,197,5,0,2,0,2.41,3.68,3.2,H,3,0
1547,2023-24,2023-08-28,37,19:45,Etihad Stadium,43950,Anthony Taylor,Rainy,14.3,85,Top 4 battle,Manchester City,Burnley,Pep Guardiola,Vincent Kompany,4-4-2,4-2-3-1,balanced,defense,average,average,0,0,2,1,54+1;74,2+3,10,10,7,2,70.0,20.0,2.35,0.95,-0.35,0.05,73.3,26.7,524,489,96.5,69.8,69,49,4,6,2,0,22,16,0,0,0,1,0,1,7,16,3,1,0,0,5,5,1,5,1,2,23,,6,14,19,38,8,N/A,7,14,22,6,24.6,40.0,13,,63.0,47.2,104.1,99.6,227,189,3,4,1,1,1.94,5.92,3.17,H,3,0
656,2020-21,2021-03-27,18,20:00,Old Trafford,57896,Simon Hooper,Cloudy,8.7,82,Cup,Manchester United,Aston Villa,Erik ten Hag,Unai Emery,4-2-3-1,4-2-3-1,balanced,attack,,good,0,0,3,1,3;6;40,57,14,6,8,1,57.1,16.7,1.93,1.19,1.07,-0.19,44.4,55.6,586,535,86.6,78.9,47,40,2,7,0,0,20,7,0,0,0,1,0,1,16,14,3,3,0,0,3,0,0,5,1,3,16,23,17,17,39,23,11,5,10,7,,7,29.4,18.6,20,17,71.2,64.7,111.4,104.6,252,267,3,1,2,1,2.25,5.66x,2.65,H,3,0
1775,2023-24,2024-02-10,7,14:05,Anfield,49771,Anthony Taylor,Sunny,6.4,84,League,Liverpool,Everton,Jurgen Klopp,Sean Dyche,3-4-3,4-1-4-1,attack,defense,good,average,1,1,5,1,19+1;43+5;57+4;73+1;88,41,9,6,6,2,66.7,33.3,5.53,0.98,-0.53,0.02,57.9,42.1,339,423,92.4,75.2,58,66,8,7,1,0,17,16,0,0,0,0,0,0,18,10,1,3,0,0,1,3,1,1,1,5,18,27,17,,32,28,11,2,,7,5,19,44.5,17.9,13,16,71.4,63.0,106.7,107.4,176,189,4,3,1,0,2.44,2.76,4.36,H,3,0
1638,2023-24,2023-11-04,28,17:30,Etihad Stadium,51687,Andy Madley,Cloudy,7.5,57,Relegation 6-pointer,Manchester City,Crystal Palace,Pep Guardiola,Oliver Glasner,4-3-2-1,4-3-2-1,,defense,average,bad,1,0,2,1,62+3;86+5,9,17,12,10,8,58.8,66.7,1.89,0.94,0.11,0.06,55.8,44.2,653,351,86.9,84.7,48,29,4,9,1,1,8,12,0,0,0,0,0,0,18,7,3,2,0,0,3,0,7,8,1,2,16,23,20,11,38,22,7,3,25,14,16,19,16.1,32.4,12,8,51.8,47.3,106.4,110.5,N/A,173,4,2,1,0,1.98,3.8,4.33,H,3,0
667,2020-21,2021-04-05,10,15:00,Kenilworth Road,9482,John Brooks,Sunny,13.1,53,League,Luton Town,Crystal Palace,Rob Edwards,Oliver Glasner,4-4-2,4-4-2,defense,defense,bad,average,1,0,1,0,32,none,11,,4,8,36.4,61.5,0.89,0.1,0.11,-0.1,36.3,63.7,,477,74.2,75.6,53,64,3,4,1,0,14,19,1,0,0,0,?,0,7,20,2,0,0,0,3,3,8,3,0,1,22,12,18,5,17,27,3,10,7,13,18,11,35.3,41.1,19,6,50.5,71.6,100.6,108.1,166,209,,5,3,1,2.47,3.8,null,H,3,0
1378,2022-23,2023-01-22,10,14:05,London Stadium,52007,Jarred Gillett,Cloudy,9.4,87,League,West Ham,Wolves,David Moyes,Gary O'Neil,5-4-1,4-1-4-1,defense,defense,good,good,2,0,2,0,27;44+2,none,9,6,6,1,66.7,16.7,1.49,0.1,0.51,-0.1,53.3,46.7,535,378,86.3,81.1,24,43,8,,1,0,19,14,0,0,0,0,0,0,6,11,3,nan,0,0,0,4,1,4,0,2,24,16,20,7,18,19,10,6,19,10,23,22,34.1,16.2,17,14,56.2,53.4,103.7,106.0,232,,3,2,1,0,2.1,8.0,2.5,H,3,0
1122,2021-22,2022-04-29,22,16:30,Emirates Stadium,59693,Stuart Attwell,Sunny,null,70,League,Arsenal,Nottm Forest,Mikel Arteta,Nuno Espirito Santo,3-4-3,3-5-2,attack,defense,good,good,0,0,3,1,10;83+3;89,52,18,7,5,2,27.8,28.6,2.89,1.33,0.11,,56.8,43.2,325,366,93.3,77.3,57,19,nan,6,0,0,12,9,0,0,0,1,0,1,11,15,2,3,0,0,4,5,1,2,1,3,12,25,11,13,12,23,10,7,11,16,23,5,36.8,26.9,7,6,52.8,55.1,113.4,111.6,194,141,0,4,1,1,2.08,4.77,3.24,H,3,0
142,2019-20,2019-11-20,19,14:05,Stamford Bridge,34441,Chris Kavanagh,Rainy,18.1,81,Top 4 battle,Chelsea,Manchester City,Mauricio Pochettino,Pep Guardiola,3-5-2,4-3-3,balanced,balanced,average,average,0,2,0,nan,none,13+2;81,15,15,3,5,20.0,33.3,0.1,1.8,-0.1,0.2,45.1,54.9,459,608,80.8,89.4,32,35,6,9,0,0,11,?,0,0,0,0,0,0,6,19,1,1,0,0,6,3,3,3,2,0,11,10,10,9,27,17,5,5,12,8,8,8,29.1,33.5,6,6,58.0,63.1,106.6,109.4,286,192,3,4,2,1,nan,5.16,2.22,A,0,3
991,2021-22,2022-01-21,17,17:30,Amex Stadium,24839,Michael Oliver,Rainy,12.9,88,Derby,Brighton,Luton Town,Roberto De Zerbi,Rob Edwards,4-3-3,3-5-2,balanced,defense,bad,good,0,0,1,1,,58,13,11,8,3,61.5,27.3,-,1.48,0.44,-0.48,61.5,38.5,668,452,88.8,73.6,65,37,10,2,1,0,7,5,0,0,,1,0,1,9,7,2,2,0,0,6,0,2,7,1,1,17,17,18,12,35,26,11,9,14,21,18,11,23.2,24.9x,15,6,41.0,49.0,103.8,100.8,226,149,3,5,1,1,2.0,,3.1,D,1,1
1992,2020-21,2021-04-22,9,14:05,Craven Cottage,23620,Stuart Attwell,Light Rain,7.4,60,Relegation 6-pointer,Fulham,Chelsea,Marco Silva,Mauricio Pochettino,5-4-1,3-4-3,balanced,balanced,bad,good,2,2,3,,16;66;82,16;59,16,13,7,8,43.8,61.5,2.99,1.77,0.01,0.23,50.7,49.3,403,641,82.9,89.3,32,41,4,7,0,1,21,11,0,0,0,0,0,0,19,-7,2,2,0,0,,5,6,4,2,3,13,12,19,13,15,20,2,,10,7,15,10,16.0,18.3,12,10,52.8,42.9,113.8,107.7,201,280,1,1,1,1,2.98,3.18,2.86,H,3,0
361,2019-20,2020-04-17,3,16:30,Anfield,60496,Paul Tierney,Overcast,21.0,,Relegation 6-pointer,Liverpool,West Ham,Jurgen Klopp,David Moyes,3-5-2,4-1-4-1,defense,defense,bad,good,0,1,2,1,14;54,11,17,-3,2,4,11.8,26.7,2.05,1.04,-0.05,-0.04,53.5,46.5,330,443,N/A,80.2,43,54,3,3,1,1,7,9,0,0,0,0,0,0,11,13,3,2,0,0,2,3,3,0.0,1,2,21,21,,9,10,20,6,6,8,6,17,13,-,25.0,17,N/A,72.6,41.2,110.1,107.7,292,218,2,4,0,0,2.09,5.35,2.98,H,3,0
86,2019-20,2019-10-05,2,15:00,Selhurst Park,24058,John Brooks,Light Rain,3.8,67,Title race,Crystal Palace,Brentford,Oliver Glasner,Thomas Frank,5-4-1,5-4-1,defense,attack,average,good,0,1,2,2,9;80,28+4;86,9,17,8,6,,35.3,2.37,1.99,-0.37,0.01,55.4,44.6,623,327,-,78.4,66,38,9,5,1,0,22,19,0,0,0,0,0,0,14,12,2,4,0,nan,2,0,4,6,2,2,24,26,8,17,11,16,6,5,8,21,18,6,31.5,35.0,16,14,66.9,,107.6,99.7,225,150,1,2,2,0,2.46,5.33,2.47,D,1,1
1259,2022-23,2022-10-28,34,16:30,Vitality Stadium,657133,Simon Hooper,Windy,4.7,44,Relegation 6-pointer,Bournemouth,West Ham,Andoni Iraola,David Moyes,4-3-3,4-4-2,attack,defense,average,good,1,1,2,2,58;90,14+2;77,16,9,6,7,37.5,77.8,2.7,1.51,-0.7,0.49,38.3,61.7x,662,276,80.3,79.4,24,68,10,5,0,1,7,15,,,1,0,1,0,,19,0,3,0,1,6,5,5,4,2,2,24,25,,,11,24,6,8,18,18,N/A,6.0,30.5,16.5,17,9,44.6,54.8,108.6,97.9,226,289,1,4,1,1,2.65,5.15,2.33,D,1,1
418,2020-21,2020-10-06,12,20:00,Craven Cottage,24128,David Coote,Cloudy,16.9,66,League,Fulham,Chelsea,Marco Silva,Mauricio Pochettino,4-3-3,5-4-1,balanced,balanced,average,average,2,0,3,0,4;51+1;66,none,10,nan,8,8,80.0,47.1,3.89,?,,-0.46,,56.2,315,258,81.4,86.5,38,57,2,4,1,0,6,12,1,0,1,0,0,0,13,6,0,2,0,0,0,3,8,5,0,3,17,16,N/A,5,24,9,3,6,5,11,12,14,37.6,31.8,5,6,57.1,71.5,116.8,113.4,182,229,2,6,1,,2.24,4.22,3.16,H,3,0
556,2020-21,2021-01-15,18,17:30,Stamford Bridge,31138,John Brooks,Rainy,9.7,56,League,Chelsea,Manchester United,Mauricio Pochettino,Erik ten Hag,5-4-1,4-3-3,balanced,balanced,good,good,1,0,4,0,44;54;63;78,none,13,9,7,6,53.8,66.7,4.69,0.1,-0.69,-0.1,51.6,48.4,N/A,375,85.4,nan,67,54,5,5,0,0,21,8,0,0,0,0,0,0,17,14,1,1,0,0,6,4,6,3,0,4,14,22,19,7,20,12,3,6,14,15,7,19,30.4,20.6,5,5,52.5,59.1,110.7,104.9,175,209,3,2,0,0,2.53,4.46,2.63,H,,0
641,2020-21,2021-03-13,3,12:30,Gtech Community Stadium,13144,Robert Jones,Rainy,0.3,54,Relegation 6-pointer,Brentford,Manchester City,Thomas Frank,Pep Guardiola,3-4-3,3-4-3,ATTACK,balanced,good,bad,0,3,0,3,none,13;21;25,15,15,2,7,13.3,46.7,0.41,2.08,-0.41,0.92,45.8,54.2,360,410,82.9,93.6,73,23,5,3,0,2,10,8,0,0,1,0,0,0,7,13,2,2,0,0,4,4,4,2,3,0,24,28,16,10,23,37,4,6,12,10,20,20,38.0,31.6,9,6,64.4,50.8,106.2,100.5,162,270,0,2,3,1,2.39,5.14,2.59,A,0,3
1722,2023-24,2023-12-29,2,16:30,Emirates Stadium,55930,John Brooks,Sunny,12.0,53,Derby,Arsenal,Nottm Forest,Mikel Arteta,Nuno Espirito Santo,3-5-2,4-3-2-1,attack,DEFENSE,bad,good,0,1,2,1,42;58,36,8,7,3,4,37.5,57.1,,1.25,0.04,-0.25,54.1,45.9,575,588,91.7,77.1,54,50,11,6,0,1,6,19,0,0,0,0,0,0,11,15,2,2,0,0,3,5,3,1,1,2,30,24,,11,39,37,11,5,7,6,19,13,41.2,44.8,,12,43.1,41.1,108.9,102.6,228,188,2,1,0,0,2.15,3.56,3.92,H,3,0
1043,2021-22,2022-03-03,34,12:30,Anfield,-,Stuart Attwell,Cloudy,12.1,46,League,Liverpool,Brentford,Jurgen Klopp,Thomas Frank,4-4-2,5-4-1,attack,attack,average,avg,1,1,2,2,19;72,21;77,12,8,9,2,75.0,,2.43,1.78,-0.43,0.22,53.5,46.5,427,582,93.6,81.2,27,26,3,3,2,1,14,15,0,0,0,0,0,0,12,14,2,4,0,0,3,3,0,7,2,2,12,20,12,14,31,23,9,4,19,19,9,8,33.6,26.2,7,7,61.0,65.6,115.7,105.8,177,264,N/A,7,1,0,2.11,4.68,3.2,D,1,1
166,2019-20,2019-12-02,21,19:45,St. James' Park,39867,Michael Oliver,Cloudy,11.9,65,League,Newcastle,Aston Villa,Eddie Howe,Unai Emery,4-3-2-1,3-5-2,defense,,,average,2,,2,0,5+2;13,none,8,8,5,2,62.5,25.0,1.4,0.12,0.6,-0.12,45.0,55.0,320,534,86.5,84.5,72,33,8,6,0,0,13,13,0,0,1,0,0,0,8,14,0,4,0,,4,1,2,3,,2,20,18,16,12,11,26,8,5,25,N/A,8,,25.3,22.7,14,9,43.7,59.2,115.6,99.6,223,171,2,7,2,0,2.53,4.08,2.78,H,3,0
1911,2020-21,2020-10-08,30,19:45,Old Trafford,61040,John Brooks,Windy,6.2,80,Cup,Manchester United,Tottenham,Erik ten Hag,Ange Postecoglou,5-4-1,4-3-2-1,balanced,attk,,bad,0,1,2,1,50;78,56,nan,7,7,4,,57.1,2.19,1.42,-0.19,-0.42,54.3,45.7,300,,88.3,84.6,,-48,7,9,0,1,16,11,1,0,0,0,0,0,20,20,1,1,0,0,2,1,3,5,1,2,25,18,11,8,32,34,6,5,25,8,15,11,43.1,41.2,20,16,51.1,49.0,105.5,112.9,256,255,3,2,1,1,3.12,,2.54,H,3,0
68,2019-20,2019-09-28,4,19:45,Bramall Lane,27958,Simon Hooper,Light Rain,4.4,69,League,Sheffield United,Newcastle,Chris Wilder,Eddie Howe,3-5-2,4-2-3-1,def,defense,average,bad,0,0,2,1,7;19+4,69,18,16,10,4,55.6,25.0,1.77,1.28,0.23,-0.28,42.1,,671,574,69.8,82.0,29,21,2,7,0,0,18,16,0,0,2,0,2,0,8,18,2,2,0,0,0,5,,8,1,2,23,16,18,7,40,13,8,9,6,18,21,4,20.3,16.2,7,18,44.6,,110.3,102.9,291,215,3,5,1,1,3.88,3.9,2.06,H,3,0
1140,2021-22,2022-05-07,32,12:30,London Stadium,53004,Michael Oliver,Rainy,6.0,72,Relegation 6-pointer,West Ham,Chelsea,David Moyes,Mauricio Pochettino,4-3-3,4-2-3-1,defense,attack,average,bad,1,,3,0,32;86;87,none,14,13,8,,57.1,23.1,2.51,0.1,0.49,-0.1,,59.8,616,337,77.5,,75,38,9,7,1,0,17,6,0,0,2,0,2,0,6,9,0,3,1,0,6,2,3,5,0,3,10,28,15,18,10,,4,8,22,9,23,7,,25.6,17,11,48.9,61.0,103.7,108.0,227,220,3,4,0,0,2.19,7.72,2.41,H,3,0
1710,2023-24,2023-12-20,35,15:00,City Ground,26303,Thomas Bramall,Windy,18.5,43,League,Nottm Forest,Bournemouth,Nuno Espirito Santo,Andoni Iraola,3-5-2,3-5-2,defense,attack,good,bad,0,1,1,1,50,74,13,7,3,7,23.1,100.0,0.75,0.92,0.25,0.08,46.6,53.4,nan,364,80.3,74.6,25,35,11,9,0,1,10.0,19,N/A,0,1,1,1,0,17,9,,N/A,0,0,5,4,6,2,1,1,16,14,16,18,40,29,4,10,15,18,13,8,29.4,41.5,8,14,54.4,59.8,106.5,113.1,294,281,3,3,0,0,2.55,3.48,,D,1,1
1886,2023-24,2024-04-27,31,20:00,Selhurst Park,25065,David Coote,Rainy,0.2,73,Top 4 battle,Crystal Palace,Arsenal,Oliver Glasner,Mikel Arteta,4-3-3,4-2-3-1,defense,attack,bad,average,0,0,0,4,none,6+2;51;54;56+4,17,14,10,7,58.8,50.0,0.38,4.97,-0.38,-0.97,36.5,,698,442,85.3,87.7,48,24,4,2,0,1,12,9,0,0,0,2,0,,10,8,2,1,1,0,0,2,3,10,4,0,15,24,15,15,34,37,10,5,22,,23,7,23.0,26.6,8,12,46.1,60.0,114.5,104.8,176,258,1,2,1,0,3.0,3.75,2.5,A,0,3
1999,2020-21,12/05/2021,36,19:45,Anfield,47991,Paul Tierney,Rainy,18.4,44,Relegation 6-pointer,Liverpool,Brentford,Jurgen Klopp,Thomas Frank,,4-3-2-1,attack,attack,good,good,0,1,nan,2,16,7;78,9,11,6,5,nan,45.5,1.47,2.16,-0.47,-0.16,57.6,42.4,434,423,89.6,77.3,nan,39,4,8,1,0,14,,1,0,,1,0,1,15,18,2,N/A,0,0,0,1,3,5,2,1,11,20,7,16,21,25,5,6,24,10,19,6,17.9,21.8,19,16,54.7,46.4,107.3,109.5,294,281,1,2,1,,2.66,3.99,2.68,A,0,3
1565,2023-24,2023-09-14,35,12:30,Turf Moor,20448,Simon Hooper,Cloudy,25.1,42,League,Burnley,Brighton,Vincent Kompany,Roberto De Zerbi,5-4-1,3-5-2,defense,balanced,average,bad,0,2,,3,none,61+5;61;85,14,17,9,3,64.3,17.6,0.1,3.77,-0.1,-0.77,33.1,66.9,503,288,74.1,88.6,63,18,2,6,0,1,17,13,0,0.0,0,0,0,0,20,12,2,2,0,0,2,2,0,9,3,0,29,18,10,13,14,18,7,3,17,17,9,13,,36.4,19,9,,53.4,111.4,109.9,269,218,3,3,1,0,3.66,2.73,2.77,A,0,3
1508,2022-23,2023-04-21,12,15:00,Molineux Stadium,28050,Michael Oliver,Foggy,17.1,84,Relegation 6-pointer,Wolves,Brighton,Gary O'Neil,Roberto De Zerbi,5-4-1,4-2-3-1,defense,balanced,bad,average,1,1,2,4,3;16,26;40;55;85,20,10,-3,4,20.0,40.0,1.8,4.35,,-0.35,38.2,61.8,694,522,82.0,85.9,68,71,9,8,2,2,15,17,2,1,0,1,0,1,16,17,1,3,0,0,0,1,0,2,4,2,23,23,10,16,23,22,6,2,16,16,24,8,34.4,33.6,20,5,45.4,68.6,106.8,103.6,245,209,2,2,3,2,2.47,,2.23,A,0,3
1876,2023-24,2024-04-16,23,19:45,Goodison Park,33608,Paul Tierney,Foggy,,88,League,Everton,Tottenham,Sean Dyche,Ange Postecoglou,3-4-3,5-4-1,defense,attack,average,good,,0,1,1,13,,17,13,8,8,47.1,61.5,1.23,0.83,-0.23,0.17,42.0,58.0,352,404,75.6,89.1,47,57,11,2,1,0,9,12,0,0,0,0,0,0,11,7,3,2,0,0,0,4,7,7,1,1,30,12,,13,13,20,9,3,24,9,17,11,38.6,22.2,8,13,50.1,46.2,110.0,107.1,160,211,3,4,3,0,2.4,6.99,2.27,D,1,1
776,2021-22,2021-08-26,19,16:30,Villa Park,34603,Robert Jones,Windy,14.1,50,League,Aston Villa,Luton Town,Unai Emery,Rob Edwards,4-2-3-1,3-5-2,attack,defense,bad,bad,3,0,3,0,15;49;64,none,13,8,9,-3,69.2,100.0,2.96,-,0.04,-0.19,67.7,32.3,588,600,85.0,72.8,77,55,10,2,2,0,22,5,1,0,,1,0,0,7,9,2,0,0,0,3,1,8,6,0,3,12,10,16,8,23,23,4,2,12,20,14,9,31.7,30.4,11,18,73.0,46.7,108.7,111.5,164,264,5,4,1,0,2.46,2.79,4.26,H,3,0
1075,2021-22,2022-03-25,33,15:00,Old Trafford,74073,Stuart Attwell,Light Rain,2.4,92,League,Manchester United,Sheffield United,Erik ten Hag,Chris Wilder,4-2-3-1,4-3-3,bal,,average,bad,0,0,2,0,13;22+4,none,15,17,6,7,40.0,41.2,1.52,0.27,0.48,-0.27,71.9,28.1,425,463,83.8,74.1,43,20,10,9,0,0,16,15,0,0,0,0,0,0,10,17,1,1,0,?,5,3,7,4,0,2,29,26,N/A,?,35,20,3,9,24,21,14,10,31.4,15.7,13,11,54.2,57.8,100.3,100.1,,228,2,4,0,0,2.37,2.85,4.4,H,3,0
827,2021-22,2021-10-01,32,14:05,City Ground,29008,Anthony Taylor,Clear,20.3,49,League,Nottm Forest,Brighton,Nuno Espirito Santo,Roberto De Zerbi,4-3-2-1,4-2-3-1,DEFENSE,BALANCED,bad,bad,0,1,0,1,none,77,12,15,7,6,58.3,40.0,0.35,1.29,-0.35,-0.29,40.5,59.5,662,563,73.7,80.5,38,40,,5,0,0,,17,0,1,0,0,0,0,12,13,3,,0,0,3,0,5,7,1,0,20,13,18,5,27,37,5,6,25,21,6,15,20.4,20.1,11,10,42.5,54.2,96.9,103.7,168,204,2,5,0,0,3.35,3.16,2.6,A,0,3
192,2019-20,2019-12-23,32,15:00,Anfield,53498,Michael Oliver,Rainy,10.5,89,League,Liverpool,Bournemouth,Jurgen Klopp,Andoni Iraola,4-4-2,5-4-1,attack,attack,good,average,0,nan,4,0,6;16;56;66,none,16,14,5,7,31.2,50.0,4.36,,-0.36,-0.1,61.7,38.3,614,546,84.3,80.5,59,39,5,2,0,0,6,11,0,0,0,0,0,,,13,4,2,0,0,2,5,7,1,0,4,16,23,19,10,13,9,8,6,25,18,17,9,17.8,35.6,8,4,,67.5,109.7,111.8,,145,2,5,1,1,,7.09,2.94,H,3,0
1354,2022-23,2023-01-06,11,20:00,Anfield,57301,Anthony Taylor,Sunny,6.6,48,Top 4 battle,Liverpool,Burnley,Jurgen Klopp,Vincent Kompany,4-3-2-1,3-5-2,attack,defense,average,,1,0,3,1,26;48;88,80,15,14,9,2,60.0,14.3,2.28,0.53,0.72,0.47,69.2,30.8%,434,541,90.2,77.6,31,49,2,4,0,0,16,19,1,1,1,0,1,0,18,14,2,4,0,0,6,,1,6,1,3,26,13,10,14,35,29,11,3,25,12,19,22,29.0,23.4,17,18,48.3,60.5,110.5,104.8,226,274,1,3,0,0,2.09,3.57,4.15,H,3,0
1696,2023-24,2023-12-15,16,19:45,Goodison Park,35479,John Brooks,Foggy,13.5,89,League,Everton,Liverpool,Sean Dyche,Jurgen Klopp,4-3-3,4-2-3-1,defense,attack,average,bad,1,2,3,4,30;51;52,18;22;43;83,11,16,8,3,72.7,18.8,2.65,2.78,0.35,1.22,39.0,61.0,649,342,83.8,90.2,38,30,10,1,0,1,21,20,0,0,1,1,1,N/A,13,9,,2,0,0,4,5,0,5,4,3,22,23,15,17,-21,15,4,2,13,14,24,13,27.6,22.3,?,12,69.8,61.3,111.5,111.0,157,246,0,3,0,0,nan,5.58,2.28,A,0,3
1397,2022-23,2023-02-04,5,16:30,St. James' Park,42730,Thomas Bramall,Clear,17.2,46,Top 4 battle,Newcastle,Sheffield United,Eddie Howe,Chris Wilder,4-1-4-1,4-3-2-1,defense,defense,average,average,1,0,5.0,0,4;5+1;10;25+5;66,none,14,14,8,5,57.1,35.7,4.84,0.12,0.16,-0.12,65.9,34.1,692,396,88.4,77.4,21,70,2,4,0,0,16,19,0,0,2,0,1,0,17,15,1,3,0,0,1,5,5,3,0,,21,27,19.0,13,39,29,4,,19,8,12,11,38.0,18.2,14,13,42.7,58.8,113.0,107.6,221,206,2,5,2,1,2.23,3.04,4.52,H,3,0
1967,2022-23,2022-09-29,28,14:05,Selhurst Park,25040,Chris Kavanagh,Overcast,14.6,67,Derby,Crystal Palace,Wolves,Oliver Glasner,Gary O'Neil,4-1-4-1,5-4-1,defense,defense,average,good,2,0,3,0,64;68;73,none,16,8,5,6,31.2,75.0,3.81,0.1,-0.81,-0.1,44.4,55.6,372,416,84.0,,51,31,2,3,,0,13,11,0,0,nan,0,0,0,9,10,2.0,1,0,1,0,5,6,2,0,3,11,10,18,,39,12,,4,15,18,18,13,38.1,18.2,9,16,61.1,,105.2,106.8,161,143,3,2,2,0,2.64,3.23,,H,3,0
451,2020-21,2020-10-30,35,17:30,Stamford Bridge,32928,Anthony Taylor,Rainy,7.0,64,Title race,Chelsea,Everton,Mauricio Pochettino,Sean Dyche,5-4-1,4-1-4-1,bal,defense,average,bad,1,1,2,3,20;22,1;32;51,8,15,6,7,75.0,46.7,,2.73,-0.67,0.27,58.4,41.6,643,466,81.0,78.1,60,55,10,2,1,1,12,17,,0,0,0,0,0,14,8,1,2,0,0,2,,,4,3,2,28,24,11,6,35,24,11,3,14,10,23,20,30.8,33.7,8,7,72.7,,,103.1,217,197,1,1,3,1,2.34,,3.16,A,0,3
824,2021-22,2021-09-25,37,17:30,London Stadium,49735,Simon Hooper,Foggy,17.7,87,Top 4 battle,West Ham,Manchester City,David Moyes,,4-3-2-1,3-4-3,defense,BALANCED,average,bad,0,0,0,2,none,47;54,11,12,6,2,54.5,16.7,0.28,2.45,-0.28,-0.45,38.2,61.8,562,586,83.4,93.5,46,36,9,3,0,1,22,18,0,0,0,0,0,0,12,6,1,1,0,0,3,2,0,,2,0,21,24,12,18,N/A,16,11,5,16,21,10,17,22.4,42.7,12,nan,63.3,69.6,108.7,107.8,276,225,2,7,1,0,2.95,3.83,2.5,A,,3
1471,2022-23,2023-03-28,25,17:30,Tottenham Hotspur Stadium,,Jarred Gillett,Overcast,13.6,78,Relegation 6-pointer,Tottenham,Luton Town,Ange Postecoglou,Rob Edwards,4-3-2-1,4-4-2,attack,,average,good,2,0,5,1,15;57;65;76;89,12,,11,8,4,66.7,36.4,6.49,1.32,-1.49,-0.32,61.1,38.9,425,288,83.8,,61,32,8,8,2,1,14,7,1,1,0,0,0,0,20,9.0,1,0,1,0,,0,3,3,1,5,22,20,7,13,39,18,6,5,22,20,16,20,31.4,16.0,15,9,69.9,41.4,108.0,108.3,246,182,2,1,1,0,1.78,4.67,4.48,H,3,0
182,2019-20,2019-12-13,24,20:00,Craven Cottage,20002,Thomas Bramall,Clear,26.7,48,Relegation 6-pointer,Fulham,Newcastle,Marco Silva,Eddie Howe,4-3-3,3-4-3,balanced,DEFENSE,Good,good,2,1,2,1,17;35,35,19,6,2,1,10.5,16.7,1.96,1.34,0.04,-0.34,43.2,56.8,461,295,78.3,82.5,29,72,6,8,1,1,6,15,0,0,0,0,0,0,10,11,3,3,0,0,4,3,0,0,1,,,18,N/A,15,38,23,2,5,19,12,20,5,20.5,?,15,,70.7,49.0,109.5,106.0,237,163,5,2,1,0,3.35,2.85,2.86,H,3,0
151,2019-20,2019-11-26,32,20:00,St. James' Park,41852,Robert Jones,Light Rain,13.7,59,Title race,Newcastle,Sheffield United,Eddie Howe,Chris Wilder,3-4-3,4-4-2,defense,defense,average,bad,1,0,1,0,61,none,14,13,2,7,14.3,53.8,0.75,0.1,0.25,-0.1,,40.4,436,301,82.9,70.9,32,47,4,4,1,0,10,18,1,0,0,0,0,0,14,15,1,4,0,0,5,5,7,1,0,1,24,11,5,12,28,11,9,2,22,19,22,13,18.3,30.3,5,7,64.1,49.3,103.8,106.3,298,230,1,4,1,0,2.16,3.78,,H,3,0
1908,2019-20,2019-08-15,38,12:30,Etihad Stadium,42335,Stuart Attwell,Overcast,?,64,Relegation 6-pointer,Manchester City,Wolves,Pep Guardiola,Gary O'Neil,4_2_3_1,3-5-2,balanced,defense,good,bad,2,0,,1,40;64,29,10,15,3,8,30.0,53.3,1.65,,0.35,-0.08,54.4,,378,561,87.6,82.1,66,51,7,6,2,,21,13,0,0,0,,0,1,20,13,0,3,0,0,2,1,7,1,1,2,10,14,9,18,31,17,4,2,24,20,25,11,19.0,18.3,13,10,46.5,55.7,100.0,,283,176,1,4,1,0,1.87,4.14,4.44,H,3,0
154,2019-20,2019-11-28,1,17:30,Selhurst Park,21789,Simon Hooper,Windy,8.6,62,League,Crystal Palace,Luton Town,Oliver Glasner,Rob Edwards,4-4-2,4-1-4-1,balanced,defense,good,bad,,1,2,2,21;89,19;73,14,9,2,8,14.3,88.9,1.68,2.47,0.32,-0.47,52.9,?,581,272,77.2,70.4,,45,11,9,0,1,14,5,0,0,0,1,0,1,6,18,1.0,1,0,0,0,,6,0,2,2,24,20,8,12,18,19,8,8,11,10,13,13,29.4,19.4,13,13,-,56.8,104.4,112.2,257,260,1,4,1,0,2.13,4.33,3.35,D,1,1
550,2020-21,2021-01-12,35,19:45,Tottenham Hotspur Stadium,47237,Robert Jones,Clear,9.7,83,League,Tottenham,West Ham,Ange Postecoglou,David Moyes,3-4-3,4-1-4-1,attack,defense,good,bad,2,0,3,0,N/A,none,20,11,4,5,20.0,45.5,3.69,0.12,-0.69,-0.12,51.5,?,700,376,84.7,,62,44,6,5,2,0,21,9,0,0,0,0,0,0,6,19,-2,1,,0,,3,5,1,0,3,30,26,13,9,,15,10,9,16,14,16,6,41.0,33.9,11,16,44.3,41.1,108.8,100.3,201,287,5,2,1,0,,5.56,2.78,H,3,0
1464,2022-23,2023-03-23,25,20:00,Craven Cottage,20536,Simon Hooper,Windy,3.9,64,League,Fulham,Arsenal,Marco Silva,Mikel Arteta,4-3-3,4-2-3-1,balanced,attack,good,good,2,2,3,4,31;53;63,9;18;21;72+1,15,6,6,5,40.0,83.3,2.81,4.06,0.19,,41.2,,399,480,81.3,91.2,,24,6,8,,2,14,16,0,1,1,0,1,0,6,10,2,3,0,0,4,0,1,3,4,3,16,18,8,8,,21,3,4,19,13,18,,23.9,21.1,17,10,59.1,,107.5x,108.4,193,152,0,4,0,0,2.56,4.06,2.76,A,0,3
1742,2023-24,2024-01-15,12,15:00,Vitality Stadium,10358,Paul Tierney,Light Rain,12.3,85,League,Bournemouth,Brighton,Andoni Iraola,Roberto De Zerbi,4-2-3-1,4-4-2,attack,balanced,good,bad,2,0,3,1,22;36;90,70,12,11,4,2,33.3,,,0.65,0.33,0.35,45.0,55.0,367,487,77.1,82.4,54,50,9,8,2,1,6,9,0,0,2,1,1,0,8,6,3,4,0,0,6,5,1,1,1,3,24,11,7,14,37,11,10,3,5,9,11,9,43.9,34.5,12,8,53.3,55.7,104.4,110.7,214,282,2,3,2,0,2.63,5.03,2.37,H,3,0
1445,2022-23,2023-03-10,17,17:30,Villa Park,38657,Thomas Bramall,Rainy,10.8,68,League,Aston Villa,Crystal Palace,Unai Emery,Oliver Glasner,4-4-2,4-1-4-1,attack,defense,good,bad,0,0,2,2,4;80,62+5;79,14,9,4,6,28.6,66.7,,2.35,,-0.35,54.6,45.4,350,295,88.2,82.1,66,26,2,7,1,,14,7,1,0,N/A,0,,0,10,6,1,1,1,0,1,3,4,2,2,2,11,18,20,14,?,20,6,6,10,8,21,4,32.8,16.3,5,7,41.4,48.5,106.8,112.7,221,233,3,3,0,0,2.47,3.31,3.41,D,1,1
1692,2023-24,2023-12-12,10,14:05,Old Trafford,61202,Stuart Attwell,Sunny,23.1,57,Title race,Manchester United,Fulham,Erik ten Hag,Marco Silva,5-4-1,3-5-2,,balanced,good,bad,0,1,0,2,none,1;60,19,9,10,2,,22.2,0.12,2.78,-0.12,-0.78,52.1,47.9,366,259,87.9,77.3,42,35,3,8,0,2,10,,0,0,0,0,0,0,17,20,1,2,0,0,1,5,0,10,2,0,10,25,,16,17,21,6,7,13,21,16,nan,31.3,33.2,11,4,59.7,61.8,106.9,110.2,258,171,3,,1,0,2.63,3.77,2.82,A,0,3
1588,2023-24,2023-09-29,7,16:30,Craven Cottage,23789,Robert Jones,,6.6,47,Relegation 6-pointer,Fulham,West Ham,Marco Silva,David Moyes,3-4-3,4-2-3-1,balanced,defense,good,good,2,0,2,2,,2;65,15,7,-2,2,13.3,28.6,2.38,2.03,-0.38,-0.03,54.4%,45.6,619,308,,86.3,22,22,8,3,2,0,13,9,0,2,0,1,0,0,13,16,0,3,0,0,6,3,0,?,2,2,15,24,14,18,23,15,6,2,25,19,6,6,30.2,23.9,18,16,67.9,42.0,106.3,108.7,240,162,4,3,3,1,2.27,6.54,2.46,D,1,
806,2021-22,14/09/2021,31,19:45,Goodison Park,38794,,Cloudy,17.9,57,League,Everton,Bournemouth,Sean Dyche,Andoni Iraola,5-4-1,4-2-3-1,DEFENSE,attack,,bad,1,0,1,1,75,74,15,11,7,4,46.7,,1.12,1.25,-0.12,,44.8,55.2,654,568,77.9,82.6,78,43,8,3,1,1,8,19,0,0,0,0,0,0,17,17,2,2,0,0,3,4,3,6,1,1,21,26,19,18,24,35,7,2,7,12,11,6,37.0,24.5,5,9,67.2,44.8,108.8,104.8,283,282,2,4,1,1,2.38,4.96,2.65,D,1,1
1049,2021-22,06/03/2022,28,16:30,Villa Park,34634,John Brooks,Overcast,11.3,83,League,Aston Villa,Manchester United,Unai Emery,Erik ten Hag,4-2-3-1,4-2-3-1,attack,balanced,good,bad,1,0,1,0,79,none,18,9,8,6,44.4,66.7,1.2,-,-0.2,-0.19,46.7,53.3,608,521,86.5,84.2,24,71,-11,8,1,0,13,8,0,0,0,0,0,0,18,14,2,1,0,0,0,5,-6,7,0,1,30,15,18,11,35,34,10,5,24,5,7,12,29.6,31.7,5,12,44.1,57.4,111.8,108.6,177,277,2,2,1,1,2.4,4.24,2.87,H,,0
506,2020-21,2020-12-07,18,17:30,Vitality Stadium,10740,Thomas Bramall,Rainy,12.6,40,League,Bournemouth,Manchester City,,Pep Guardiola,4-2-3-1,4-3-2-1,attack,balanced,bad,bad,,3,2,4,3;47,28;57+4;57;82,20,14,6.0,4,30.0,28.6,2.34,3.68,##,0.32,32.8,67.2,379,594,79.1,87.1,59,21,8,2,2,2,18,14,0,0,0.0,0,0,0,11,16,2,3,0,0,4,1,0,4,4,2,30,25,9,6,26,23,8,,7,6,17,10,38.4,25.2,19,8,51.5,50.7,104.7,116.7,251,278,1,2,3,0,2.77,3.77,2.68,A,0,3
1900,2023-24,2024-05-05,17,12:30,Old Trafford,,Jarred Gillett,Sunny,12.2,54,League,Manchester United,Newcastle,Erik ten Hag,Eddie Howe,4-2-3-1,3-5-2,balanced,defense,good,average,0,0,0,1,none,77,10,13,10,1,100.0,7.7,0.23,0.47,-0.23,0.53,47.4,52.6,430,587,89.8,81.2,38,60,9,3,0,1,15,5,0,N/A,,0,0,0,14,10,3,2,N/A,1,2,2,,10,1,0,22,15,8,15,10,35,6,7,24,nan,13,22,23.5,35.3,19,5,67.0,41.8,108.2,,285,218,2,4,1,0,2.32,4.24,3.0,A,0,3
83,2019-20,2019-10-06,9,17:30,Selhurst Park,N/A,Robert Jones,Windy,25.0,42,League,Crystal Palace,Brighton,Oliver Glasner,Roberto De Zerbi,5-4-1,4-1-4-1,defense,balanced,average,average,1,0,1,2,66+4,75+2;87,19,9,8,5,42.1,55.6,0.78,2.7,0.22,-0.7,52.2,47.8,696,437,-,85.0x,44,51,5,nan,,0,8,6,1,0,0,1,0,1,16,20,1,2,0,0,1,3,3,7,2,1,23,11,14,8,26,26,5,8,16,21,22,22,31.0,35.6,15,9,54.2,67.9,106.9,102.2,300,257,2,4,0,0,3.35,3.2,2.57,A,0,3
1821,2023-24,2024-03-13,28,19:45,Etihad Stadium,46036,John Brooks,Sunny,12.6,52,League,Manchester City,Aston Villa,Pep Guardiola,Unai Emery,4-1-4-1,3-4-3,balanced,attack,good,average,0,0,3,1,20+5;29+5;73,5,12,14,5,5,-,35.7,3.94,0.84,-0.94,0.16,49.6,50.4,639,327,86.7,83.8,21,26,999,2,1,1,,13,2,0,1,0,1,0,11,nan,1,2,0,1,4,5,4,2,1,3,10,24,15,13,39,35,9,2,7,18,20,10,29.0,N/A,20,4,50.3,41.0,105.8,106.7,178,285,0,4,2,2,2.59,3.37,3.15,H,3,0
1489,2022-23,2023-04-06,31,16:30,Molineux Stadium,29244,David Coote,Clear,25.6,48,League,Wolves,West Ham,Gary O'Neil,David Moyes,4-4-2,3-5-2,defense,defense,bad,average,0,1,0,2,none,74;88,20,6,7,6,35.0,100.0,0.47,2.06,-0.47,-0.06,54.9,45.1,589,615,80.5,85.4,47,42,11,3,0,2,19,5,0,0,1,1,0,0,17,13,2,2,0,0,1,0,4,,2,0,28,26,12,9,16,22,8,2,12,18,24,18,21.5,15.7,9,6,43.1,41.5,107.1,101.0,221,149,5,3,3,0,,4.3,3.03,A,0,3
793,2021-22,2021-09-05,13,19:45,St. James' Park,40327,Paul Tierney,Sunny,26.3,,Title race,Newcastle,Everton,Eddie Howe,Sean Dyche,4-3-3,4-2-3-1,defense,defense,bad,good,1,1,3,2,4;5;16,3;25,,8,3,2,37.5,25.0,3.14,1.94,-0.14,,,51.1,626,618,80.6,79.1,46,73,5,1,1,0,12,6,2,0,0,0,0,0,14,7,3,0,0,0,3,1,0,0,2,3,12,12,17,9,31,16,4,7,22,20,8,9,36.9,40.9,15,11,49.7,70.3,110.9,99.0,295,156,4,7,1,1,2.06,5.44,,H,3,0
2059,2021-22,2022-02-25,1,16:30,St. James' Park,48703,?,Windy,nan,68,Cup,Newcastle,Everton,Eddie Howe,Sean Dyche,4-1-4-1,3-4-3,defense,defense,bad,bad,1,0.0,2,0,43;76,none,20,16,6,,30.0,12.5,2.26,0.49,-0.26,-0.49,56.3,43.7,588,254,85.0,78.4,38,47,5,8,2,,16,10,0,0,0,0,0,0,7,18,0,1,0,1,1,5,2,4,0,2,10,14,14,8,37,26,2,6,nan,20,23,9,,28.9,6,11,43.1,57.9,107.7,102.7,293,290,2,4,3,0,2.48,4.22,2.78,H,3,0
336,2019-20,2020-04-03,13,15:00,Villa Park,35070,Anthony Taylor,Foggy,10.4,,Relegation 6-pointer,Aston Villa,Tottenham,Unai Emery,Ange Postecoglou,4-3-3,4-4-2,attack,attack,,good,2,0,3,,33;35;56,none,9,9,8,4,88.9,44.4,2.88,0.25,0.12,-0.25,52.7,47.3,393,545,86.7,89.3,29,32,5,8,0,0,16,10,0,0,0,0,0,0,16,11,3,3,0,0,1,1,4,5,0,3,25,14,10,8,21,23,5,3,13,14,25,13,30.5,21.9,13,16,61.8,48.9,102.4,108.0,196,280,1,1,0,0,2.88,4.29,2.38,H,3,0
1683,2023-24,2023-12-01,7,19:45,Tottenham Hotspur Stadium,49354,Chris Kavanagh,Clear,5.5,90,League,Tottenham,Wolves,Ange Postecoglou,Gary O'Neil,4-2-3-1,4-4-2,defense,defense,good,bad,0,0,1,2,14,##,20,17,4,3,20.0,17.6,1.32,1.62,-0.32,0.38,61.8,38.2,N/A,388,81.4,79.3,42,73,,1,0,1,18,20,1,0,0,1,0,1,7,16,1,1,0,0,4,5,1,3,2,1,30,18,9,7,37,27,2,3,22,14,8,19,29.4,41.8,11,9,46.2,46.5,112.7,109.8,161,255,1,2,0,0,2.28,3.76,3.37,A,0,3
1627,2023-24,2023-10-28,7,12:30,Vitality Stadium,8751,David Coote,Clear,-1.3,61,Derby,Bournemouth,Sheffield United,Andoni Iraola,Chris Wilder,5-4-1,4_3_3,attack,defense,good,bad,3,0,3,1,37;62;64,70+2,9,11,3,1,33.3,9.1,2.37,0.82,0.63,0.18,63.2,N/A,459,642,82.2,69.6,39,75,11,2,1,1,19,5,2,1,0,0,0,0,11,19,2,0,0,0,5,1,0,0,1,3,29,20,,15,23,38,12,3,13,,18,10,17.5,21.5,7,16,57.5,66.6,110.7,111.8,189,232,-2,4,1,0,2.06,3.77,4.01,H,3,0
1845,2023-24,2024-03-31,36,12:30,Bramall Lane,28758,Stuart Attwell,Clear,5.2,76,Cup,Sheffield United,Manchester United,Chris Wilder,Erik ten Hag,5-4-1,4_4_2,defense,balanced,average,good,0,0,,2,14;24,88;89,16,13,5,-3,31.2,15.4,1.52,1.86,0.48,0.14,41.4,null,300,345,70.6,87.7,78,18,3,6,0,0,8,18,0,0,2,0,2,0,,17,3,0,0,1,0,5,0,3,2,2,?,19,18,18,18,15,12,6,10,18,-9,22,17.3,26.6,10,13,54.5,47.7,109.6,107.7,203,146,,7,2,0,2.78,5.16,2.24,D,1,1
1599,2023-24,2023-10-06,14,19:45,St. James' Park,39329,Simon Hooper,Cloudy,22.1,65,Cup,Newcastle,Sheffield United,Eddie Howe,Chris Wilder,5-4-1,4-3-3,defense,defense,bad,average,3,0,6,0,41+4;43;55;59;64;83,none,14,8,9,8,64.3,100.0,7.44,0.28,-1.44,-0.28,70.3,29.7,407,268,88.7,71.8,24,60,3,5,1,0,,9,0,0,0,0,0,0,12,11,3,2,0,0,1,0,8,3,0,6,nan,25,14,12,35,22,11,4,16,22,20,20,42.0,44.8,8,17,46.7,47.3,105.5,108.1,172,229,2,3,0,0,1.91,4.06,4.36,H,3,0
902,2021-22,2021-11-23,15,17:30,Bramall Lane,24165,Paul Tierney,Overcast,10.0,72,League,Sheffield United,Burnley,Chris Wilder,Vincent Kompany,3-5-2,4-3-2-1,defense,defense,bad,avg,1,1,1,2,12,12+4;30,12,,3,2,25.0,16.7,1.41,2.13,-0.41,-0.13,53.8,46.2,559,416,68.5,72.3,28,60,,9,1,0,18,10,0,0,0,0,0,0,8,11,2,1,1,0,0,0,0,,2,1,15,25,18,14,23,37,8,7,10,13,20,11,29.6,23.0,12,13,72.3,59.0,109.2,100.6,185,162,2,3,,0,2.21,6.67,2.52,A,0,3
1016,2021-22,2022-02-13,13,20:00,Bramall Lane,30841,Robert Jones,Cloudy,10.3,82,Cup,Sheffield United,Arsenal,Chris Wilder,Mikel Arteta,4-1-4-1,4-2-3-1,defense,attack,average,average,0,1,0,2,none,5;74,14,7,3,4,21.4,57.1,0.1,2.19,-0.1,-0.19,39.5,60.5,394,532,71.8,93.0,56,50,2,7,0,1,N/A,12,0,0,0,0,0,0,14,14,3,4,0,0,5,3,2,3,2,0,19,24,13,17,14,11,5,3,9,6,18,15,39.6,34.1,17,6,41.4,69.5,106.7,105.6,216,250,1,0,1,1,2.83,4.29,2.41,A,0,3
130,2019-20,2019-11-09,5,17:30,Old Trafford,73949,Simon Hooper,Foggy,13.0,45,Derby,Manchester United,Tottenham,Erik ten Hag,Ange Postecoglou,4-3-2-1,3-5-2,balanced,attack,good,good,3,3,3,3,47;49+4;70+2,11;63;88,9,10,3,3,33.3,30.0,2.63,,0.37,0.14,55.1,44.9,509,597,83.5,82.5,,27,5,9,0,1,12,17,0,0,0,0,0,,7,,3,3,0,0,1,nan,0,0,3,3,nan,24,10,11,36,16,5,10,15,11,7,6,19.3,33.2,15,4,52.2,67.5,113.9,108.0,266,197,2,2,1,1,2.43,4.66,2.68,D,1,1
99,2019-20,2019-10-20,8,16:30,St. James' Park,41227,Simon Hooper,Cloudy,-3.2,45,League,Newcastle,Bournemouth,Eddie Howe,Andoni Iraola,3-5-2,3-4-3,DEFENSE,attk,average,bad,1,1,2,2,null,52;87+5,19,11,8,2,42.1,18.2,2.2,2.44,-0.2,-0.44,54.8,45.2,671,596,87.0,74.9,51,57,2,3,2,0,16,11,0,0,,0,N/A,0,6,20,2,3,0,0,,5,0,6,2,2,14,13,12,10,15,29,3,9,24,13,,13,16.9,44.0,11,12,74.4,60.8,106.2,106.4,166,180,3,3,0,0,,5.21,3.43,D,1,1
455,2020-21,2020-11-02,35,12:30,City Ground,25941,Chris Kavanagh,Light Rain,14.3,52,Cup,Nottm Forest,Brentford,Nuno Espirito Santo,Thomas Frank,4-2-3-1,3-4-3,defense,attack,bad,good,1,0,1,1,50,41,9,7,2,5,22.2,71.4,1.46,1.52,-0.46,-0.52,45.2%,54.8,670,634,83.0,85.6,60,-62,5,3,1,1,13,15,0,0,1,0,0,0,9,16,3,2,,0,2,1,4,1,1,-1,16,16,13,8,33,31,5,3,9,7,24,10,39.5,16.9,13,4,63.6,42.5,113.2,100.1,237,194,1,5,3,0,2.31,5.67,null,D,1,1
179,2019-20,2019-12-14,23,15:00,Stamford Bridge,39479,Andy Madley,Foggy,12.9,40,League,Chelsea,Burnley,Mauricio Pochettino,Vincent Kompany,4-3-2-1,3-5-2,balanced,,average,good,2,0,3,0,1+1;9;66,none,,16,5,6,27.8,37.5,3.8,0.11,-0.8,-0.11,60.6,,609,543,81.2,76.4,62,55,10,2,1,0,22,14,0,0,0,0,0,0,18,18,,0,0,0,2,2,6,2,0,,14,23,18,11,36,21,7,,10,12,21,11,42.3,16.6,16,14,49.3,64.3,100.1,110.1,195,,N/A,0,0,0,,3.89,,H,3,0
1605,2023-24,2023-10-10,1,15:00,Vitality Stadium,10749,Thomas Bramall,Sunny,13.8,89,League,Bournemouth,Crystal Palace,Andoni Iraola,Oliver Glasner,4-1-4-1,4-4-2,attack,def,BAD,good,1,2,2,2,19;37,4;69,11,16,7,4,63.6,25.0,,2.17,0.43,-0.17,47.7,52.3,442,319,75.5,84.2,,19,7,3,2,1,11,6,0,1,,0,0,0,19,10,2,1,0,0,4,4,,5,2,2,12,18,18,17,23,9,9,8,9,21,14,10,23.5,44.3,20,9,53.4,41.3,109.7,111.2,281,161,2,0,0,0,2.42,6.0,2.38,D,1,1
635,2020-21,2021-03-13,12,12:30,Vitality Stadium,9193,Andy Madley,Sunny,11.0,50,League,Bournemouth,Aston Villa,Andoni Iraola,Unai Emery,4-3-2-1,,attack,attack,good,good,0,,1,0,35,none,-1,11,7,4,63.6,36.4,0.6,0.1,0.4,-0.1,36.4,63.6,552,505,?,82.0,31,40,2,6,,0,10,12,1,0,0,0,0,0,6,20,1,2,0,0,5,nan,4,6,0,1,24,20,16,8,24,10,3,9,18,13,5,16,41.9,39.1,6,18,40.3,53.6,107.9,109.9,243,168,4,3,1,0,2.34,4.14,3.02,H,3,0
180,2019-20,2019-12-11,22,20:00,Turf Moor,18282,Thomas Bramall,Overcast,5.4,59,Top 4 battle,Burnley,Chelsea,Vincent Kompany,Mauricio Pochettino,3-5-2,3-4-3,defense,,bad,bad,1,0,1,2,4,23;39,15,9,6,8,40.0,88.9,1.45,2.74,-0.45,-0.74,39.7,60.3,453,252,71.5,81.1,57,,3,5,1,0,10,11,0,0,0,0,0,0,9,8,2,,,0,4,1,6,5,nan,1,17,11,5,14,32,15,9,7,6,9,7,5,18.5,28.9,11,5,,,101.0,102.1,248,234,2,4,2,0,3.8,4.09,2.03,A,0,3
850,2021-22,2021-10-16,23,16:30,Old Trafford,70572,David Coote,Foggy,-4.1,65,Relegation 6-pointer,Manchester United,Newcastle,Erik ten Hag,Eddie Howe,3-5-2,3-4-3,balanced,,Good,good,2,0,3,1,11;31;46,35+1,11,7,9,3,81.8,42.9,3.7,1.28,-0.7,-0.28,55.5,44.5,539,634,88.8,85.3,46,,5,8,2,1,6,14,0,0,1,1,1,0,9,8,2,0,0,0,1,4,2,6,1,3,,26,7,11,12,38,9,2,6,21,24,15,17.3,20.9,5,12,-,48.3,105.7,104.1,197,249,1,4,1,0,2.98,,3.2,H,3,0
981,2021-22,2022-01-13,13,19:45,Stamford Bridge,32729,Simon Hooper,Clear,10.0,71,Derby,Chelsea,Manchester United,Mauricio Pochettino,Erik ten Hag,4-4-2,4-4-2,balanced,balanced,bad,average,1,0,1,1,,1+4,,,9,2,81.8,25.0,1.6,0.75,##,0.25,48.6,51.4,331,554,87.0,89.8,48,72,9,1,0,1,11,20,1,0,1,0,0,0,20,20,3,1,0,0,,4,1,8,1,1,25,12,8,12,11,12,6,4,15,15,21,19,35.4,30.6,6,4,56.0,62.8,111.5,106.1,254,223,1,1,0,0,2.35,3.54,3.43,D,1,1
402,2020-21,2020-09-29,33,14:05,Vitality Stadium,8507,Michael Oliver,Light Rain,4.6,60,Relegation 6-pointer,Bournemouth,Nottm Forest,Andoni Iraola,Nuno Espirito Santo,4-1-4-1,4-3-3,attack,defense,good,bad,3,1,3,1,13;14;14,83,16,10,,5,31.2,50.0,3.6,1.06,-0.6,-0.06,51.9,48.1,390,375,74.5,74.2,30,33,9,4,1,0,9,17,0,0.0,0,0,0,0,14,16,3,4,0,0,,5,4,2,,?,12,22,19,9,23,13,5,6,7,20,19,8,25.7,44.1,11,,null,41.3,106.9,106.5,151,165,3,2,1,1,2.28,5.5,2.63,H,3,0
1077,2021-22,2022-03-22,37,14:05,Etihad Stadium,45878,Thomas Bramall,Windy,26.5,nan,League,Manchester City,West Ham,Pep Guardiola,David Moyes,5-4-1,4-2-3-1,balanced,defense,bad,average,4,0,4,0,5;31;70+3;78,none,16,14,4,1,25.0,7.1,5.08,0.1,-1.08,-0.1,55.6,44.4,369,635,88.4,82.2,39,19,11,7,2,0,22,7,0,0,0,0,0,0,11,19,4,4,0,0,3,1,1,0,0,4,17,,6,12,13,34,2,4,19,8,10,5,,27.0,-13,7,74.4,69.6,107.8,104.1,290,184,5,6,0,0,2.18,4.06,3.38,H,3,0
1873,2023-24,2024-04-14,12,14:05,Gtech Community Stadium,13086,Robert Jones,Light Rain,16.4,43,Cup,Brentford,Arsenal,Thomas Frank,Mikel Arteta,3-4-3,4-4-2,attack,attack,good,bad,1,2,3,2,13;17;39+1,30;37,17,14,10,,58.8,14.3,3.28,2.08,,-0.08,35.1,?,642,387,83.7,88.1,42,40,8,4,1,1,22,12,1.0,0,1,0,1,0,14,18,2,3,,?,,1,0,7,2,3,19,20,14,8,25,24,10,8,25,6,22,13,31.7,20.7,19,7,47.9,44.8,110.8,110.7,275,201,2,0,1,0,3.52,2.86,2.73,H,3,0
1667,2023-24,2023-11-23,32,17:30,London Stadium,60319x,Andy Madley,Light Rain,16.3,75,League,West Ham,Aston Villa,David Moyes,Unai Emery,4-4-2,3-4-3,defense,attack,average,bad,1,,3,0,23;37;59,none,16,13,10,1,62.5,7.7,3.64,0.1,-0.64,-0.1,48.8,51.2,474,277,79.8,80.7,56,47,8,7,0,0,10,10,0,0,0,0,0,0,14,17,2,0,0,0,5,3,1,7,0,3,10,17,5,15,29,29,5,8,15,7,6,nan,nan,20.5,17,6,50.8,58.9,107.8,110.0,231,184,0,2,0,0,2.75,3.2,3.09,H,3,0
788,2021-22,2021-08-30,12,20:00,Tottenham Hotspur Stadium,47473,Simon Hooper,Foggy,-1.0,55,League,Tottenham,Manchester United,Ange Postecoglou,Erik ten Hag,4-3-3,4-1-4-1,attack,balanced,average,bad,1,2,1,2,43+2,4;53,13,7,7,2,53.8,28.6,0.89,1.45,0.11,0.55,57.3,42.7,506,493,81.1,87.7,78,41,2,3,1,1,7,5,0,0,0,0,0,0,15,6,3,3,0,0,5,0,0,6,2,1,23,23,11,,17,29,5,4,12,13,18,11,16.5,20.0,8,9,71.9,61.8,107.2,105.8,288,,2,4,0,,2.31,5.0,2.73,A,0,3
608,2020-21,2021-02-19,16,16:30,Kenilworth Road,9918,David Coote,Light Rain,5.0,93,League,Luton Town,Brighton,Rob Edwards,Roberto De Zerbi,3-4-3,4-4-2,defense,balanced,average,,0,0,0,2,none,50;89,9,16,4,5,44.4,31.2,0.13,1.8,-0.13,0.2,45.8,54.2,700,304,70.2,84.6,73,31,7,8,0,1,6,14,0,,0,1,0,1,17,8,1,,1,0,6,3,3,4,2,0,24,23,10,6,11,27,4,2,21,12,15,19,40.1,24.6,13,16,41.3,54.2,null,105.8,293,167,2,4,1,1,3.87,2.66,2.74,A,0,3
1935,2023-24,2023-08-27,19,17:30,Gtech Community Stadium,,Robert Jones,Sunny,##,71,Relegation 6-pointer,Brentford,Tottenham,Thomas Frank,Ange Postecoglou,4-3-2-1,4-2-3-1,attack,attack,good,good,0,1,3,1,34;55;87,56+5,8,8,5,1,62.5,12.5,4.17,1.27,-1.17,,44.0,56.0,455,497,81.1,82.4,37,,2,2,1,1,21,11,0,1,1,0,1,0,7,17,3,4,0,0,2,5,0,2,1,3,26,15,10,13,26,36,8,6,9,5,11,22,25.7,44.1,14,4,64.4,44.4,,102.3,198,289,2,5,0,0,2.96,3.68,2.56,H,3,0
1907,2023-24,2023-11-23,38,15:00,Tottenham Hotspur Stadium,49325,Simon Hooper,Overcast,20.2,93,Relegation 6-pointer,Tottenham,Chelsea,Ange Postecoglou,Mauricio Pochettino,3-4-3,4-4-2,attack,balanced,bad,average,1,0,4,0,9;18+4;30;58,none,10,8,8,6,80.0,75.0,3.57,0.1,0.43,-0.1,55.4%,44.6,,303,84.8,87.6,75,21,7,8,1,0,22,7,0,0,,0,1,0,15,20,1,2,0,,4,4,6,4,0,4,18,17,16,8,30,29,4,3,15,13,8,14,23.1,34.2,8,16,48.4,60.4,117.5,110.4,210,247,1,3.0,1,0,2.63,4.0,N/A,H,3,0
1925,2021-22,2022-04-15,34,20:00,City Ground,29591,Michael Oliver,Sunny,17.9,,Derby,Nottm Forest,Tottenham,,Ange Postecoglou,3-5-2,4-4-2,defense,ATTACK,average,bad,0,1,2,3,28;84,23;37;65+1,18,12,3,3,16.7,25.0,2.57,3.32,,-0.32,41.9,58.1,528,509,78.8,82.6,34,31,8,,,,11,19,1,0,0,0,0,0,9,12,2,4,0,0,6,4,0,1,3,2,23,28,6,6,36,38,nan,3,6,13,24,9,36.6,15.8,19,N/A,50.0,71.1x,104.6,107.6,272,155,2,1,1,1,3.05,3.3,2.71,A,0,3
141,2019-20,2019-11-19,22,12:30,Turf Moor,18257,David Coote,Sunny,17.7,65,Cup,Burnley,Liverpool,Vincent Kompany,Jurgen Klopp,3-4-3,3-5-2,defense,attack,average,bad,1,0,2,2,37;40,85;90,10,6,3,2,,33.3,2.02,2.29,-0.02,-0.29,25.1,74.9,564,,73.8,84.8,76,28,5,2,0,0,6,5,nan,0,1,0,1,0,7,8,3,1,0,0,4,2,0,1,2,2,30,21,15,18,17,38,11,6,8,22,9,14,15.6,,9,4,53.1,54.9,103.0,112.2,258,281,1,5,2,1,3.91,3.18,2.33,D,1,1
340,2019-20,2020-04-08,11,16:30,Old Trafford,68816,John Brooks,Sunny,13.9,80,Title race,Manchester United,Luton Town,Erik ten Hag,Rob Edwards,4-3-3,4-1-4-1,balanced,defense,good,good,1,0,3,1,33;53;77,31,10,16,8,5,80.0,31.2,null,1.42,-0.58,-0.42,,40.9,446,630,89.2,70.9,26,21,8,2,2,0,18,18,0,0,1,0,1,0,15,16,4,2,0,0,2,,4,5,1,3,20,15,16,12,40,12,8,6,19,,21,21,39.9,40.8,20,14,63.9,,112.3,,205,231,1,4,1,0,2.39,3.07,3.9,H,3,0
1542,2023-24,2023-08-23,5,20:00,Molineux Stadium,29944,Robert Jones,Windy,14.3,,Relegation 6-pointer,Wolves,Tottenham,Gary O'Neil,Ange Postecoglou,5-4-1,4-3-3,defense,attack,Avg,,0,2,1,,33,,14,7,7,3,50.0,42.9,0.99,3.06,0.01,-0.06,46.3,53.7,469,253,80.6,86.9,41,22,10,4,0,0,6,8,0,0,1,1,1,1,6,8,1,3,0,0,3,1,0,6,3,1,16,15,18,15,11,36,6,8,16,7,9,9,44.8,25.5,5,4,49.8,50.7,112.7,106.1,250,287,2,N/A,1,,3.48,3.59,2.3,A,0,3
1044,2021-22,04/03/2022,15,19:45,Craven Cottage,19540,Andy Madley,Windy,20.7,48,Title race,Fulham,Crystal Palace,Marco Silva,Oliver Glasner,4-2-3-1,3-5-2,balanced,defense,average,,2,0,2,0,55;64,none,18,14,8,-3,44.4,42.9,2.08,0.1,-0.08,-0.1,56.3,43.7,516,586,78.9,81.4,27,63,9,1,1,0,12,10,,0,0,0,0,0,13,9,1,0,0,0,3,1,6,6,0,2,25,22,nan,15,22,9,7,4,11,14,8,16,##,21.7,19,18,69.4,59.0,105.3,107.8,255,247,4,3,0,0,2.58,4.16,2.69,H,3,0
407,2020-21,2020-10-03,21,20:00,Anfield,49931,Andy Madley,Foggy,15.9,64,Top 4 battle,Liverpool,Brighton,Jurgen Klopp,Roberto De Zerbi,4-3-3,5_4_1,attack,balanced,average,good,1,0,4,1,36+5;63;63;74,80,10,15,10,4,100.0,26.7,3.33,0.74,0.67,0.26,59.5,40.5,694,295,88.5,83.1,70,38,6,5,0,0,12,6,0,0,0,0,0,0,,6,2,2,0,N/A,2,4,3,6,1,4,25,24,12,13,14,38,9,,25,10,9,6,31.8,33.3,,17,58.3,65.6,N/A,100.5,282,166,5,2,1,0,2.07,4.78,3.24,H,3,0
303,2019-20,2020-03-09,1,15:00,London Stadium,51340,Andy Madley,,2.6,85,League,West Ham,Chelsea,David Moyes,Mauricio Pochettino,4-1-4-1,3_5_2,defense,balanced,good,good,1,0,1,1,89,46,9,12,2,5,22.2,41.7,1.01,1.11,-0.01,-0.11,46.4,,431,330,82.6,82.2,42,36,3,6,1,1,19,16,0,0,0,0,0,0,11,11,,2,0,0,3,2,4,1,1,1,19,10,7,7,21,,10,8,8,15,9,7,17.8,32.4,15,5,69.4,51.1,111.7,102.2,181,285,2,5,1,1,2.8,4.67,2.33,D,1,1
589,2020-21,2021-02-04,38,17:30,City Ground,28214,Anthony Taylor,Overcast,10.4,74,League,Nottm Forest,Newcastle,Nuno Espirito Santo,Eddie Howe,4-1-4-1,5_4_1,defense,defense,average,good,0,1,3,1,21;59;68+3,39,18,6,10,5,55.6,,3.42,1.62,-0.42,-0.62,N/A,64.4,660,256,78.5,83.8,N/A,34,9,,?,,10,13,0,0,0,0,0,0,15,,0,3,0,?,5,5,4,7,1,3,13,28,16,7,,16,6,9,18,8,13,6,16.4,27.4,7,10,46.3,46.0,107.1,109.6,,202,3,5,1,1,2.96,3.61x,2.6,H,3,0
326,2019-20,2020-03-23,18,20:00,Goodison Park,35525,Stuart Attwell,Overcast,22.3,90,Top 4 battle,Everton,Nottm Forest,Sean Dyche,Nuno Espirito Santo,4-3-2-1,4-4-2,defense,defense,average,average,1,1,1,2,14,54;88,16,14,7,1,43.8,7.1,1.47,2.59,-0.47,-0.59,58.4,41.6,682,452,80.2,76.6,27,67,9,6,1,0,17,10,0,0,0,1,0,1.0,6,15,1,3,0,0,4,5,0,6,2,1,16,10,11,7,40,33,10,nan,14,5,7,4,18.5,42.0,8,9,45.4,42.4,97.3,106.1,300,264,3,3,0,0,2.68,4.15,,A,0,3
487,2020-21,2020-11-28,23,14:05,Etihad Stadium,50841,Anthony Taylor,Windy,11.5,91,League,Manchester City,Brentford,Pep Guardiola,Thomas Frank,5-4-1,,balanced,attack,good,good,0,0,2,0,59+3;85,none,16,7,9,3,56.2,42.9,1.74,0.4,0.26,-0.4,67.0,33.0,?,528,91.1,86.4,68,27,3,7,1,0,10,5,0,0,0,1,0,0,?,20,2,2,,0,0,1,3,7,0,2,17,18,16,15,-25,34,6,5,22,14,7,13,36.0,36.7,?,10,59.5,68.0,101.5,107.5,187,205,3,5,3,0,2.43,4.57,,H,3,0
1951,2021-22,2022-01-25,27,19:45,Kenilworth Road,-,Michael Oliver,Cloudy,11.3,59,Cup,Luton Town,Chelsea,Rob Edwards,Mauricio Pochettino,3-5-2,5-4-1,defense,balanced,good,bad,1,1,1,,60,32;61,11,16,8,8,72.7,50.0,1.03,2.05,-0.03,,30.3,69.7,450,624,73.3,84.1,42,41,8,3,1,1,7,20,1,0,0,1,0,1,8,8,2,0,0,0,3,1,6,7,2,1,16,13,12,-6,30,38,9,7,25,5,18,8,35.0,20.5,5,9,64.8,70.2,115.0,100.9,256,226,1,1,0,0,2.81,4.91,2.27,A,0,3
1580,2023-24,2023-09-20,29,17:30,City Ground,24939,Andy Madley,Overcast,0.3,61,League,Nottm Forest,Wolves,Nuno Espirito Santo,Gary O'Neil,4-3-3,4-2-3-1,defense,defense,,average,0,0,3,0,7;55;70,none,18,9,7,7,38.9,77.8,2.97,0.1,0.03,-0.1,56.1%,43.9,596,355,78.8,80.6,,66,3,9,0,0,22,5,0,0,0,0,0,0,17,11,3,1,0,0,4,2,7,4,0,3,14,16,10,13,,18,6,6,15,18,10,12,32.2,,14,15,,55.6,96.8,118.8,268,230,1,4,?,2,3.04,3.5,2.6,H,3,0
1463,2022-23,2023-03-23,31,17:30,Selhurst Park,24826,Chris Kavanagh,Windy,24.9,90,League,Crystal Palace,Fulham,Oliver Glasner,Marco Silva,4-3-2-1,3-4-3,defense,balanced,good,average,0,1,0,3,none,31;40;55+3,19,14,,4,42.1,28.6,0.1,1.94,-0.1,1.06,41.7,58.3,334,514,76.0,79.5,28,63,3,4,0,2,13,5,0,0,0,0,0,0,16,7,3,2,0,0,4,0,1,8,3,0,16,16,5,9,26,16,3,7,12,13,25,4,22.5,28.7,,11,42.6,44.6,110.1,110.0,179,239,N/A,3,3,2,2.35,3.72,3.27,A,0,3
360,2019-20,2020-04-17,34,20:00,Goodison Park,38883,Chris Kavanagh,Cloudy,14.3,,Cup,Everton,Luton Town,Sean Dyche,Rob Edwards,4-1-4-1,4-3-2-1,def,defense,average,,2,1,3,1,2;43;86,68,18,8,-1,3,50.0,37.5,3.35,0.76,-0.35,0.24,62.9,37.1,398,467,81.9,72.0,30,71,6,5,0,1,14,,0,1,0,0,0,0,12,8,2,2,0,0,4,2,2,6,1,3,18,25,,8,12,18,5,5,14,17,15,9,30.2,19.5,16,14,55.0,47.7,103.5,108.6,222,248,3,2,1,1,2.57,3.17,3.39,H,3,0
726,2020-21,2021-05-17,13,14:05,Old Trafford,61525,Robert Jones,Overcast,11.3,,League,Manchester United,Fulham,Erik ten Hag,Marco Silva,4-3-3,4-2-3-1,balanced,balanced,average,good,0,2,1,2,9,4;50+5,20,15,2,2,,13.3,0.88,1.95,0.12,0.05,54.4,45.6,499,616,85.2,83.6,67,44,8,2,1,2,7,8,0,0,0,0,0,0,16,11,N/A,3,0,0,0,5,0,1,2,1,16,,10,7,21,30,12,7,20,20,19,5,19.6,23.7,12,9,52.2,45.0,107.1,109.1,198,173,3,5,2,0,2.16,6.78,2.57,A,0,3
1432,2022-23,2023-02-27,3,15:00,City Ground,28954,David Coote,Sunny,28.9,69,League,Nottm Forest,Wolves,Nuno Espirito Santo,Gary O'Neil,,4-2-3-1,defense,,bad,bad,1,0,2,2,10;77,28;36,19,16,3,8,15.8,50.0,2.71,1.39,-0.71,0.61,46.7,53.3,695,496,82.1,83.8,20,N/A,7,3,1,1,15,12,?,0,0,0,0,0,12,6,1,3,0,1,3,1,6,-1,2,2,19,27,15,9,17,25,10,8,7,5,5,7,28.1,42.8,12,nan,,64.6,106.8,103.6,295,240,2,3,0,0,2.15,7.77,2.46,D,1,1
1099,2021-22,2022-04-11,37,17:30,Amex Stadium,29724,David Coote,Rainy,20.3,90,League,Brighton,Bournemouth,Roberto De Zerbi,Andoni Iraola,4-4-2,3-5-2,balanced,attack,,bad,1,0,2,2,17;26,nan,20,11,8,5,40.0,45.5,1.38,2.74,0.62,-0.74,N/A,45.7,505,255,80.2,75.4,39,46,999,3,2,1,,14,1,0,0,1,0,1,14,14,0,2,0,0,1,4,3,6,2,2,22,17,,17,27,14,7,7,,19,22,6,nan,29.6,17,18,,,108.9,113.2,272,235,5,7,1,0,1.99,8.7,2.62,D,1,1
891,2021-22,2021-11-14,30,20:00,Stamford Bridge,33526,Jarred Gillett,Clear,5.1,92,League,Chelsea,Nottm Forest,Mauricio Pochettino,Nuno Espirito Santo,4-4-2,4-3-3,balanced,defense,bad,bad,0,2,0,2,none,42;68,9,9,9,5,100.0,,0.1,2.02,-0.1,-0.02,63.9%,36.1,636,614,84.1,83.5,32,70,2,1,0,1,7,5,0,0,0,0,0,0,10,10,2,nan,0,0,1,1,3,9,2,0,13,23,13,15,40,32,,6,21,12,16,7,19.3,16.1,7,7,48.4,53.5,96.3,102.9,271,140,3,4,N/A,0,2.4,3.71,3.19,A,0,3
1058,2021-22,2022-03-13,24,14:05,Bramall Lane,559981,Jarred Gillett,Foggy,16.3,73,League,Sheffield United,Newcastle,Chris Wilder,Eddie Howe,4-4-2,4-3-3,defense,defense,good,good,0,0,2,2,6;18,60;69,12,12,3,2,25.0,16.7,1.66,2.07,0.34,-0.07,41.8,58.2,nan,572,75.2,88.9,27,,6,5,1,0,22,16,1,1,1,1,1,1,15,18,0,3,0,0,0,3,0,1,,2,30,13,13,7,31,31,8,7,23,17,5,13,22.8,40.1,13,17,63.9,49.7,109.3,104.4,153,254,3,1,1,1,3.73,3.63,2.19x,D,1,1
1769,2023-24,2024-02-02,24,20:00,Craven Cottage,20905,Simon Hooper,Sunny,13.6x,80,League,Fulham,Wolves,Marco Silva,Gary O'Neil,3-4-3,3-5-2,balanced,defense,average,bad,1,0,2,1,23;65,29,19,12,2,3,10.5,25.0,2.4,1.08,-0.4,-0.08,50.0,50.0,358,515,82.2,77.6,46,45,11,1,0,0,15,13,0,0,0,0,0,0,19,20,3,3,0,0,2,1,,?,1,2,25,16,17,5,23,28,9,5,10,6,9,19,26.5,33.1,17,8,69.8,66.3,111.4,102.5,169,254,2,2,0,0,2.15,5.56,2.83,H,3,0
1108,2021-22,2022-04-14,29,16:30,Vitality Stadium,8926,,Rainy,19.1,53,League,Bournemouth,Arsenal,Andoni Iraola,Mikel Arteta,3-5-2,4_4_2,attack,attack,good,good,0,1,0,1,none,43,,,3,-4,18.8,50.0,0.1,1.04,?,-0.04,41.9,58.1,548,533,76.7,90.0,49,44,11,4,0,1,17,10,N/A,0,,0,0,0,19,10,2,2,0,0,4,5,3,3,1,0,11,20,8,11,38,15,5,10,20,5,17,6,39.8,20.2,11,17,47.2,,,108.0,244,262,2,0,1,1,3.5,2.82,2.78,A,0,3
572,2020-21,2021-01-25,12,12:30,Old Trafford,65665,Andy Madley,Rainy,5.4,53,Relegation 6-pointer,Manchester United,Wolves,Erik ten Hag,Gary O'Neil,3-5-2,4-3-3,balanced,defense,,bad,1,0,3,2,13;63;69,12+4;16,11,8,2,7,18.2,87.5,2.63,1.55,0.37,0.45,59.6,nan,616,531,84.1,81.9,25,35,10,1,0,1,7,6,0,0,1,1,1,1,20,18,1,,0,0,4,1,5,0,2,3,30,12,20,12,32,26,4,5,18,12,20,20,28.0,35.7,12,10,60.0,53.1,113.1,102.8,228,212,0,5,2,0,?,4.08,3.93,H,3,0
1717,2023-24,2023-12-31,28,15:00,Kenilworth Road,8705,Simon Hooper,Overcast,9.0,80,League,Luton Town,Wolves,Rob Edwards,Gary O'Neil,5-4-1,,defense,defense,bad,average,0,1,1,1,24+1,,?,9,2,3,16.7,33.3,1.45,1.51,-0.45,-0.51,35.9,64.1,402,533,73.7,78.4,64,69,4,2,0,0,9,16,0,1,1,0,1,0,10,8,1,,0,0,5,5,2,1,1,1,19,15,11,9,18,31,3,8,23,21,9,15,31.8,41.5,16,17,43.3,69.0,108.9,105.5,185,152,4,2,0,0,2.57,4.58,2.55,D,1,1
898,2021-22,2021-11-15,27,12:30,Amex Stadium,28905,Andy Madley,Foggy,25.0,47,League,Brighton,Burnley,Roberto De Zerbi,Vincent Kompany,4-4-2,5-4-1,balanced,defense,avg,bad,1,0,1,1,63,28,19,9,4,8,21.1,88.9,1.5,1.22,-0.5,-0.22,67.0,33.0,414,358,80.9,78.5,56,41,3,2,,0,18,19,1,0,0,1,0,1,8,17,2,1,0,0,3,4,7,3,1,1,11,28,15,17,14,25,3,,14,10,9,16,30.4,19.4,9,17,51.2,51.7,?,102.3,239,209,1,6,1,1,2.45,3.23,,D,1,1
358,2019-20,2020-04-20,22,16:30,Emirates Stadium,52205,Thomas Bramall,Light Rain,9.8,66,League,Arsenal,Fulham,Mikel Arteta,Marco Silva,3-5-2,4-3-3,attack,BALANCED,bad,bad,0,0,0,2,none,19;45+3,19,12,6,3,31.6,25.0,0.1,2.03,-0.1,,50.8,49.2,445,582,92.2,80.6,43,42,3,8,0,0,11,14,0,0,1,2,0,2,17,9,4,3,0,0,3,4,1,6,2,0,28,16,7,11,38,,3,5,19,,13,8,35.4,32.7,10,5,72.8,57.8,104.5,108.0,251,157,2,2,0,0,2.1,5.94,2.81,A,0,3
1847,2023-24,2024-03-28,17,19:45,Emirates Stadium,46145,Simon Hooper,Clear,8.5,81,League,Arsenal,Aston Villa,Mikel Arteta,Unai Emery,5-4-1,5-4-1,attack,attack,bad,good,2,0,2,1,20;31,70,13,11,4,7,-,63.6,1.41,1.2,0.59,-0.2,48.4,51.6,570,470,90.6,79.0,40,25,3,3,0,1,18,15,2,0,0,0,0,0,18,20,3,2,0,0,3,2,6,,1,2,12,19,8,11,19,31,10,,9,14,24,21,29.8,18.7,9,15,48.6,43.7,108.6,101.1,190,261,1,0,1,0,1.99,4.36,3.71,H,3,0
753,2020-21,2021-06-02,37,17:30,St. James' Park,43019,Michael Oliver,Cloudy,21.0,90,League,Newcastle,Brighton,Eddie Howe,Roberto De Zerbi,4-4-2,3-5-2,,balanced,average,average,2,0,2,2,33;81,40;78,14,14,10,7,71.4,50.0,2.85,1.81,-0.85,0.19,56.7,43.3,412,452,84.9,87.3,70,51,3,3,0,1,9,18,0,1,0,1,0,1,8,12,2,1,0,0,1,3,5,8,2,2,20,21,8,16,27,14,10,2,13,15,7,16,36.0,20.1x,6,11,44.6,71.7,109.3,106.1,211,258,1,3,,1,2.32,4.85,##,D,1,
1479,2022-23,2023-04-04,21,16:30,Goodison Park,32067,Paul Tierney,Overcast,10.1,67,League,Everton,Bournemouth,Sean Dyche,Andoni Iraola,5-4-1,5-4-1,defense,attack,good,average,2,0,2,2,9;49,41;71+3,19,11,2,3,10.5,27.3,1.4,1.72,0.6,0.28,54.7,45.3,569,368,,77.9,22,29,5.0,9,1,1,13,15,0,0,0,0,0,0,20,15,1,0,0,0,0,4,,0,2,2,22,27,15,10,40,21,9,8,18,22,12,,22.5,41.0,6,14,52.3,49.4,110.4,109.6,?,262,2,7,1,0,2.33,4.41,2.9,D,1,1
349,2019-20,2020-04-09,5,15:00,City Ground,,Anthony Taylor,Overcast,17.9,57,Top 4 battle,Nottm Forest,Everton,Nuno Espirito Santo,Sean Dyche,4-3-2-1,4-3-2-1,defense,defense,good,good,0,0,2,0,N/A,none,19,15,4,8,21.1,53.3,2.34,0.1,-0.34,,50.8,49.2,535,465,80.2,80.8,34,37,9,4,,0,7,10,0,0,0,0,0,0,10,19,1,1,0,0,3,1,8,2,0,2,16,11,10,6,36,,6,7,24,,22,11,37.1,39.4,7,16,59.9,57.5,105.8,100.4,198,143,2,3,2,2,2.26,4.27,3.1,H,3,
1361,2022-23,2023-01-06,6,19:45,Selhurst Park,20378,Robert Jones,Sunny,20.9,51,League,Crystal Palace,Arsenal,Oliver Glasner,Mikel Arteta,5-4-1,4-3-2-1,def,attack,average,average,0,0,3,1,?,78,11,6,3,3,27.3,50.0,2.49,1.0,0.51,0.0,44.1,55.9,680,253,83.9,90.7,53,,10,8,2,0,14,9,1,0,0,1,0,1,9,8,3,3,0,0,6,3,2,0.0,1,3,12,11,20,11,35,27,4,10,8,17,18,13,35.7,30.2,18,13,65.8,58.6,112.2,110.5,248,170,3,2,1,1,2.98,4.56,2.25,H,3,0
150,2019-20,2019-11-21,26,12:30,Etihad Stadium,49923,Thomas Bramall,Overcast,12.6,86,League,Manchester City,Newcastle,Pep Guardiola,,3-5-2,3-4-3,,defense,good,good,2,0,2,1,20;39,,16,7,8,6,50.0,85.7,-,0.67,0.36,0.33,49.5,50.5,669,289,87.4,82.1,20,19,4,4,1,0,,17,0,0,0,1,0,1,16,7,4,1,0,0,2,3,5,,1,2,-13,15,15,15,11,,4,6,22,nan,13,13,40.5,23.2,11,15,53.7,48.9,107.5,110.6,274,nan,4,2,1,1,2.77,,3.53,H,3,0
1293,2022-23,2022-11-18,13,16:30,City Ground,,Simon Hooper,Overcast,15.4,52,Top 4 battle,Nottm Forest,Liverpool,Nuno Espirito Santo,Jurgen Klopp,3-5-2,3-5-2,defense,attack,average,average,1,2,1,2,,51;64,12,8,10,8,83.3,100.0,1.09,2.55,-0.09,-0.55,46.5,53.5,669,340,74.2,84.3,71,28,11,2,0,,7,7,0,0,0,1,0,,14,11,2,2,0,0,0,4,6,9,2,1,15,23,6,12,14,38,4,4,7,22,16,21,26.1,30.2,7,,43.7,,101.0,109.3,169,163,2,2,1,0,3.84,3.72,2.13,A,0,3
1564,2023-24,2023-09-08,35,15:00,St. James' Park,51888,Anthony Taylor,Overcast,11.7,82,League,Newcastle,Wolves,Eddie Howe,Gary O'Neil,3-5-2,3-4-3,defense,defense,bad,average,1,0,1,0,76,none,12,11,5,7,41.7,63.6,0.89,0.41,0.11,-0.41,57.3,42.7,338,339,81.0,82.5,65,59,6,9,1,0,7,20,0,0,0,0,0,0,20,8,3,3,0,0,0,1,7,4,0,1,15,13,13,14,34,19,6,7,16,6,N/A,13,40.6,21.5,20,4,60.6,67.8,109.5,111.9,210,259,2,3,1,0,2.09,7.86,2.54,H,3,0
1776,2023-24,2024-02-06,11,17:30,Etihad Stadium,52503,Thomas Bramall,Overcast,22.4,45,Top 4 battle,Manchester City,Brighton,Pep Guardiola,Roberto De Zerbi,4-2-3-1,4-1-4-1,balanced,balanced,good,good,2,2,2,3,4;16,6;32;46,15,9,5,2,33.3,22.2,2.25,3.98,-0.25,-0.98,50.8,49.2,568.0,508,88.5,88.5,,62,7,1,1,1,15,17,0,0,0,1,0,1,20,20,3,1,0,0,4,4,0,3,3,2,19,28,20,17,18,25,3,8,17,12,7,19,19.9,31.6,12,4,68.5,51.8,110.2,112.2,239,198,1,4,2,0,2.1,5.61,2.9,A,0,3
1773,2023-24,2024-02-05,18,17:30,Kenilworth Road,9759,Chris Kavanagh,Light Rain,17.4,,Cup,Luton Town,Burnley,Rob Edwards,Vincent Kompany,3-5-2,4-2-3-1,defense,defense,good,bad,2,0,3,1,,76,16,17,,2,62.5,11.8,2.29,0.84,0.71,0.16,54.2,45.8,533,577,74.5,77.5,78,74,3,8,2,1,20,20,0,1,0,1,0,0,6,16,4,3,,0,-2,3,1,7,1,3,25,13,17,12,15,24,12,2,7,19,?,?,15.2,22.2x,7,14,42.9,71.1,108.6,109.8,208,196,2,3,1,0,,3.62,2.72,H,3,0
744,2020-21,2021-05-24,35,16:30,Emirates Stadium,53924,Michael Oliver,Clear,20.6,61,Top 4 battle,Arsenal,Everton,Mikel Arteta,Sean Dyche,4-4-2,4-4-2,attack,defense,good,bad,2,0,2,1,48;79,51,11,16,9,6,81.8,37.5,2.94,1.23,-0.94,-0.23,56.1,43.9,513,545,92.3,74.6,41,67,8,5,0,0,14,18,0.0,0,0,1,0,1,,,1,0,0,0,3,1,5,7,1,2,13,,7,nan,33,26,N/A,,12,17,15,21,24.3,20.7,9,18,68.1,49.6,106.0,112.2,291,229,0,6,3,0,2.4,3.8,3.13,H,3,0
1453,2022-23,2023-03-11,12,12:30,Emirates Stadium,47346,Michael Oliver,Windy,13.3,74,League,Arsenal,Sheffield United,Mikel Arteta,Chris Wilder,4-2-3-1,4-3-3,attack,defense,average,bad,0,0,4,0,38;65;75;79,none,9,16,,4,88.9,25.0,4.98,0.25,-0.98,-0.25,68.4,31.6,600,435,93.4,71.3,21,51,8,6,0,0,7,20,1,0,1,0,1,0,7,18,3,2,0,1,4,0,4,4,0,4,15,19,14,6,26,12,N/A,3,18,7,18,8,30.5,22.0,10,9,51.7,52.1,110.8,,232,181,2,3,2,1,1.83,6.22,3.42,H,3,0
1905,2021-22,2022-04-22,38,15:00,Villa Park,40514,John Brooks,Foggy,10.3,57,Derby,Aston Villa,Brentford,Unai Emery,Thomas Frank,3-4-3,3-4-3,attack,attack,bad,average,0,1,1,1,17,48+2,19,13,9,7,47.4,53.8,1.18,0.79,-0.18,0.21,45.1,54.9,554,507,87.4,78.9,22,34,6,3,?,1,10,5,0,0,1,0,0,,16,6,1,1,0,0,3,5,6,8,1,1,19,25,8,6,20,11,7,4,23,9,5,5,38.2,,16,5,44.3,52.2,106.4,107.4,238,243,4,5,0,0,,6.37,2.46,D,,1
337,2019-20,2020-04-04,27,20:00,City Ground,23926,David Coote,Sunny,20.6,64,League,Nottm Forest,Brighton,Nuno Espirito Santo,Roberto De Zerbi,4-3-2-1,4-1-4-1,defense,balanced,good,good,0,1,3,3,10;15;15,51;58;74,11,12,7,6,63.6,50.0,3.53,3.38,-0.53,-0.38,48.6,51.4,462,,75.5,82.9,59,36,2,2,0,,N/A,12,0,0,1,1,1,1,16,18,4,4,0,0,4,0,3,4,3,3,22,16,19,9,36,30,5,5,20,6,20,12,15.7,20.3,8,9,57.3,50.7,116.2,104.6,212,nan,2,4,1,0,3.28,2.98,2.78,D,1,1
183,2019-20,14/12/2019,23,14:05,Bramall Lane,27747,Simon Hooper,Light Rain,9.0,42,League,Sheffield United,Fulham,Chris Wilder,Marco Silva,4-1-4-1,4-3-2-1,defense,balanced,bad,poor,0,2,0,2,none,54;74,13,?,8,3,61.5,37.5,0.1,2.15,-0.1,-0.15,41.2,58.8,598,602,77.8,85.9,63,52,9,9,0,2,6,16,0,0.0,0,0,0,0,,14,1,2,0,,3,4,1,8,2,0,22,15,15,12,20,28,8,8,17,17,15,15,16.3,33.5,15,16,55.5,56.6,108.5,?,169,229,0,3,3,0,3.84,2.75,2.66,A,0,3
693,2020-21,2021-04-21,38,19:45,Selhurst Park,23963,Robert Jones,Foggy,12.5,72,Relegation 6-pointer,Crystal Palace,Burnley,Oliver Glasner,Vincent Kompany,4-2-3-1,4-3-3,defense,defense,avg,average,1,2,2,2,56;84,15;75,12,11,3,2,25.0,18.2,2.0,,nan,-0.29,62.5,37.5,401,396,82.5,73.4,28,27,7,3,0,2,11,14,0.0,0,0,0,0,0,14,19,3,1,,0,0,3,0,1,2,2,16,27,7,11,26,28,11,3,19,18,21,18,25.5,19.2,11,4,66.7,70.9,108.6,107.9,298,198,,4,1,0,2.3,4.85,2.79,D,1,1
1594,2023-24,2023-09-29,10,19:45,City Ground,29620,John Brooks,Cloudy,11.3,,Cup,Nottm Forest,Manchester City,Nuno Espirito Santo,Pep Guardiola,3-4-3,3-5-2,defense,balanced,good,good,0,0,1,3,6,5+2;8;64+4,8,11,6,8,75.0,72.7,1.35,3.32,-0.35,-0.32,34.8,65.2,604,644,83.4,89.1,59,75,11,8,1,1,15,20,1,nan,0,0,0,0,,17,1,1,0,0,5,3,5,5,3,1,14,27,7,15,33,25,7,4,22,9,11,12,34.1,19.7,8,18,71.7,62.8,107.1,104.6,273,268,2,2,0,0,3.64,,2.07,A,0,3
196,2019-20,2019-12-22,8,20:00,Bramall Lane,26693,Robert Jones,Foggy,13.7,68,Top 4 battle,Sheffield United,Brighton,Chris Wilder,Roberto De Zerbi,3-4-3,4-4-2,defense,balanced,good,average,1,1,1,4,85,60;68+3;76;82,14,10,4,6,28.6,60.0,0.88,3.05,,0.95,41.1,58.9,,282,72.9,82.8,,65,11,6,1,2,14,6,0,0,0,0,0,0,13,20,2,2,0,0,5,3,2,3,4,1,18,16,6,13,31,17,7,10,22,10,9,6,21.3,36.0,19,14,44.8,46.9,,,294,243,1,1,,1,3.27,4.56,2.1,A,0,3
302,2019-20,2020-03-07,8,19:45,Craven Cottage,23596,John Brooks,Clear,,50,Derby,Fulham,Arsenal,Marco Silva,Mikel Arteta,5-4-1,4-4-2,balanced,attack,bad,average,0,0,0,N/A,none,2;52,19,10,3,4,15.8,40.0,0.1,1.88,-0.1,0.12,40.4,59.6,616,362,82.4,88.3,38,42,4,3,0,0,21,12,0,0,0,1,0,0,9,16,1,2,0,,5,3,2,,2,0,24,25,9,9,32,21,4,,12.0,19,9,11,39.2,17.2,10,,46.6,65.1,107.9,,231,169,0,3,1,0,2.76,5.17,2.25,A,0,3
725,2020-21,2021-05-12,24,19:45,Craven Cottage,23955,Thomas Bramall,Foggy,14.4,84,Derby,Fulham,Tottenham,Marco Silva,Ange Postecoglou,4_4_2,3-4-3,bal,attack,good,bad,0,0,1,0,31,none,13,6,7,4,53.8,66.7,1.18,0.46,-0.18,-0.46,51.0,49.0,700,256,77.6,81.8,32,55,6,3,0,0,11,15,,0,1,0,1,0,7,10,1,2,0,0,3,3,4,6,0,1,28,12,8,,24,19,2,10,14,7,22,16,21.4,17.3,16,4,55.9,52.3,106.9,?,174,224,1,2,0,0,2.63,3.87,2.77,H,3,0
1106,2021-22,2022-04-14,38,14:05,Emirates Stadium,59599,Paul Tierney,Rainy,4.7,60,League,Arsenal,Burnley,Mikel Arteta,Vincent Kompany,3-4-3,3-5-2,attack,,bad,good,0,N/A,4,3,10+5;11;18;59,49;77;89,13,13,3,4,,30.8,5.04,2.86,-1.04,0.14,73.2,26.8,574,420,90.0,null,26,45,4,2,2,0,8,7,0,0,1,2,1,2,14,15,0,3,0,0,1,2,1,0,3,4,26,12,9,7,23,30,9,9,12,5,21,12,36.7,35.3,10,9,53.9,58.2,104.8,108.1,218,215,3,1,1,1,2.05,3.66,4.18,H,3,nan
1210,2022-23,2022-09-25,25,17:30,Emirates Stadium,59032,Paul Tierney,Foggy,10.8,69,League,Arsenal,Aston Villa,Mikel Arteta,Unai Emery,4-3-3,4-4-2,attack,attack,bad,average,3,0,3,1,,27,12,14,9,8,75.0,57.1,3.34,,-0.34,-0.31,47.5,nan,,469,91.6,87.6,75,40,4,5,1,,16,15,0,0,,2,0,1,19,17,1,2,0,0.0,0,2,7,6,,3,12,20,7,17,39,31,10,4,16,9,7,21,41.5,42.6,18,12,60.5,50.8,108.2,100.3,239,213,4,2,1,0,2.86,2.9,3.27,H,3,0
1976,2019-20,18/10/2019,3,20:00,Goodison Park,31466,Robert Jones,Cloudy,12.5,42,Cup,Everton,Nottm Forest,Sean Dyche,Nuno Espirito Santo,3-4-3,3-5-2,,defense,bad,good,0,1,1,2,32,50;54,12,13,6,2,50.0,15.4,1.34,2.44,-0.34,-0.44,,45.7,592,350,81.0,82.6,26,40,11,8,0,0,6,16,0,0,1,0,1,0,11,15,2,1,0,0,6,4,0,5,2,1,16,,13,,28,23,2,2,5,6,8,6,17.9,,15,13,65.1,65.8,102.3,102.4,230,145,3,6,1,0,2.14,4.2,3.41,A,,3
762,2021-22,2021-08-13,37,17:30,Goodison Park,33687,Andy Madley,Cloudy,10.2,43,League,Everton,Manchester United,Sean Dyche,Erik ten Hag,4-3-2-1,5-4-1,defense,balanced,average,bad,0,0,,0,64;72,none,16,13,6,7,37.5,53.8,1.5,0.1,0.5,-0.1,49.2,50.8,521,304,82.9,84.0,53,38,10,9,1,0,?,16,0,0,1,,1,0,20,10,4,2,,0,2,4,7,4,0,2,23,24,6,14,30,21,2,9,15,5,24,15,36.5,22.4,5,6,48.5,71.7,103.9,111.8,199,225,5,3,0,0,2.91,3.78,2.55,H,3,0
1291,2022-23,2022-11-17,28,16:30,Craven Cottage,20033,Paul Tierney,Sunny,8.0,88,League,Fulham,Brentford,Marco Silva,Thomas Frank,3-5-2,4-2-3-1,balanced,attack,good,good,0,0,2,1,14;29x,,9,15,8,3,88.9,20.0,1.37,1.14,0.63,-0.14,47.5,52.5,592,364,83.7,81.5,43,40,11,2,1,1,21,12,0,,0,0,0,0,N/A,17,4,3,0,1,1,4,2,6,1,2,24,17,16,10,14,36,10,6,14,15,15,19,38.5,22.6,5,18,54.8,55.3,111.9,106.1,202,162,1,2,0,0,2.37,5.49,2.53,H,3,0
1823,2023-24,2024-03-13,19,19:45,Turf Moor,16778,Andy Madley,Cloudy,2.7,50,Relegation 6-pointer,Burnley,Sheffield United,Vincent Kompany,Chris Wilder,4-1-4-1,5-4-1,defense,defense,average,average,0,0,3,1,12;31;32,81,19,11,4,1,N/A,9.1,2.51,1.17,0.49,-0.17,48.2,,612,N/A,74.2,72.3,37,58,8,2,1,1,13,9,1,0,0,0,0,0,10,7,2,2,0,0,4,3,0,1,,3,18,22,18,18,30,,10,5,18,22,23,10,null,35.5,14,5,57.7,65.6,104.5,110.3,275,258,1,3,1,1,2.73,3.33,3.01,H,3,0
639,2020-21,2021-03-16,37,17:30,Molineux Stadium,27227,Thomas Bramall,Light Rain,17.0,78,League,Wolves,Luton Town,Gary O'Neil,Rob Edwards,4-1-4-1,4-3-2-1,defense,defense,good,good,3,1,3,1,62;73+5;74+3,79,16,8,6,4,37.5,50.0,2.55,1.47,0.45,-0.47,61.9,38.1,452,515,80.7,75.6,-63,33,9,8,0,,12,16,0,0,0,1,0,0,14,19,3,2,0,0,5,3,3,3,1,3,24,23,15,17,13,24,5,3,23,21,21,10,15.9,39.0,20,18,73.0,49.5,109.1,113.1,269,250,2,2,0,0,2.21,3.48,3.83,H,3,0
265,2019-20,2020-02-12,1,19:45,Tottenham Hotspur Stadium,54477,Chris Kavanagh,Clear,-6.9,82,Title race,Tottenham,Luton Town,Ange Postecoglou,Rob Edwards,3_4_3,3-5-2,attack,defense,,average,2,0,4,0,4;36;58;64,none,19,11,10,7,52.6,,3.95,0.26,0.05,-0.26,##,30.5,674,574,81.1,75.1,65,45,10,N/A,1,0,19,16,2,0,0,0,0,,6,15,2,1,0,0,4,?,7,6,0,4,25,25,18,12,25,27,4,3,21,11,16,12,33.5,35.3,8,11,42.4,68.4,104.7,101.2,219,174,1,3,3,0,1.96x,6.43,2.99,H,3,0
1598,2023-24,2023-10-01,17,20:00,Kenilworth Road,9586,Anthony Taylor,Light Rain,19.8,,League,Luton Town,West Ham,Rob Edwards,David Moyes,4-3-2-1,4-2-3-1,balanced,defense,bad,good,0,1,0,,none,43+4;67,12,15,10,8,83.3,53.3,0.1,2.24,-0.1,-0.24,46.2,53.8,442,454,75.4,81.6,51,55,2,8,0,1,14,19,0,0,0,1,0,1,11,15,0,0,0,0,2,4,6,10,2,,26,19,18,nan,40,20,2,9,16,14,11,11,27.0,19.9,6,14,,65.9,109.0,107.9,198,184,2,0,1,0,2.46,6.26,2.3,A,0,3
1358,2022-23,2023-01-04,13,14:05,Stamford Bridge,39688,Robert Jones,Overcast,14.2,50,Derby,Chelsea,Burnley,Mauricio Pochettino,Vincent Kompany,3-4-3,3-4-3,balanced,def,average,good,1,0,1,1,41,50,17,-9,5,4,29.4,44.4,1.36,0.98,-0.36x,0.02,67.2,32.8,658,300,82.5,73.5,40,75,3,7,N/A,0,11,14,1,0,0,2,0,1,9,16,2,2,0,0,5,1,3,4,1,1,15,16,6,5,32,11,11,6,17,22,,18,16.8,41.3,15,10,nan,53.0,117.1,106.0,174,,0,1,3,0,2.31,3.45,3.6,D,1,1
2064,2021-22,20/11/2021,15,14:05,London Stadium,56882,Robert Jones,Light Rain,9.7,72,Relegation 6-pointer,West Ham,Crystal Palace,David Moyes,Oliver Glasner,4-1-4-1,4-1-4-1,defense,defense,bad,average,0,0,N/A,1,90,24,19,6,10,2,52.6,33.3,1.33,1.43,-0.33,-0.43,47.4,52.6,461,278,80.6,77.2,54,35,9,3,0,0,13,16,0,0,0,2,0,1,11,11,2,2,0,0,3,0,1,9,1,1,16,17,10,15,37,15,4,6,5,8,21,16,16.3,43.9,9,11,57.5,50.5,105.2,117.2,199,154,0,2,0,0,2.49,3.99,2.88,D,1,1
351,2019-20,2020-04-11,18,19:45,Emirates Stadium,,Stuart Attwell,Foggy,6.9,63,Derby,Arsenal,Wolves,Mikel Arteta,Gary O'Neil,3-5-2,4-3-2-1,ATTACK,defense,good,bad,0,0,2,1,43;52,24,16,6,5,2,31.2,33.3,2.37,1.08,-0.37,-0.08,60.4,39.6,473,412,84.3,77.3,58,45,10,9,1,,21,9,0,1,1,0,1,0,10,20,2,2,,0,6,4,1,3,1,2,26,17,12,16,28,11,11,8,11,5,15,19,26.9,33.0,20,15,56.6,58.5,105.7,105.8,,154,4,4,1,0,1.93,6.84,2.98,H,3,0
1766,2023-24,2024-01-30,17,17:30,Craven Cottage,23407,David Coote,Light Rain,7.5,59,League,Fulham,Luton Town,Marco Silva,Rob Edwards,4-3-3,3-4-3,balanced,attack,good,average,1,0,3,2,5;47;54,1+5;76,16,16,10,7,62.5,43.8,3.46,2.22,-0.46,-0.22,61.5,38.5,335,382,76.2,77.2,30,72,5,8,1,,9,6,0,0,1,0,1,0,7,17,4,2,1,0,0,0,5,7,2,3,28,19,6,7,24,27,7,6,11,5,24,21,27.0,32.8,15,6,57.7,57.7,106.5,106.5,248,256,4,3,1,0,2.65,3.02,3.44,H,3,0
2052,2019-20,2019-09-07,28,17:30,City Ground,null,Michael Oliver,Sunny,15.4,92,Derby,Nottm Forest,Burnley,Nuno Espirito Santo,Vincent Kompany,5-4-1,4-1-4-1,defense,defense,good,good,3,0,3,1,26;33;77,29,14,17,10,1,71.4,5.9,3.59,1.26,-0.59,-0.26,64.0,36.0,507,414,78.6,75.1,53,70,5,4,0,1,17,12,0,0,1,0,0,0,12,7,1,4,0,1,1,4,0,7,1,3,20,25,6,8,15,24,9,,12,16,13,14,30.0,38.8,18,7,,71.9,104.9,112.5,291,260,0,2,0,0,1.95,8.22,2.73,H,3,0
1578,2023-24,2023-09-23,25,14:05,Vitality Stadium,10301,Michael Oliver,Light Rain,16.7,95,Cup,Bournemouth,Nottm Forest,Andoni Iraola,Nuno Espirito Santo,4-4-2,3-5-2,attack,defense,good,average,0,1,4,2,11+4;44;47;88,39;83,19,8,10,8,52.6,100.0,null,2.46,1.2,-0.46,50.9,49.1%,469,635,74.2,74.9,65,45,2,2,0,1,13,6,0,0,1,0,1,0,18,11,2,2,0,0,3,3,6,6,2,4,21,12,19,11,18,26,3,6,5,21,9,4,36.6,24.2,20,12,46.6,50.2,110.6,104.6,181,199,2,2,2,1,2.39,3.65,3.25,H,3,0
1635,2023-24,2023-11-02,12,17:30,Amex Stadium,25265,Anthony Taylor,Rainy,18.6,66,Title race,Brighton,Arsenal,Roberto De Zerbi,Mikel Arteta,5-4-1,4-3-2-1,attack,attack,good,good,1,2,2,2,25;50,48;86,12,12,2,5,16.7,41.7,1.9,1.39,0.1,0.61,39.7,60.3,515,338,87.8,90.4,26,49,4,6,0,0,14,9,0,1,0,0,0,0,19,11,2,1,0,0,3,0,,0,2,2,22,23,11,17,38,28,7,3,20,9,14,19,28.6,26.2,14,6,##,56.5,103.3,109.3,286,284,4,3,1,nan,2.29,4.94,2.77,D,1,1
823,2021-22,2021-09-28,6,12:30,Emirates Stadium,48585,John Brooks,Rainy,23.7,66,Title race,Arsenal,Tottenham,Mikel Arteta,Ange Postecoglou,4-4-2,4-1-4-1,attack,ATTACK,bad,bad,0,0,6,1,8;40;58;84;85;86,50,17,8,8,4,47.1,50.0,5.22,1.28,0.78,-0.28,56.4,43.6,347,280,83.8,85.6,77,32,7,6,2,0,16,18,0,0,-2,1,2,1,17,18,2,,0,0,3,5,3,2,1,6,10,17,7,16,28,14,4,5,11,?,6,11,37.8,29.7x,9,13,,53.9,114.1,108.4,256,261,3,,2,1,2.47,3.35,3.37,H,3,0
1079,2021-22,2022-03-29,7,19:45,Old Trafford,64747,Jarred Gillett,Clear,12.0,,Cup,Manchester United,Brentford,Erik ten Hag,Thomas Frank,4-3-2-1,4-2-3-1,BALANCED,attack,average,average,2,1,3,2,66;70;88,13;20,19,6,4,6,21.1,100.0,2.49,2.3,0.51,-0.3,53.0,47.0,579,596,87.2,84.2,77,32,5,1,2,1,20,7,0,0,0,0,0,0,15,12,2,4,0,0,1,,4,1,2,3,10,?,6,14,14,22,11,4,20,15,23,19,43.8,,11,11,56.4,47.8,109.6,111.6,214,225,0,2,1,0,2.35,3.37,3.6,H,3,0
38,2019-20,03/09/2019,4,15:00,Molineux Stadium,31788,Anthony Taylor,Overcast,8.2,44,Relegation 6-pointer,Wolves,Arsenal,Gary O'Neil,Mikel Arteta,4-3-2-1,3-5-2,defense,attack,bad,average,0,3,0,3,none,33;49;74,,17,4,8,21.1,47.1,0.3,,-0.3,-1.21,40.3,59.7,446,455,,88.4,21,22,11,6,0,2,22,5,0,0,0,0,0,0,10,11,2,4,0,0,2,2,5,4,3,0,20,20,14,7,28,35,3,9,10,5,22,14,44.5,43.1,8,4,53.1,72.0,109.7,97.2,214,276,3,2,0,0,2.85,4.61,2.32,A,0,3
1363,2022-23,2023-01-09,32,17:30,City Ground,23540,Anthony Taylor,Rainy,-12.5,85,League,Nottm Forest,Burnley,Nuno Espirito Santo,Vincent Kompany,4-2-3-1,3-5-2,DEFENSE,defense,average,good,1,0,2,0,48;56,none,15,8,10,3,66.7,37.5,2.01,0.41,-0.01,-0.41,57.7,42.3,676,551,75.7,null,35,24,8,9,2,0,N/A,19,0,0,0,0,0,0,13,15,0,3,0,0,0,4,3,8,0,2,11,14,12.0,15,15,26,6,4,6,19,20,5,37.5,37.9,13,11,49.2,,106.3,106.9,195,181,1,3,1,0,2.25,5.78,2.62,H,3,0
1901,2021-22,2022-01-10,30,12:30,St. James' Park,50279,Michael Oliver,Sunny,22.6,40,Cup,Newcastle,Tottenham,Eddie Howe,Ange Postecoglou,3-4-3,4-3-2-1,defense,attack,,good,0,3,2,4,76;79,?,13,14,,3,15.4,21.4,2.16,4.67,-0.16,-0.67,51.1,48.9,467,259,86.6,84.6,34,,9,3,2,0,6,20,0,0,0,1,0,1,7,N/A,4,2,0,0,2,2,0,0,4,2,16,23,5,,36,35,7,4,15,6,13,8,N/A,21.9,13,18,47.3,,113.9,102.6,164,262,0,3,1,1,,6.01,2.42,A,0,3
1495,2022-23,2023-04-11,28,14:05,Villa Park,34878,Robert Jones,Sunny,7.3,N/A,Title race,Aston Villa,Luton Town,Unai Emery,Rob Edwards,3-4-3,3-4-3,attack,defense,good,bad,0,,1,1,49,69,9,17,5,1,55.6,5.9,1.47,1.2,-0.47,-0.2,60.1,39.9,323,507,85.0,71.6,73,55,5,1,1,0,16,16,1,1,0,2,0,0,,6,3,2,1,0,1,5,0,4,1,1,22,25,16,15,34,10,5,3,25,11,5,21,32.8,18.4,10,12,69.8,57.5,109.1,,227,208,2,4,1,1,2.42x,2.83,4.3,D,1,1
1123,2021-22,2022-04-27,32,16:30,Vitality Stadium,8541,John Brooks,Cloudy,13.4,64,League,Bournemouth,Newcastle,Andoni Iraola,Eddie Howe,4-1-4-1,4-4-2,attack,defense,good,good,3,0,3,3,38;59;60,16;26;68,9,9,9,3,100.0,33.3,3.06,3.18,-0.06,-0.18,49.1,50.9,495,306,75.9,84.0,43,47,2,4,2,2,12,15,0,0,0,0,0,0,15,11,1,2,0,0,1,3,0,6,3,3,26,25,13,11,16,12,9,3,12,21,18,17,30.9,19.6,14,13,44.6,56.3,109.0,104.4,236,166,4,3,1,1,2.42,nan,##,D,1,1
27,2019-20,2019-08-30,20,17:30,St. James' Park,44638,Anthony Taylor,Cloudy,16.7,47,League,Newcastle,Fulham,Eddie Howe,Marco Silva,4-2-3-1,4-2-3-1,defense,balanced,,Avg,0,0,3,1,37;48;88,62,16,11,4,3,25.0,27.3,4.05,1.08,-1.05,-0.08,,39.7,414,492,88.1,78.2,57,36,,1.0,0,0,15,7,0,0,1,0,1,0,20,13,3,2,0,0,3,,2,1,1,3,13,27,15,11,38,23,9,9,10,9,13,22,26.0,31.6,15,6,N/A,43.1,106.6,108.3,185,267,2,3,2,1,2.47,3.92,2.94,H,3,0
1731,2023-24,2024-01-07,31,16:30,Stamford Bridge,34366,Chris Kavanagh,Rainy,14.4,47,League,Chelsea,Aston Villa,Mauricio Pochettino,Unai Emery,4-4-2,4-3-3,balanced,balanced,average,average,,0,1,2,46,14;36,8,16,7,6,87.5,37.5,0.99,2.79,0.01,-0.79,53.2,46.8,490,430,88.9,82.4,48,50,9,4,1,2,17,9,0,0,0,0,0,0,14,7,2,3,0,0,6,1,4,6,2,1,22,10,5,16,34,17,2,4,9,15,8,18,23.5,15.7,7,9,50.9,64.8,104.9,112.9,229,224,2,6,N/A,1,2.71,,2.55,A,0,3
734,2020-21,2021-05-19,24,16:30,Kenilworth Road,9161,Thomas Bramall,Light Rain,15.7,75,League,Luton Town,Manchester United,Rob Edwards,Erik ten Hag,4-3-3,5-4-1,defense,balanced,good,poor,0,1,0,2,none,11;22+4,13,6,5,5,38.5,83.3,,2.28,-0.1,-0.28,30.7,69.3,661,452,72.9,86.2,38,64,9,8,0,0,13,5,0,0,0,0,0,0,8,14,4,3,0,0,0,0,3,5,2,0,28,16,19,6,31,12,8,3,21,19,,21,34.1,33.9,11,,67.0,53.3,108.1,-,266,240,1,2,0,0,2.59,4.17,2.67,A,0,3
953,2021-22,2021-12-28,38,14:05,Kenilworth Road,8647,Paul Tierney,Windy,12.8,53,Derby,Luton Town,Aston Villa,Rob Edwards,Unai Emery,4-1-4-1,3-5-2,,attack,average,good,0,2,0,2,none,72;81,15,10,4,-1,26.7,20.0,0.1,2.3,-0.1,,42.0,58.0,568,498,72.5,84.4,41,42,8,2,0,1,10,12,0,0,0,0,0,0,12,9,2,1,0,0,3,4,0,4,2,0,12,12,12,17,15,-35,10,,,20,16,18,23.8,26.6,15,14,46.5,50.3,112.0,109.3,152,237,2,4,1.0,0,2.61,5.43,2.31,A,0,3
681,2020-21,2021-04-14,38,16:30,Goodison Park,32226,Paul Tierney,Foggy,9.3,52,Relegation 6-pointer,Everton,Burnley,Sean Dyche,Vincent Kompany,4-3-3,4-3-2-1,defense,defense,good,average,0,0,2,0,10;75,none,8,,7,5,87.5,45.5,2.16,0.34,-0.16,-0.34,57.2,42.8,679,539,74.3,78.0,32,40,2,3,2,0,7,5,0,0,1,0,0,0,9,11,1,,0,1,1,5,5,5,0,,12,18,14,16,35,37,2,6,13,22,24,11,20.1,35.7,13,12,56.1,51.8,109.6,103.4,299,201,3,5,0,0,2.11,6.18,2.74,H,3,0
15,2019-20,2019-08-19,2,12:30,London Stadium,52865,Robert Jones,Light Rain,##,73,Top 4 battle,West Ham,Bournemouth,David Moyes,Andoni Iraola,,4-3-3,defense,attack,average,good,0,0,0,2,none,4;32,17,6,8,5,47.1,83.3,0.32,2.64,-0.32,-0.64,58.1,41.9,468,330,78.0,74.8,,56,,9,0,1,17,18,0,0,1,0,0,0,15,,1,2,0,nan,0,5,3,N/A,2,0,18,21,13,7,27,23,3,7,13,5,9,11,27.0,44.4,5,13,44.7,41.9,102.9,106.9,196,-206,4,2,3,2,-,6.75,2.6,A,0,3
2098,2021-22,2021-10-07,23,15:00,Gtech Community Stadium,16655,David Coote,Windy,17.1,94,Cup,Brentford,Aston Villa,Thomas Frank,Unai Emery,3-5-2,4-2-3-1,attack,attack,average,average,0,0,4,2,18;23;76;89,19;79+3,10,11,5,4,50.0,36.4,2.97,2.4,1.03,-0.4,45.7,54.3,372,514,82.9,81.7,50,75,6,5,1,2,22,10,0,0,1,0,1,0,20,17,1,3,0,?,1,2,2,1,2,4,22,14,10,12,20,19,4,4,14,18,22,20,21.2,-,14,17,61.8,70.6,110.6,106.9,181,175,2,4,1,0,2.21,5.93,2.64,H,3,0
249,2019-20,2020-01-29,15,20:00,Tottenham Hotspur Stadium,55753,John Brooks,Rainy,9.6,50,League,Tottenham,Bournemouth,Ange Postecoglou,Andoni Iraola,4-3-2-1,4-1-4-1,attack,attack,bad,bad,1,0,1,1,24,4,12,11,2,8,16.7,72.7,1.01,1.25,-0.01,-0.25,64.9,35.1,323,291,81.2,75.9,71,31,10,2,1,1,19,14,0,1,1,0,0,0,N/A,12,2,2,0,1,1,5,7,1,1,1,25,12,,15,37,18,5,7,12,15,7,12,42.2,33.9,12,5,45.4,##,111.4,105.3,154,166,3,2,0,0,2.46,4.1,2.86,D,1,1
2078,2022-23,2022-08-09,12,15:00,Goodison Park,30136,Anthony Taylor,Foggy,9.6,93,Relegation 6-pointer,Everton,Liverpool,Sean Dyche,Jurgen Klopp,4-2-3-1,4-2-3-1,def,attack,average,bad,0,0,0,2,none,34;47,-3,14,10,2,100.0,14.3,0.1,1.94,-0.1,0.06,33.0,67.0,688,277,77.2,,31,47,11,3,0,2,11,11,0,0,0,0,0,0,19,19,1,3,0,0,,4,0,10,2,0,15,28,8,14,32,19,12,7,7,18,19,16,44.3,21.7,10,9,55.8,51.1,103.4,98.9,171,,2,,0,0,3.28,3.81,2.31,A,0,3
1051,2021-22,2022-03-06,10,12:30,London Stadium,60422,Simon Hooper,Overcast,14.2,85,League,West Ham,Sheffield United,David Moyes,Chris Wilder,3-4-3,,defense,defense,bad,average,1,2,1,2,39,57;81,12,7,3,4,25.0,57.1,1.55,1.55,-0.55,0.45,66.9,33.1,520,617,84.0,74.0,44,72,10,3,,2,8,20,0,0,0,0,0,0,9,15,3,2,0,0,3,0,2,2,2,1,15,,16,14,29,37,,2.0,13,,13,6,30.6,##,6,15,68.5,,103.7,103.1,nan,N/A,3,5,3,2,2.09,3.95,3.71,A,0,3
